timestamp_ms,distance_cm,valid_samples,ground_truth
0,30.31,7,30
100,30.32,7,30
200,30.31,7,30
300,30.31,7,30
400,30.31,7,30
500,30.32,7,30
600,30.31,7,30
700,30.32,7,30
800,30.31,7,30
900,30.31,7,30
1000,30.31,7,30
1100,30.31,7,30
1200,30.32,7,30
1300,30.32,7,30
1400,30.31,7,30
1500,30.32,7,30
1600,30.31,7,30
1700,30.32,7,30
1800,30.31,7,30
1900,30.31,7,30
2000,30.31,7,30
2100,30.32,7,30
2200,30.32,7,30
2300,30.32,7,30
2400,30.32,7,30
2500,30.31,7,30
2600,30.31,7,30
2700,30.31,7,30
2800,30.31,7,30
2900,30.31,7,30
3000,30.31,7,30
3100,30.31,7,30
3200,30.31,7,30
3300,30.31,7,30
3400,30.31,7,30
3500,30.31,7,30
3600,30.31,7,30
3700,30.31,7,30
3800,30.31,7,30
3900,30.32,7,30
4000,30.31,7,30
4100,30.32,7,30
4200,30.32,7,30
4300,30.32,7,30
4400,30.32,7,30
4500,30.31,7,30
4600,30.31,7,30
4700,30.31,7,30
4800,30.31,7,30
4900,30.31,7,30
5000,30.31,7,30
5100,30.31,7,30
5200,30.31,7,30
5300,30.32,7,30
5400,30.43,7,30
5500,30.32,7,30
5600,30.31,7,30
5700,30.63,7,30
5800,30.84,7,30
5900,30.84,7,30
6000,30.84,7,30
6100,30.84,7,30
6200,30.84,7,30
6300,30.84,7,30
6400,30.84,7,30
6500,30.84,7,30
6600,30.82,7,30
6700,30.84,7,30
6800,30.84,7,30
6900,30.82,7,30
7000,30.84,7,30
7100,30.84,7,30
7200,30.82,7,30
7300,30.84,7,30
7400,30.84,7,30
7500,30.82,7,30
7600,30.41,7,30
7700,30.31,7,30
7800,30.31,7,30
7900,30.31,7,30
8000,30.34,7,30
8100,30.31,7,30
8200,29.79,7,30
8300,29.79,7,30
8400,30.42,7,30
8500,30.58,7,30
8600,29.29,7,30
8700,29.89,7,30
8800,30.05,7,30
8900,30.06,7,30
9000,30.05,7,30
9100,30.05,7,30
9200,30.37,7,30
9300,30.05,7,30
9400,30.05,7,30
9500,30.05,7,30
9600,30.05,7,30
9700,30.05,7,30
9800,29.74,7,30
9900,30.31,7,30
10000,30.58,7,30
10100,29.95,7,30
10200,29.79,7,30
10300,30.84,7,30
10400,30.31,7,30
10500,30.32,7,30
10600,30.84,7,30
10700,30.84,7,30
10800,30.84,7,30
10900,30.84,7,30
11000,30.84,7,30
11100,30.84,7,30
11200,30.84,7,30
11300,30.36,7,30
11400,30.23,7,30
11500,30.52,7,30
11600,30.05,7,30
11700,30.05,7,30
11800,30.05,7,30
11900,30.05,7,30
12000,30.05,7,30
12100,30.07,7,30
12200,31.37,7,30
12300,30.91,7,30
12400,30.73,7,30
12500,30.9,7,30
12600,30.58,7,30
12700,30.58,7,30
12800,30.57,7,30
12900,30.39,7,30
13000,30.05,7,30
13100,30.05,7,30
13200,30.05,7,30
13300,30.05,7,30
13400,30.82,7,30
13500,30.84,7,30
13600,30.63,7,30
13700,30.32,7,30
13800,30.32,7,30
13900,30.31,7,30
14000,30.31,7,30
14100,30.16,7,30
14200,29.79,7,30
14300,29.79,7,30
14400,29.79,7,30
14500,30.42,7,30
14600,30.26,7,30
14700,29.79,7,30
14800,29.79,7,30
14900,30.18,7,30
15000,30.31,7,30
15100,30.43,7,30
15200,30.84,7,30
15300,30.84,7,30
15400,30.84,7,30
15500,30.37,7,30
15600,30.05,7,30
15700,30.28,7,30
15800,30.58,7,30
15900,30.57,7,30
16000,30.57,7,30
16100,30.58,7,30
16200,30.58,7,30
16300,30.58,7,30
16400,30.59,7,30
16500,30.6,7,30
16600,30.05,7,30
16700,30.05,7,30
16800,30.05,7,30
16900,30.23,7,30
17000,30.84,7,30
17100,30.84,7,30
17200,30.84,7,30
17300,30.32,7,30
17400,30.31,7,30
17500,30.35,7,30
17600,29.79,7,30
17700,29.79,7,30
17800,29.78,7,30
17900,29.79,7,30
18000,29.79,7,30
18100,29.79,7,30
18200,29.78,7,30
18300,29.79,7,30
18400,29.79,7,30
18500,29.81,7,30
18600,30.33,7,30
18700,30.31,7,30
18800,30.32,7,30
18900,30.73,7,30
19000,30.84,7,30
19100,30.84,7,30
19200,30.21,7,30
19300,30.05,7,30
19400,30.73,7,30
19500,30.85,7,30
19600,30.87,7,30
19700,30.74,7,30
19800,30.58,7,30
19900,30.6,7,30
20000,30.57,7,30
20100,30.58,7,30
20200,30.6,7,30
20300,30.05,7,30
20400,30.05,7,30
20500,30.82,7,30
20600,30.82,7,30
20700,30.84,7,30
20800,30.42,7,30
20900,30.31,7,30
21000,30.31,7,30
21100,30.31,7,30
21200,30.31,7,30
21300,30.31,7,30
21400,30.31,7,30
21500,30.32,7,30
21600,30.21,7,30
21700,29.79,7,30
21800,29.79,7,30
21900,30.33,7,30
22000,31.11,7,30
22100,31.11,7,30
22200,30.32,7,30
22300,30.32,7,30
22400,30.53,7,30
22500,30.84,7,30
22600,30.84,7,30
22700,30.84,7,30
22800,30.37,7,30
22900,30.05,7,30
23000,30.05,7,30
23100,30.33,7,30
23200,31.06,7,30
23300,30.6,7,30
23400,30.58,7,30
23500,30.58,7,30
23600,30.58,7,30
23700,30.58,7,30
23800,30.58,7,30
23900,30.58,7,30
24000,30.58,7,30
24100,30.6,7,30
24200,31.36,7,30
24300,30.57,7,30
24400,30.05,7,30
24500,30.37,7,30
24600,30.84,7,30
24700,30.84,7,30
24800,30.63,7,30
24900,30.31,7,30
25000,30.31,7,30
25100,30.31,7,30
25200,30.31,7,30
25300,30.32,7,30
25400,30.32,7,30
25500,30.32,7,30
25600,31.1,7,30
25700,30.32,7,30
25800,30.32,7,30
25900,30.31,7,30
26000,30.31,7,30
26100,30.32,7,30
26200,30.31,7,30
26300,30.31,7,30
26400,30.31,7,30
26500,30.32,7,30
26600,30.32,7,30
26700,30.31,7,30
26800,30.31,7,30
26900,30.31,7,30
27000,30.31,7,30
27100,30.31,7,30
27200,30.53,7,30
27300,30.84,7,30
27400,30.84,7,30
27500,30.84,7,30
27600,30.84,7,30
27700,30.68,7,30
27800,30.68,7,30
27900,30.84,7,30
28000,30.07,7,30
28100,30.05,7,30
28200,30.05,7,30
28300,30.05,7,30
28400,30.05,7,30
28500,30.05,7,30
28600,30.05,7,30
28700,30.05,7,30
28800,30.05,7,30
28900,30.05,7,30
29000,30.05,7,30
29100,30.05,7,30
29200,30.05,7,30
29300,30.05,7,30
29400,30.05,7,30
29500,30.05,7,30
29600,30.06,7,30
29700,30.58,7,30
29800,30.06,7,30
29900,31.19,7,30
30000,30.15,7,30
30100,30.05,7,30
30200,30.05,7,30
30300,30.37,7,30
30400,30.05,7,30
30500,30.05,7,30
30600,30.05,7,30
30700,30.05,7,30
30800,30.05,7,30
30900,30.05,7,30
31000,30.08,7,30
31100,30.84,7,30
31200,30.37,7,30
31300,30.05,7,30
31400,30.05,7,30
31500,30.37,7,30
31600,30.84,7,30
31700,30.84,7,30
31800,30.84,7,30
31900,30.24,7,30
32000,30.07,7,30
32100,30.05,7,30
32200,30.05,7,30
32300,30.05,7,30
32400,30.05,7,30
32500,30.33,7,30
32600,30.58,7,30
32700,30.05,7,30
32800,30.52,7,30
32900,30.58,7,30
33000,30.57,7,30
33100,30.58,7,30
33200,30.58,7,30
33300,30.58,7,30
33400,30.58,7,30
33500,30.58,7,30
33600,30.57,7,30
33700,30.58,7,30
33800,30.59,7,30
33900,30.58,7,30
34000,30.05,7,30
34100,30.05,7,30
34200,30.05,7,30
34300,30.2,7,30
34400,30.84,7,30
34500,30.84,7,30
34600,30.83,7,30
34700,30.84,7,30
34800,30.84,7,30
34900,30.84,7,30
35000,30.84,7,30
35100,30.52,7,30
35200,30.05,7,30
35300,30.05,7,30
35400,30.05,7,30
35500,30.07,7,30
35600,30.57,7,30
35700,30.57,7,30
35800,30.58,7,30
35900,30.57,7,30
36000,30.57,7,30
36100,30.58,7,30
36200,30.58,7,30
36300,30.58,7,30
36400,30.58,7,30
36500,30.58,7,30
36600,30.58,7,30
36700,30.58,7,30
36800,30.57,7,30
36900,31.2,7,30
37000,30.73,7,30
37100,30.74,7,30
37200,30.31,7,30
37300,30.05,7,30
37400,30.23,7,30
37500,30.04,7,30
37600,30.05,7,30
37700,30.05,7,30
37800,30.23,7,30
37900,30.05,7,30
38000,30.37,7,30
38100,30.84,7,30
38200,30.68,7,30
38300,30.21,7,30
38400,30.05,7,30
38500,30.05,7,30
38600,30.57,7,30
38700,31.36,7,30
38800,31.06,7,30
38900,30.57,7,30
39000,30.58,7,30
39100,30.57,7,30
39200,30.57,7,30
39300,30.58,7,30
39400,30.58,7,30
39500,30.58,7,30
39600,30.57,7,30
39700,30.57,7,30
39800,30.58,7,30
39900,30.58,7,30
40000,30.58,7,30
40100,30.58,7,30
40200,30.28,7,30
40300,30.05,7,30
40400,30.05,7,30
40500,30.05,7,30
40600,30.05,7,30
40700,30.05,7,30
40800,30.05,7,30
40900,30.05,7,30
41000,30.05,7,30
41100,30.05,7,30
41200,30.05,7,30
41300,30.05,7,30
41400,30.05,7,30
41500,30.05,7,30
41600,30.05,7,30
41700,30.05,7,30
41800,30.05,7,30
41900,30.05,7,30
42000,30.05,7,30
42100,30.05,7,30
42200,30.06,7,30
42300,30.05,7,30
42400,30.37,7,30
42500,30.84,7,30
42600,30.52,7,30
42700,30.05,7,30
42800,30.05,7,30
42900,30.05,7,30
43000,30.05,7,30
43100,30.07,7,30
43200,31.2,7,30
43300,31.03,7,30
43400,30.58,7,30
43500,30.57,7,30
43600,30.58,7,30
43700,30.57,7,30
43800,30.57,7,30
43900,30.57,7,30
44000,30.58,7,30
44100,30.58,7,30
44200,30.58,7,30
44300,30.6,7,30
44400,31.21,7,30
44500,31.21,7,30
44600,31.2,7,30
44700,30.05,7,30
44800,30.05,7,30
44900,30.05,7,30
45000,30.05,7,30
45100,30.05,7,30
45200,30.05,7,30
45300,30.06,7,30
45400,30.05,7,30
45500,30.84,7,30
45600,30.07,7,30
45700,30.05,7,30
45800,30.05,7,30
45900,30.05,7,30
46000,30.05,7,30
46100,30.07,7,30
46200,30.58,7,30
46300,30.6,7,30
46400,31.34,7,30
46500,31.36,7,30
46600,31.36,7,30
46700,31.34,7,30
46800,31.35,7,30
46900,31.37,7,30
47000,31.37,7,30
47100,31.34,7,30
47200,30.05,7,30
47300,30.05,7,30
47400,30.05,7,30
47500,30.58,7,30
47600,31.37,7,30
47700,31.36,7,30
47800,30.58,7,30
47900,30.58,7,30
48000,31.36,7,30
48100,30.74,7,30
48200,30.58,7,30
48300,30.57,7,30
48400,30.58,7,30
48500,31.62,7,30
48600,31.89,7,30
48700,30.86,7,30
48800,30.58,7,30
48900,30.58,7,30
49000,30.58,7,30
49100,30.58,7,30
49200,30.58,7,30
49300,30.58,7,30
49400,31.05,7,30
49500,31.37,7,30
49600,31.37,7,30
49700,31.37,7,30
49800,30.58,7,30
49900,30.07,7,30
50000,30.05,7,30
50100,30.52,7,30
50200,30.84,7,30
50300,30.84,7,30
50400,30.84,7,30
50500,30.84,7,30
50600,30.84,7,30
50700,30.74,7,30
50800,30.72,7,30
50900,30.84,7,30
51000,30.84,7,30
51100,30.84,7,30
51200,30.84,7,30
51300,30.83,7,30
51400,30.84,7,30
51500,30.36,7,30
51600,30.99,7,30
51700,31.36,7,30
51800,31.37,7,30
51900,31.36,7,30
52000,31.37,7,30
52100,31.36,7,30
52200,31.37,7,30
52300,31.37,7,30
52400,31.36,7,30
52500,31.36,7,30
52600,31.36,7,30
52700,31.37,7,30
52800,31.36,7,30
52900,31.35,7,30
53000,31.36,7,30
53100,31.36,7,30
53200,30.86,7,30
53300,30.84,7,30
53400,30.84,7,30
53500,30.84,7,30
53600,30.84,7,30
53700,30.84,7,30
53800,30.84,7,30
53900,30.84,7,30
54000,30.84,7,30
54100,30.84,7,30
54200,30.84,7,30
54300,30.84,7,30
54400,30.84,7,30
54500,30.86,7,30
54600,31.36,7,30
54700,31.36,7,30
54800,31.36,7,30
54900,31.36,7,30
55000,31.36,7,30
55100,31.37,7,30
55200,31.37,7,30
55300,31.36,7,30
55400,31.36,7,30
55500,31.37,7,30
55600,31.36,7,30
55700,31.36,7,30
55800,31.37,7,30
55900,31.36,7,30
56000,31.36,7,30
56100,31.15,7,30
56200,30.84,7,30
56300,30.84,7,30
56400,30.84,7,30
56500,30.84,7,30
56600,30.84,7,30
56700,31.31,7,30
56800,30.84,7,30
56900,30.84,7,30
57000,30.84,7,30
57100,30.84,7,30
57200,30.84,7,30
57300,30.84,7,30
57400,30.84,7,30
57500,30.84,7,30
57600,31.05,7,30
57700,31.37,7,30
57800,31.35,7,30
57900,31.36,7,30
58000,31.36,7,30
58100,31.36,7,30
58200,31.36,7,30
58300,31.36,7,30
58400,31.35,7,30
58500,31.36,7,30
58600,31.38,7,30
58700,31.37,7,30
58800,31.89,7,30
58900,32.39,7,30
59000,31.61,7,30
59100,31.31,7,30
59200,31.1,7,30
59300,31.42,7,30
59400,31.61,7,30
59500,31.51,7,30
59600,31.1,7,30
59700,30.68,7,30
59800,30.58,7,30
59900,30.57,7,30
60000,30.57,7,30
60100,30.58,7,30
60200,30.57,7,30
60300,30.58,7,30
60400,30.57,7,30
60500,30.57,7,30
60600,30.57,7,30
60700,30.57,7,30
60800,30.58,7,30
60900,30.6,7,30
61000,31.1,7,30
61100,31.1,7,30
61200,31.1,7,30
61300,31.1,7,30
61400,31.12,7,30
61500,31.61,7,30
61600,31.61,7,30
61700,31.61,7,30
61800,31.61,7,30
61900,31.61,7,30
62000,31.61,7,30
62100,31.61,7,30
62200,31.6,7,30
62300,31.61,7,30
62400,31.6,7,30
62500,32.24,7,30
62600,31.89,7,30
62700,31.62,7,30
62800,31.08,7,30
62900,31.73,7,30
63000,30.58,7,30
63100,30.6,7,30
63200,31.21,7,30
63300,31.36,7,30
63400,31.36,7,30
63500,31.06,7,30
63600,30.58,7,30
63700,31.36,7,30
63800,30.58,7,30
63900,30.58,7,30
64000,31.1,7,30
64100,31.26,7,30
64200,31.1,7,30
64300,31.12,7,30
64400,32.4,7,30
64500,32.15,7,30
64600,32.39,7,30
64700,32.39,7,30
64800,32.4,7,30
64900,32.39,7,30
65000,32.39,7,30
65100,32.38,7,30
65200,31.08,7,30
65300,31.26,7,30
65400,31.86,7,30
65500,31.87,7,30
65600,30.57,7,30
65700,31.06,7,30
65800,30.58,7,30
65900,30.05,7,30
66000,30.05,7,30
66100,30.05,7,30
66200,30.05,7,30
66300,30.05,7,30
66400,30.05,7,30
66500,30.05,7,30
66600,30.6,7,30
66700,31.05,7,30
66800,30.58,7,30
66900,31.89,7,30
67000,31.88,7,30
67100,32.09,7,30
67200,32.71,7,30
67300,32.57,7,30
67400,33.19,7,30
67500,32.4,7,30
67600,32.39,7,30
67701,31.12,7,30
67801,31.72,7,30
67901,31.88,7,30
68001,31.86,7,30
68101,31.86,7,30
68201,30.57,7,30
68301,30.58,7,30
68401,30.59,7,30
68501,30.91,7,30
68601,30.58,7,30
68701,30.58,7,30
68801,30.57,7,30
68901,30.58,7,30
69001,30.58,7,30
69101,30.58,7,30
69201,31.86,7,30
69301,32.15,7,30
69402,32.39,7,30
69502,32.39,7,30
69602,33.7,7,30
69703,32.4,7,30
69803,32.68,7,30
69903,33.7,7,30
70004,33.7,7,30
70104,32.4,7,30
70204,32.93,7,30
70305,32.67,7,30
70405,32.39,7,30
70505,32.4,7,30
70605,32.2,7,30
70705,31.87,7,30
70805,32.36,7,30
70905,32.04,7,30
71005,32.66,7,30
71105,32.65,7,30
71205,31.89,7,30
71305,31.35,7,30
71405,31.38,7,30
71505,31.34,7,30
71605,31.36,7,30
71706,31.35,7,30
71806,31.35,7,30
71906,31.36,7,30
72006,31.36,7,30
72106,31.37,7,30
72206,31.36,7,30
72306,31.37,7,30
72406,31.37,7,30
72506,31.36,7,30
72606,31.35,7,30
72706,31.37,7,30
72806,31.89,7,30
72906,32.5,7,30
73006,31.39,7,30
73106,31.36,7,30
73206,31.36,7,30
73306,31.36,7,30
73406,31.36,7,30
73506,31.36,7,30
73606,31.36,7,30
73706,31.36,7,30
73806,31.36,7,30
73906,31.57,7,30
74006,31.89,7,30
74106,31.88,7,30
74206,31.89,7,30
74306,31.88,7,30
74406,31.87,7,30
74506,31.89,7,30
74607,31.89,7,30
74707,31.89,7,30
74807,31.57,7,30
74907,31.08,7,30
75007,31.94,7,30
75107,31.61,7,30
75207,31.61,7,30
75307,31.62,7,30
75407,32.92,7,30
75507,32.92,7,30
75607,32.91,7,30
75707,31.89,7,30
75808,31.63,7,30
75908,32.93,7,30
76008,32.92,7,30
76108,32.91,7,30
76208,32.92,7,30
76308,32.92,7,30
76409,32.91,7,30
76509,32.91,7,30
76609,32.92,7,30
76710,32.91,7,30
76810,32.91,7,30
76911,32.92,7,30
77011,32.92,7,30
77111,33.7,7,30
77212,32.52,7,30
77312,32.42,7,30
77412,32.2,7,30
77512,32.4,7,30
77612,32.24,7,30
77712,31.61,7,30
77812,31.62,7,30
77912,31.89,7,30
78012,32.91,7,30
78112,32.3,7,30
78212,32.13,7,30
78312,32.91,7,30
78413,33.46,7,30
78513,34.22,7,30
78613,33.43,7,30
78714,34.22,7,30
78815,32.91,7,30
78916,32.92,7,30
79016,32.65,7,30
79116,31.61,7,30
79216,31.61,7,30
79316,31.61,7,30
79416,31.91,7,30
79516,32.1,7,30
79616,31.79,7,30
79716,32.4,7,30
79816,31.63,7,30
79916,31.89,7,30
80016,32.4,7,30
80116,32.24,7,30
80216,32.4,7,30
80316,31.79,7,30
80416,32.91,7,30
80516,32.91,7,30
80616,32.91,7,30
80717,32.91,7,30
80817,32.88,7,30
80917,32.46,7,30
81017,32.15,7,30
81117,32.13,7,30
81217,32.13,7,30
81317,32.13,7,30
81417,32.14,7,30
81517,32.16,7,30
81617,32.13,7,30
81717,31.71,7,30
81818,31.61,7,30
81918,31.61,7,30
82018,31.61,7,30
82118,31.1,7,30
82218,31.21,7,30
82318,31.93,7,30
82418,31.08,7,30
82518,31.1,7,30
82618,31.1,7,30
82718,31.1,7,30
82818,31.1,7,30
82918,31.1,7,30
83018,31.1,7,30
83118,31.11,7,30
83218,31.1,7,30
83318,31.1,7,30
83418,31.1,7,30
83518,31.21,7,30
83618,31.61,7,30
83718,31.61,7,30
83818,31.61,7,30
83918,31.61,7,30
84018,32.91,7,30
84118,32.91,7,30
84218,32.91,7,30
84318,32.46,7,30
84418,32.44,7,30
84519,33.46,7,30
84619,32.91,7,30
84720,32.92,7,30
84820,32.91,7,30
84920,32.13,7,30
85020,31.62,7,30
85120,31.61,7,30
85220,31.77,7,30
85320,31.92,7,30
85420,31.99,7,30
85520,31.1,7,30
85620,31.1,7,30
85720,31.1,7,30
85820,31.1,7,30
85920,31.1,7,30
86020,31.1,7,30
86120,31.1,7,30
86220,31.08,7,30
86320,31.1,7,30
86420,31.1,7,30
86520,31.1,7,30
86620,31.1,7,30
86720,31.21,7,30
86820,31.61,7,30
86920,31.6,7,30
87020,31.6,7,30
87120,32.65,7,30
87220,32.91,7,30
87320,32.91,7,30
87421,34.97,7,30
87521,35.36,7,30
87623,35.45,7,30
87724,34.99,7,30
87825,35.26,7,30
87927,33.93,7,30
88027,33.1,7,30
88127,33.71,7,30
88228,33.2,7,30
88328,32.39,7,30
88428,32.4,7,30
88529,31.37,7,30
88629,31.11,7,30
88730,31.1,7,30
88830,31.1,7,30
88930,31.1,7,30
89030,31.09,7,30
89130,30.6,7,30
89230,30.58,7,30
89330,30.58,7,30
89430,30.58,7,30
89530,30.58,7,30
89630,30.58,7,30
89730,31.1,7,30
89830,31.1,7,30
89930,31.6,7,30
90030,31.61,7,30
90130,31.61,7,30
90230,32.39,7,30
90330,33.74,7,30
90430,34.97,7,30
90532,34.49,7,30
90632,33.7,7,30
90732,33.7,7,30
90833,34.72,7,30
90934,34.21,7,30
91035,33.98,7,30
91136,34.47,7,30
91236,32.92,7,30
91337,32.28,7,30
91437,33.17,7,30
91537,31.86,7,30
91638,31.89,7,30
91738,31.51,7,30
91838,31.2,7,30
91938,31.04,7,30
92038,31.36,7,30
92138,31.36,7,30
92238,31.36,7,30
92338,30.58,7,30
92438,30.58,7,30
92538,30.58,7,30
92638,30.9,7,30
92738,30.57,7,30
92838,30.58,7,30
92938,30.58,7,30
93039,31.36,7,30
93139,31.83,7,30
93239,32.4,7,30
93339,32.4,7,30
93439,32.4,7,30
93539,32.4,7,30
93639,32.41,7,30
93739,32.39,7,30
93839,33.02,7,30
93940,32.94,7,30
94040,32.15,7,30
94140,31.86,7,30
94240,31.86,7,30
94340,31.88,7,30
94440,31.89,7,30
94540,30.84,7,30
94640,30.58,7,30
94740,30.74,7,30
94840,30.75,7,30
94940,31.21,7,30
95040,31.36,7,30
95140,31.36,7,30
95240,31.36,7,30
95340,31.36,7,30
95440,30.57,7,30
95540,30.73,7,30
95640,30.58,7,30
95740,30.57,7,30
95840,31.88,7,30
95940,31.86,7,30
96040,31.99,7,30
96140,32.39,7,30
96240,32.39,7,30
96340,32.39,7,30
96440,32.38,7,30
96540,32.41,7,30
96640,32.39,7,30
96740,31.63,7,30
96840,31.6,7,30
96940,31.63,7,30
97040,31.62,7,30
97140,31.61,7,30
97240,31.61,7,30
97340,31.61,7,30
97440,31.6,7,30
97540,31.61,7,30
97640,31.61,7,30
97740,31.6,7,30
97840,31.82,7,30
97940,31.12,7,30
98040,31.1,7,30
98140,31.1,7,30
98240,31.41,7,30
98340,31.87,7,30
98440,31.89,7,30
98540,31.88,7,30
98640,31.86,7,30
98740,31.89,7,30
98840,31.89,7,30
98940,31.86,7,30
99040,31.89,7,30
99140,31.73,7,30
99240,31.12,7,30
99340,31.1,7,30
99440,32.4,7,30
99540,32.24,7,30
99640,31.61,7,30
99740,31.61,7,30
99840,31.61,7,30
99940,31.61,7,30
100040,31.61,7,30
100140,31.64,7,30
100240,32.26,7,30
100340,31.48,7,30
100440,31.13,7,30
100540,31.11,7,30
100640,31.25,7,30
100740,31.89,7,30
100840,31.89,7,30
100940,31.87,7,30
101040,31.87,7,30
101140,31.86,7,30
101240,31.87,7,30
101340,31.89,7,30
101440,31.89,7,30
101540,31.86,7,30
101640,32.05,7,30
101740,32.15,7,30
101840,32.39,7,30
101940,32.4,7,30
102040,32.4,7,30
102140,32.41,7,30
102240,32.4,7,30
102341,32.13,7,30
102441,31.13,7,30
102541,31.36,7,30
102641,32.4,7,30
102741,32.13,7,30
102841,31.64,7,30
102941,31.1,7,30
103041,31.12,7,30
103141,31.12,7,30
103241,31.12,7,30
103341,31.1,7,30
103441,31.1,7,30
103541,31.1,7,30
103641,31.1,7,30
103741,31.12,7,30
103841,31.1,7,30
103941,31.62,7,30
104041,31.1,7,30
104141,31.09,7,30
104241,31.1,7,30
104341,31.1,7,30
104441,31.1,7,30
104541,31.1,7,30
104641,31.1,7,30
104741,31.12,7,30
104841,31.1,7,30
104941,31.12,7,30
105041,32.39,7,30
105141,32.25,7,30
105242,32.4,7,30
105342,31.78,7,30
105442,31.6,7,30
105542,31.61,7,30
105642,31.61,7,30
105742,31.61,7,30
105842,31.61,7,30
105942,31.61,7,30
106042,31.61,7,30
106142,31.61,7,30
106242,31.61,7,30
106342,31.61,7,30
106442,31.61,7,30
106542,31.61,7,30
106642,31.62,7,30
106742,32.39,7,30
106842,32.4,7,30
106942,32.39,7,30
107042,32.39,7,30
107142,31.11,7,30
107242,31.11,7,30
107342,31.1,7,30
107442,31.1,7,30
107542,31.1,7,30
107642,31.09,7,30
107742,31.1,7,30
107842,31.1,7,30
107942,31.86,7,30
108042,31.89,7,30
108143,32.15,7,30
108243,31.81,7,30
108343,31.61,7,30
108443,31.61,7,30
108543,31.61,7,30
108643,31.61,7,30
108743,31.63,7,30
108843,32.16,7,30
108943,31.12,7,30
109043,31.12,7,30
109143,31.62,7,30
109243,32.15,7,30
109343,31.61,7,30
109443,31.12,7,30
109543,32.04,7,30
109643,31.73,7,30
109743,31.63,7,30
109843,31.61,7,30
109943,31.61,7,30
110043,31.61,7,30
110143,31.61,7,30
110243,31.6,7,30
110343,31.46,7,30
110443,31.62,7,30
110543,31.36,7,30
110643,32.39,7,30
110743,32.39,7,30
110843,32.39,7,30
110943,32.08,7,30
111044,31.63,7,30
111144,31.61,7,30
111244,31.61,7,30
111344,31.61,7,30
111444,31.61,7,30
111544,31.61,7,30
111644,32.13,7,30
111744,32.12,7,30
111844,31.84,7,30
111944,31.82,7,30
112044,32.14,7,30
112144,31.52,7,30
112244,31.26,7,30
112344,30.86,7,30
112444,30.84,7,30
112544,31.62,7,30
112644,31.61,7,30
112744,31.61,7,30
112844,31.61,7,30
112944,31.61,7,30
113044,31.61,7,30
113144,31.61,7,30
113244,31.61,7,30
113344,31.61,7,30
113444,31.6,7,30
113544,31.61,7,30
113644,31.61,7,30
113744,31.61,7,30
113844,31.71,7,30
113944,31.36,7,30
114044,31.86,7,30
114144,32.15,7,30
114244,32.13,7,30
114344,32.13,7,30
114444,32.15,7,30
114544,32.13,7,30
114644,32.14,7,30
114744,31.37,7,30
114844,31.68,7,30
114944,31.61,7,30
115044,31.61,7,30
115144,31.61,7,30
115244,31.61,7,30
115344,31.94,7,30
115444,31.76,7,30
115544,32.39,7,30
115644,32.15,7,30
115744,32.39,7,30
115844,32.4,7,30
115944,31.79,7,30
116044,31.61,7,30
116144,31.62,7,30
116244,31.6,7,30
116344,31.61,7,30
116444,31.61,7,30
116544,31.72,7,30
116644,30.82,7,30
116744,30.86,7,30
116844,30.86,7,30
116944,30.84,7,30
117044,31.15,7,30
117144,31.61,7,30
117244,31.61,7,30
117344,31.61,7,30
117444,31.61,7,30
117544,31.61,7,30
117644,31.61,7,30
117744,31.08,7,30
117844,31.23,7,30
117944,31.42,7,30
118044,31.1,7,30
118144,31.1,7,30
118244,31.41,7,30
118344,31.61,7,30
118444,31.81,7,30
118544,31.94,7,30
118644,31.61,7,30
118744,31.63,7,30
118844,31.61,7,30
118944,31.61,7,30
119044,31.61,7,30
119144,31.62,7,30
119244,31.13,7,30
119344,30.84,7,30
119444,30.98,7,30
119544,31.02,7,30
119644,30.82,7,30
119744,30.84,7,30
119844,30.84,7,30
119944,31.02,7,30
120044,30.83,7,30
120144,31.02,7,30
120244,31.74,7,30
120344,31.61,7,30
120444,31.61,7,30
120544,31.62,7,30
120644,31.61,7,30
120744,31.61,7,30
120844,31.61,7,30
120944,31.61,7,30
121044,31.61,7,30
121144,31.62,7,30
121244,31.61,7,30
121344,31.61,7,30
121444,31.61,7,30
121544,31.61,7,30
121644,31.6,7,30
121744,31.6,7,30
121844,32.15,7,30
121944,31.63,7,30
122044,32.14,7,30
122144,32.76,7,30
122244,32.31,7,30
122344,32.14,7,30
122444,32.16,7,30
122544,33.44,7,30
122644,33.71,7,30
122746,33.09,7,30
122846,32.66,7,30
122946,33.15,7,30
123047,33.44,7,30
123147,33.44,7,30
123248,33.44,7,30
123348,34.23,7,30
123448,33.44,7,30
123550,31.89,7,30
123650,31.61,7,30
123750,32.4,7,30
123850,32.4,7,30
123950,32.94,7,30
124050,32.4,7,30
124151,32.4,7,30
124251,32.4,7,30
124351,32.4,7,30
124451,32.39,7,30
124551,32.4,7,30
124651,32.4,7,30
124752,32.4,7,30
124852,32.4,7,30
124952,32.4,7,30
125052,32.4,7,30
125152,32.4,7,30
125253,32.4,7,30
125353,32.4,7,30
125453,32.4,7,30
125553,32.1,7,30
125653,31.87,7,30
125753,31.61,7,30
125853,31.61,7,30
125953,31.61,7,30
126053,31.62,7,30
126153,31.89,7,30
126253,31.62,7,30
126353,31.61,7,30
126453,32.39,7,30
126553,31.62,7,30
126653,31.61,7,30
126753,31.61,7,30
126853,31.61,7,30
126953,31.63,7,30
127053,32.39,7,30
127153,32.39,7,30
127253,32.88,7,30
127353,34.16,7,30
127454,33.7,7,30
127554,32.91,7,30
127655,32.14,7,30
127755,32.12,7,30
127855,32.6,7,30
127955,32.92,7,30
128055,32.15,7,30
128156,31.61,7,30
128256,32.13,7,30
128356,32.92,7,30
128456,32.92,7,30
128556,32.92,7,30
128656,33.47,7,30
128758,34.23,7,30
128858,34.23,7,30
128959,34.22,7,30
129060,34.22,7,30
129161,34.23,7,30
129261,34.23,7,30
129362,34.23,7,30
129463,34.22,7,30
129564,33.96,7,30
129665,33.91,7,30
129765,32.92,7,30
129866,32.91,7,30
129966,32.92,7,30
130066,32.91,7,30
130167,32.91,7,30
130267,32.91,7,30
130367,32.92,7,30
130468,32.91,7,30
130568,32.91,7,30
130668,32.91,7,30
130769,32.15,7,30
130869,31.61,7,30
130970,31.61,7,30
131070,31.61,7,30
131170,31.61,7,30
131270,31.6,7,30
131370,31.6,7,30
131470,31.61,7,30
131570,31.61,7,30
131670,32.92,7,30
131770,32.92,7,30
131870,32.92,7,30
131970,33.45,7,30
132071,34.96,7,30
132172,35.06,7,30
132273,34.3,7,30
132374,33.41,7,30
132475,32.92,7,30
132575,32.91,7,30
132676,32.92,7,30
132776,32.92,7,30
132876,32.91,7,30
132977,32.91,7,30
133077,33.45,7,30
133177,32.91,7,30
133278,33.07,7,30
133378,33.7,7,30
133478,33.7,7,30
133579,32.42,7,30
133679,32.4,7,30
133779,32.39,7,30
133880,32.39,7,30
133980,31.1,7,30
134080,31.1,7,30
134180,31.1,7,30
134280,31.1,7,30
134380,31.1,7,30
134480,31.1,7,30
134580,31.1,7,30
134680,31.12,7,30
134780,32.4,7,30
134880,32.15,7,30
134980,32.39,7,30
135080,32.39,7,30
135180,32.39,7,30
135280,32.4,7,30
135380,31.61,7,30
135480,31.63,7,30
135580,31.61,7,30
135680,31.62,7,30
135780,31.61,7,30
135880,31.61,7,30
135980,31.61,7,30
136080,32.09,7,30
136180,32.4,7,30
136280,32.4,7,30
136380,31.37,7,30
136480,31.08,7,30
136580,31.11,7,30
136680,31.11,7,30
136780,31.11,7,30
136880,31.1,7,30
136980,31.1,7,30
137080,31.09,7,30
137180,31.1,7,30
137280,31.1,7,30
137380,31.08,7,30
137480,31.36,7,30
137580,32.4,7,30
137680,32.08,7,30
137780,32.4,7,30
137880,32.08,7,30
137980,31.61,7,30
138080,31.77,7,30
138180,31.61,7,30
138280,31.63,7,30
138380,31.61,7,30
138480,32.08,7,30
138580,32.39,7,30
138680,31.89,7,30
138780,31.1,7,30
138880,31.11,7,30
138980,31.1,7,30
139080,31.09,7,30
139180,31.1,7,30
139280,31.1,7,30
139380,31.09,7,30
139480,31.1,7,30
139580,31.1,7,30
139680,31.1,7,30
139780,31.1,7,30
139880,31.1,7,30
139980,31.62,7,30
140080,32.4,7,30
140180,32.39,7,30
140280,31.62,7,30
140380,31.6,7,30
140480,31.6,7,30
140580,31.61,7,30
140680,31.61,7,30
140780,31.61,7,30
140880,31.61,7,30
140980,31.61,7,30
141080,31.61,7,30
141180,31.61,7,30
141280,31.61,7,30
141380,31.61,7,30
141480,31.37,7,30
141580,31.13,7,30
141680,31.1,7,30
141780,31.1,7,30
141880,31.1,7,30
141980,31.09,7,30
142080,31.1,7,30
142180,31.1,7,30
142280,31.1,7,30
142380,31.62,7,30
142480,32.15,7,30
142580,31.1,7,30
142680,32.15,7,30
142780,32.4,7,30
142880,32.16,7,30
142980,32.4,7,30
143080,32.08,7,30
143180,32.4,7,30
143280,32.08,7,30
143380,31.63,7,30
143480,31.6,7,30
143580,31.61,7,30
143680,31.61,7,30
143780,31.6,7,30
143880,31.6,7,30
143980,31.61,7,30
144080,31.6,7,30
144180,31.61,7,30
144280,32.09,7,30
144380,32.39,7,30
144480,32.39,7,30
144581,31.36,7,30
144681,31.1,7,30
144781,31.1,7,30
144881,31.11,7,30
144981,31.1,7,30
145081,31.1,7,30
145181,31.1,7,30
145281,31.1,7,30
145381,31.1,7,30
145481,31.1,7,30
145581,31.1,7,30
145681,32.4,7,30
145781,32.4,7,30
145881,31.79,7,30
145981,32.13,7,30
146081,31.6,7,30
146181,31.6,7,30
146281,31.61,7,30
146381,31.61,7,30
146481,31.61,7,30
146581,31.61,7,30
146681,31.61,7,30
146781,31.6,7,30
146881,31.77,7,30
146981,32.39,7,30
147081,32.4,7,30
147181,32.39,7,30
147281,31.36,7,30
147381,31.86,7,30
147482,32.39,7,30
147582,32.4,7,30
147682,32.38,7,30
147782,32.39,7,30
147882,32.4,7,30
147982,32.39,7,30
148082,32.15,7,30
148182,31.08,7,30
148282,31.1,7,30
148382,31.1,7,30
148482,31.1,7,30
148582,31.1,7,30
148682,32.12,7,30
148782,32.4,7,30
148882,32.4,7,30
148982,32.4,7,30
149082,32.39,7,30
149182,32.4,7,30
149282,32.4,7,30
149382,31.79,7,30
149482,31.61,7,30
149582,31.61,7,30
149682,31.62,7,30
149782,32.23,7,30
149882,32.39,7,30
149982,32.13,7,30
150082,31.08,7,30
150182,31.38,7,30
150282,31.1,7,30
150383,31.1,7,30
150483,31.1,7,30
150583,31.11,7,30
150683,31.1,7,30
150783,31.1,7,30
150883,31.1,7,30
150983,31.1,7,30
151083,31.1,7,30
151183,31.1,7,30
151283,31.1,7,30
151383,31.1,7,30
151483,31.1,7,30
151583,31.1,7,30
151683,31.65,7,30
151783,32.39,7,30
151883,32.39,7,30
151983,32.39,7,30
152083,31.78,7,30
152183,32.08,7,30
152283,31.61,7,30
152383,32.38,7,30
152483,32.38,7,30
152583,32.38,7,30
152683,32.38,7,30
152783,32.41,7,30
152883,32.39,7,30
152983,32.39,7,30
153084,31.88,7,30
153184,32.14,7,30
153284,32.38,7,30
153384,32.39,7,30
153484,31.1,7,30
153584,31.1,7,30
153684,32.38,7,30
153784,31.62,7,30
153884,32.39,7,30
153984,32.38,7,30
154084,32.38,7,30
154184,32.23,7,30
154284,32.39,7,30
154384,32.08,7,30
154484,31.62,7,30
154584,31.61,7,30
154684,32.09,7,30
154784,32.22,7,30
154884,32.35,7,30
154984,32.49,7,30
155084,32.41,7,30
155184,32.39,7,30
155284,32.38,7,30
155385,32.39,7,30
155485,31.12,7,30
155585,31.38,7,30
155685,32.39,7,30
155785,32.29,7,30
155885,31.25,7,30
155985,31.42,7,30
156085,31.12,7,30
156186,32.4,7,30
156286,31.12,7,30
156386,32.15,7,30
156486,31.11,7,30
156586,31.1,7,30
156686,31.89,7,30
156786,32.39,7,30
156886,32.39,7,30
156986,32.39,7,30
157086,32.23,7,30
157186,32.4,7,30
157286,31.08,7,30
157386,31.09,7,30
157486,32.39,7,30
157586,32.15,7,30
157686,32.39,7,30
157786,31.36,7,30
157886,31.1,7,30
157986,31.1,7,30
158086,31.1,7,30
158186,31.12,7,30
158286,32.39,7,30
158386,32.39,7,30
158486,32.39,7,30
158586,32.39,7,30
158686,32.4,7,30
158786,32.39,7,30
158886,32.39,7,30
158986,32.4,7,30
159087,32.39,7,30
159187,32.4,7,30
159287,32.39,7,30
159387,32.39,7,30
159487,31.94,7,30
159587,31.63,7,30
159687,31.92,7,30
159787,32.39,7,30
159887,32.39,7,30
159987,32.39,7,30
160087,32.4,7,30
160187,32.4,7,30
160287,32.39,7,30
160387,32.39,7,30
160487,32.39,7,30
160588,31.38,7,30
160688,31.57,7,30
160788,31.57,7,30
160888,31.25,7,30
160988,31.1,7,30
161088,31.1,7,30
161188,31.6,7,30
161288,32.39,7,30
161388,32.39,7,30
161488,32.4,7,30
161588,32.39,7,30
161688,32.39,7,30
161789,32.4,7,30
161889,32.39,7,30
161989,32.39,7,30
162089,32.38,7,30
162189,32.22,7,30
162289,32.39,7,30
162389,31.09,7,30
162489,31.1,7,30
162589,31.12,7,30
162689,31.12,7,30
162789,31.64,7,30
162889,31.83,7,30
162989,31.89,7,30
163089,31.86,7,30
163189,31.87,7,30
163289,31.89,7,30
163389,31.88,7,30
163489,31.86,7,30
163589,31.89,7,30
163689,31.12,7,30
163789,31.1,7,30
163889,31.12,7,30
163989,31.1,7,30
164089,31.62,7,30
164189,31.62,7,30
164289,31.89,7,30
164389,31.36,7,30
164489,32.15,7,30
164589,32.25,7,30
164689,31.36,7,30
164789,31.12,7,30
164890,31.13,7,30
164990,31.38,7,30
165090,31.12,7,30
165190,32.13,7,30
165290,31.1,7,30
165390,31.28,7,30
165490,31.1,7,30
165590,31.1,7,30
165690,31.1,7,30
165790,31.25,7,30
165890,31.1,7,30
165990,31.1,7,30
166090,31.1,7,30
166190,31.1,7,30
166290,31.89,7,30
166390,32.15,7,30
166490,32.38,7,30
166590,32.39,7,30
166690,32.39,7,30
166790,32.39,7,30
166890,32.4,7,30
166991,32.24,7,30
167091,31.6,7,30
167191,32.24,7,30
167291,32.4,7,30
167391,32.39,7,30
167492,32.39,7,30
167592,32.1,7,30
167692,32.22,7,30
167792,32.39,7,30
167892,32.39,7,30
167992,32.4,7,30
168092,32.41,7,30
168192,32.4,7,30
168292,32.39,7,30
168393,32.39,7,30
168493,32.39,7,30
168593,32.15,7,30
168693,32.38,7,30
168793,31.08,7,30
168893,31.12,7,30
168993,31.1,7,30
169093,31.1,7,30
169193,31.1,7,30
169293,31.1,7,30
169393,31.1,7,30
169493,31.89,7,30
169593,32.39,7,30
169693,32.39,7,30
169793,32.39,7,30
169893,32.41,7,30
169993,31.78,7,30
170093,32.15,7,30
170193,31.62,7,30
170293,31.6,7,30
170394,31.61,7,30
170494,31.61,7,30
170594,31.87,7,30
170694,32.15,7,30
170794,32.36,7,30
170894,32.39,7,30
170994,32.38,7,30
171094,32.39,7,30
171194,32.39,7,30
171295,32.39,7,30
171395,32.39,7,30
171495,32.4,7,30
171595,32.39,7,30
171695,31.37,7,30
171795,32.15,7,30
171895,31.61,7,30
171995,31.61,7,30
172095,31.61,7,30
172195,31.6,7,30
172295,31.0,7,30
172395,30.83,7,30
172495,31.62,7,30
172595,31.6,7,30
172695,31.61,7,30
172795,31.59,7,30
172895,31.6,7,30
172996,31.56,7,30
173096,31.1,7,30
173196,31.1,7,30
173296,31.09,7,30
173396,31.1,7,30
173496,31.1,7,30
173596,31.1,7,30
173696,31.1,7,30
173796,31.1,7,30
173896,31.1,7,30
173996,31.12,7,30
174096,31.62,7,30
174196,31.61,7,30
174296,31.6,7,30
174396,31.62,7,30
174496,32.15,7,30
174596,32.91,7,30
174696,32.91,7,30
174797,32.15,7,30
174897,32.41,7,30
174997,32.99,7,30
175097,32.65,7,30
175197,32.65,7,30
175297,32.65,7,30
175398,32.25,7,30
175498,32.15,7,30
175599,32.14,7,30
175699,32.14,7,30
175799,32.15,7,30
175899,32.12,7,30
175999,31.5,7,30
176099,31.6,7,30
176199,31.34,7,30
176299,30.31,7,30
176399,30.31,7,30
176499,30.94,7,30
176599,31.1,7,30
176699,31.1,7,30
176799,31.1,7,30
176899,30.47,7,30
176999,30.33,7,30
177099,31.6,7,30
177199,31.61,7,30
177299,31.16,7,30
177399,32.12,7,30
177499,31.38,7,30
177599,32.41,7,30
177699,32.65,7,30
177799,32.65,7,30
177899,33.43,7,30
178000,33.43,7,30
178100,33.44,7,30
178200,33.44,7,30
178302,32.13,7,30
178402,32.3,7,30
178502,32.12,7,30
178602,32.02,7,30
178702,31.61,7,30
178802,31.4,7,30
178902,31.1,7,30
179002,30.47,7,30
179102,31.08,7,30
179202,31.1,7,30
179302,31.1,7,30
179402,31.1,7,30
179502,31.61,7,30
179602,30.33,7,30
179702,31.61,7,30
179802,31.63,7,30
179902,32.28,7,30
180002,32.39,7,30
180102,33.31,7,30
180202,33.44,7,30
180303,33.44,7,30
180403,32.15,7,30
180503,32.15,7,30
180604,32.62,7,30
180704,32.46,7,30
180804,32.14,7,30
180904,32.12,7,30
181004,32.13,7,30
181104,32.14,7,30
181204,31.15,7,30
181304,31.61,7,30
181404,31.61,7,30
181504,31.61,7,30
181604,31.61,7,30
181704,31.08,7,30
181804,30.31,7,30
181904,30.31,7,30
182004,30.32,7,30
182104,31.36,7,30
182204,31.61,7,30
182304,31.0,7,30
182404,30.84,7,30
182504,30.84,7,30
182604,30.84,7,30
182704,30.84,7,30
182804,30.84,7,30
182904,30.84,7,30
183004,30.84,7,30
183104,30.84,7,30
183204,30.84,7,30
183304,30.84,7,30
183404,30.83,7,30
183504,30.84,7,30
183604,30.84,7,30
183704,30.84,7,30
183804,30.84,7,30
183904,30.84,7,30
184004,30.84,7,30
184104,30.84,7,30
184204,30.84,7,30
184304,30.84,7,30
184404,30.84,7,30
184504,31.33,7,30
184604,31.35,7,30
184704,31.36,7,30
184804,31.37,7,30
184904,31.05,7,30
185004,31.11,7,30
185104,31.36,7,30
185204,30.89,7,30
185304,31.36,7,30
185404,31.36,7,30
185504,31.34,7,30
185604,31.36,7,30
185704,31.35,7,30
185804,30.84,7,30
185904,30.84,7,30
186004,30.84,7,30
186104,30.84,7,30
186204,31.01,7,30
186304,31.62,7,30
186404,30.57,7,30
186504,30.34,7,30
186604,31.31,7,30
186704,30.83,7,30
186804,31.6,7,30
186904,30.31,7,30
187004,31.1,7,30
187104,31.1,7,30
187204,31.1,7,30
187304,31.1,7,30
187404,30.94,7,30
187504,30.31,7,30
187604,30.31,7,30
187704,30.31,7,30
187804,30.31,7,30
187904,30.31,7,30
188004,30.86,7,30
188104,31.63,7,30
188204,31.18,7,30
188304,31.46,7,30
188404,30.84,7,30
188504,30.84,7,30
188604,30.84,7,30
188704,30.84,7,30
188804,30.84,7,30
188904,30.84,7,30
189004,30.84,7,30
189104,30.84,7,30
189204,30.84,7,30
189304,30.84,7,30
189404,30.84,7,30
189504,30.84,7,30
189604,31.1,7,30
189704,30.84,7,30
189804,30.84,7,30
189904,30.84,7,30
190004,30.84,7,30
190104,32.14,7,30
190204,32.13,7,30
190304,32.12,7,30
190404,30.84,7,30
190504,31.36,7,30
190604,32.15,7,30
190704,31.1,7,30
190804,31.6,7,30
190904,31.6,7,30
191004,31.61,7,30
191104,31.61,7,30
191204,31.61,7,30
191304,31.6,7,30
191404,31.6,7,30
191504,31.61,7,30
191604,31.6,7,30
191704,30.82,7,30
191804,31.47,7,30
191904,31.61,7,30
192004,31.62,7,30
192104,31.61,7,30
192204,31.61,7,30
192304,30.57,7,30
192404,31.61,7,30
192504,31.61,7,30
192604,31.61,7,30
192704,31.62,7,30
192804,31.6,7,30
192904,31.62,7,30
193004,31.61,7,30
193104,31.34,7,30
193204,30.31,7,30
193304,30.33,7,30
193404,30.31,7,30
193504,30.33,7,30
193604,31.61,7,30
193704,31.61,7,30
193804,31.08,7,30
193904,30.58,7,30
194004,31.47,7,30
194104,31.15,7,30
194204,31.6,7,30
194304,31.61,7,30
194404,30.98,7,30
194504,31.61,7,30
194604,30.58,7,30
194704,31.62,7,30
194804,31.61,7,30
194904,31.61,7,30
195004,31.15,7,30
195104,30.84,7,30
195204,30.84,7,30
195304,30.84,7,30
195404,30.84,7,30
195504,30.84,7,30
195604,31.02,7,30
195704,30.84,7,30
195804,30.84,7,30
195904,31.02,7,30
196004,31.33,7,30
196104,30.84,7,30
196204,30.99,7,30
196304,30.84,7,30
196404,30.84,7,30
196504,30.84,7,30
196604,31.02,7,30
196704,30.84,7,30
196804,30.84,7,30
196904,30.84,7,30
197004,30.84,7,30
197104,30.84,7,30
197204,30.84,7,30
197304,30.84,7,30
197404,31.64,7,30
197504,30.84,7,30
197604,30.84,7,30
197704,31.26,7,30
197804,31.36,7,30
197904,31.15,7,30
198004,30.85,7,30
198104,31.36,7,30
198204,31.36,7,30
198304,31.34,7,30
198404,31.37,7,30
198504,31.37,7,30
198604,31.35,7,30
198704,31.37,7,30
198804,31.37,7,30
0,35.21,7,35
100,35.06,7,35
200,35.99,7,35
302,36.73,7,35
404,39.09,7,35
506,42.01,7,35
610,42.03,7,35
714,42.44,7,35
818,42.44,7,35
922,42.44,7,35
1026,42.43,7,35
1130,42.42,7,35
1234,42.43,7,35
1339,42.44,7,35
1442,42.44,7,35
1547,40.92,7,35
1650,35.39,7,35
1752,36.46,7,35
1853,35.44,7,35
1954,35.44,7,35
2056,35.43,7,35
2157,34.97,7,35
2257,35.01,7,35
2359,34.75,7,35
2460,34.84,7,35
2561,35.39,7,35
2662,34.88,7,35
2763,34.96,7,35
2865,34.93,7,35
2965,35.37,7,35
3066,35.21,7,35
3168,34.93,7,35
3269,35.21,7,35
3369,35.67,7,35
3471,35.61,7,35
3572,34.49,7,35
3674,33.7,7,35
3774,33.07,7,35
3874,33.75,7,35
3975,34.07,7,35
4075,33.46,7,35
4176,33.7,7,35
4277,33.7,7,35
4377,33.69,7,35
4477,34.32,7,35
4579,34.32,7,35
4679,33.96,7,35
4780,33.49,7,35
4880,33.96,7,35
4981,33.96,7,35
5082,33.96,7,35
5182,34.75,7,35
5283,33.71,7,35
5384,34.27,7,35
5485,33.96,7,35
5585,33.82,7,35
5686,33.8,7,35
5786,33.96,7,35
5886,33.5,7,35
5988,33.82,7,35
6088,33.8,7,35
6189,33.96,7,35
6289,33.44,7,35
6389,34.07,7,35
6491,33.62,7,35
6591,34.23,7,35
6691,34.22,7,35
6793,34.23,7,35
6893,34.22,7,35
6993,34.33,7,35
7095,34.22,7,35
7195,34.75,7,35
7297,34.22,7,35
7397,34.22,7,35
7498,34.23,7,35
7599,34.22,7,35
7699,34.86,7,35
7800,34.27,7,35
7901,35.44,7,35
8002,34.63,7,35
8103,34.85,7,35
8204,35.2,7,35
8305,34.72,7,35
8407,34.49,7,35
8507,34.49,7,35
8608,35.01,7,35
8710,35.21,7,35
8810,34.82,7,35
8911,35.95,7,35
9013,35.8,7,35
9114,35.89,7,35
9216,35.2,7,35
9317,35.58,7,35
9418,35.53,7,35
9520,35.95,7,35
9621,36.14,7,35
9722,35.07,7,35
9824,35.16,7,35
9925,35.02,7,35
10025,34.6,7,35
10127,34.73,7,35
10228,34.49,7,35
10329,34.79,7,35
10430,34.28,7,35
10530,34.11,7,35
10632,34.21,7,35
10732,33.39,7,35
10832,33.75,7,35
10933,33.67,7,35
11034,34.59,7,35
11134,34.75,7,35
11236,34.75,7,35
11336,34.75,7,35
11438,34.75,7,35
11539,34.75,7,35
11639,34.75,7,35
11741,36.0,7,35
11842,36.06,7,35
11943,35.37,7,35
12045,35.4,7,35
12146,35.72,7,35
12248,35.72,7,35
12349,34.74,7,35
12450,35.91,7,35
12552,35.26,7,35
12653,35.44,7,35
12754,35.25,7,35
12855,36.32,7,35
12957,34.98,7,35
13058,35.28,7,35
13159,35.93,7,35
13260,35.29,7,35
13362,35.2,7,35
13463,35.97,7,35
13564,36.36,7,35
13667,38.01,7,35
13768,42.82,7,35
13873,42.83,7,35
13977,42.6,7,35
14082,42.6,7,35
14186,35.66,7,35
14287,35.83,7,35
14389,34.92,7,35
14490,35.6,7,35
14592,35.83,7,35
14693,35.69,7,35
14794,35.7,7,35
14896,36.08,7,35
14997,36.37,7,35
15099,34.74,7,35
15200,36.46,7,35
15302,36.73,7,35
15404,41.12,7,35
15507,41.44,7,35
15610,42.43,7,35
15715,39.1,7,35
15817,34.97,7,35
15919,36.09,7,35
16020,34.97,7,35
16121,34.97,7,35
16222,35.57,7,35
16323,35.11,7,35
16424,35.65,7,35
16526,35.9,7,35
16627,35.62,7,35
16729,34.74,7,35
16830,36.34,7,35
16931,37.13,7,35
17034,37.99,7,35
17136,40.45,7,35
17240,37.99,7,35
17342,40.06,7,35
17445,35.44,7,35
17546,32.65,7,35
17646,31.35,7,35
17746,32.66,7,35
17847,32.15,7,35
17947,31.62,7,35
18048,31.51,7,35
18148,31.36,7,35
18248,31.48,7,35
18348,31.86,7,35
18448,31.86,7,35
18548,31.68,7,35
18648,31.62,7,35
18748,32.39,7,35
18848,32.38,7,35
18948,31.91,7,35
19048,32.4,7,35
19148,32.39,7,35
19248,31.94,7,35
19348,31.62,7,35
19448,32.13,7,35
19548,32.13,7,35
19648,32.12,7,35
19748,32.15,7,35
19848,32.23,7,35
19948,32.46,7,35
20048,33.19,7,35
20148,32.81,7,35
20248,32.65,7,35
20348,33.12,7,35
20449,32.97,7,35
20549,34.01,7,35
20651,34.1,7,35
20751,33.92,7,35
20851,33.4,7,35
20953,33.44,7,35
21053,33.44,7,35
21153,32.67,7,35
21254,33.17,7,35
21354,33.44,7,35
21454,33.44,7,35
21555,32.67,7,35
21655,32.65,7,35
21755,33.2,7,35
21856,33.02,7,35
21956,32.91,7,35
22056,32.41,7,35
22156,32.04,7,35
22256,31.89,7,35
22356,32.51,7,35
22456,32.38,7,35
22556,32.23,7,35
22656,32.14,7,35
22756,31.62,7,35
22856,32.24,7,35
22956,32.39,7,35
23056,32.38,7,35
23156,31.1,7,35
23256,31.1,7,35
23356,31.1,7,35
23456,31.1,7,35
23556,31.1,7,35
23656,31.88,7,35
23756,31.86,7,35
23856,31.86,7,35
23956,31.25,7,35
24056,31.1,7,35
24156,31.36,7,35
24256,31.94,7,35
24356,31.6,7,35
24456,31.6,7,35
24556,31.61,7,35
24656,31.61,7,35
24756,32.65,7,35
24856,32.91,7,35
24956,32.39,7,35
25056,32.04,7,35
25156,31.61,7,35
25256,32.4,7,35
25356,32.91,7,35
25456,32.93,7,35
25556,32.93,7,35
25657,32.91,7,35
25757,32.91,7,35
25858,32.91,7,35
25958,32.93,7,35
26058,32.91,7,35
26159,32.91,7,35
26259,32.65,7,35
26359,32.25,7,35
26459,31.62,7,35
26559,32.39,7,35
26659,31.61,7,35
26759,32.23,7,35
26859,32.12,7,35
26959,32.36,7,35
27059,32.12,7,35
27159,32.12,7,35
27259,32.6,7,35
27359,31.72,7,35
27459,31.49,7,35
27559,31.38,7,35
27659,31.15,7,35
27759,31.36,7,35
27859,31.1,7,35
27959,30.83,7,35
28059,31.6,7,35
28160,31.6,7,35
28260,31.31,7,35
28360,30.84,7,35
28460,30.84,7,35
28560,31.59,7,35
28660,31.35,7,35
28760,30.86,7,35
28860,31.28,7,35
28960,31.3,7,35
29060,30.59,7,35
29160,30.56,7,35
29260,30.56,7,35
29360,30.88,7,35
29460,31.36,7,35
29560,30.57,7,35
29660,30.8,7,35
29760,31.63,7,35
29860,31.88,7,35
29960,32.46,7,35
30060,32.67,7,35
30160,33.35,7,35
30261,33.17,7,35
30361,33.17,7,35
30461,33.17,7,35
30562,33.17,7,35
30662,33.17,7,35
30763,31.89,7,35
30863,32.62,7,35
30963,32.14,7,35
31063,32.57,7,35
31163,33.2,7,35
31263,33.18,7,35
31364,33.43,7,35
31464,33.44,7,35
31564,33.4,7,35
31665,33.24,7,35
31766,33.96,7,35
31866,35.07,7,35
31968,35.15,7,35
32068,35.45,7,35
32169,35.53,7,35
32271,35.18,7,35
32372,34.75,7,35
32474,34.75,7,35
32574,35.05,7,35
32675,34.59,7,35
32777,34.75,7,35
32877,34.75,7,35
32978,34.75,7,35
33079,35.02,7,35
33180,34.74,7,35
33282,34.93,7,35
33383,35.67,7,35
33484,35.67,7,35
33586,35.67,7,35
33687,34.92,7,35
33787,34.98,7,35
33889,34.49,7,35
33990,34.49,7,35
34091,34.49,7,35
34192,34.49,7,35
34292,34.99,7,35
34394,34.98,7,35
34495,34.97,7,35
34595,34.99,7,35
34697,34.97,7,35
34798,35.16,7,35
34899,35.45,7,35
35001,35.45,7,35
35101,36.0,7,35
35204,35.91,7,35
35305,35.91,7,35
35406,35.45,7,35
35508,35.44,7,35
35609,35.29,7,35
35710,34.23,7,35
35811,34.23,7,35
35911,34.22,7,35
36013,34.23,7,35
36113,34.22,7,35
36214,34.97,7,35
36316,34.75,7,35
36416,34.47,7,35
36517,34.31,7,35
36618,35.33,7,35
36719,35.67,7,35
36820,35.67,7,35
36922,36.14,7,35
37023,35.84,7,35
37125,35.21,7,35
37226,35.67,7,35
37327,35.67,7,35
37429,35.67,7,35
37530,36.4,7,35
37632,37.25,7,35
37734,37.16,7,35
37836,35.95,7,35
37938,35.58,7,35
38039,35.67,7,35
38140,33.96,7,35
38241,33.96,7,35
38342,35.27,7,35
38444,36.6,7,35
38545,36.42,7,35
38646,34.8,7,35
38748,34.49,7,35
38848,34.24,7,35
38949,33.45,7,35
39050,34.22,7,35
39150,34.97,7,35
39251,34.97,7,35
39353,35.16,7,35
39454,34.97,7,35
39555,34.78,7,35
39656,34.49,7,35
39757,34.49,7,35
39858,34.49,7,35
39959,34.49,7,35
40059,34.48,7,35
40161,35.15,7,35
40262,35.47,7,35
40363,35.11,7,35
40464,33.17,7,35
40564,33.17,7,35
40665,33.17,7,35
40765,33.7,7,35
40866,33.17,7,35
40967,33.17,7,35
41067,33.18,7,35
41167,33.17,7,35
41268,33.18,7,35
41368,33.17,7,35
41468,33.6,7,35
41569,33.7,7,35
41669,33.7,7,35
41769,33.69,7,35
41870,33.98,7,35
41971,34.98,7,35
42073,34.98,7,35
42173,35.3,7,35
42274,35.08,7,35
42376,34.97,7,35
42477,34.97,7,35
42577,34.49,7,35
42679,33.7,7,35
42779,33.7,7,35
42880,35.12,7,35
42981,33.18,7,35
43081,32.67,7,35
43182,32.39,7,35
43282,33.43,7,35
43382,33.7,7,35
43483,33.81,7,35
43583,34.23,7,35
43684,34.23,7,35
43785,34.06,7,35
43886,33.7,7,35
43986,34.21,7,35
44087,34.23,7,35
44188,34.44,7,35
44289,35.12,7,35
44390,34.75,7,35
44491,35.21,7,35
44592,35.86,7,35
44693,37.24,7,35
44795,37.62,7,35
44898,37.99,7,35
45000,40.83,7,35
45104,41.43,7,35
45207,41.45,7,35
45312,41.46,7,35
45415,42.54,7,35
45519,35.21,7,35
45620,34.74,7,35
45721,35.49,7,35
45822,35.67,7,35
45924,35.57,7,35
46025,34.84,7,35
46127,34.75,7,35
46227,34.76,7,35
46328,34.75,7,35
46430,34.27,7,35
46530,34.58,7,35
46631,34.74,7,35
46732,34.74,7,35
46833,34.75,7,35
46935,34.75,7,35
47035,34.75,7,35
47136,34.75,7,35
47237,35.39,7,35
47338,35.72,7,35
47439,35.06,7,35
47541,34.97,7,35
47642,35.52,7,35
47744,35.76,7,35
47845,34.75,7,35
47946,34.74,7,35
48047,34.75,7,35
48148,34.75,7,35
48249,34.75,7,35
48350,35.21,7,35
48451,34.75,7,35
48552,35.3,7,35
48653,34.86,7,35
48754,35.4,7,35
48856,36.47,7,35
48957,42.54,7,35
49061,37.11,7,35
49164,36.72,7,35
49265,36.46,7,35
49368,36.36,7,35
49469,40.43,7,35
49572,42.56,7,35
49677,42.82,7,35
49781,37.38,7,35
49884,35.91,7,35
49985,35.35,7,35
50086,34.97,7,35
50187,34.98,7,35
50288,34.98,7,35
50390,34.97,7,35
50491,35.16,7,35
50591,35.44,7,35
50693,34.97,7,35
50794,34.97,7,35
50895,36.6,7,35
50997,34.91,7,35
51098,34.49,7,35
51198,34.49,7,35
51300,36.14,7,35
51401,35.48,7,35
51503,36.05,7,35
51604,33.97,7,35
51705,33.96,7,35
51806,35.2,7,35
51907,35.86,7,35
52008,36.04,7,35
52110,35.48,7,35
52211,34.49,7,35
52312,34.48,7,35
52413,34.58,7,35
52514,34.97,7,35
52615,34.97,7,35
52716,34.98,7,35
52817,34.97,7,35
52918,34.97,7,35
53019,35.43,7,35
53121,35.16,7,35
53222,35.91,7,35
53323,35.91,7,35
53425,35.9,7,35
53526,35.9,7,35
53627,36.46,7,35
53730,36.37,7,35
53831,39.12,7,35
53934,42.52,7,35
54038,42.75,7,35
54142,38.1,7,35
54245,42.6,7,35
54349,42.44,7,35
54454,42.44,7,35
54557,42.6,7,35
54662,42.82,7,35
54766,42.84,7,35
54871,42.84,7,35
54975,42.85,7,35
55079,38.18,7,35
55182,34.84,7,35
55283,35.58,7,35
55385,36.14,7,35
55486,36.14,7,35
55587,36.86,7,35
55689,37.06,7,35
55791,37.33,7,35
55894,37.06,7,35
55995,37.51,7,35
56097,37.06,7,35
56200,37.24,7,35
56301,37.53,7,35
56403,37.53,7,35
56506,35.44,7,35
56607,37.51,7,35
56709,37.53,7,35
56811,36.98,7,35
56913,37.42,7,35
57015,35.45,7,35
57116,35.44,7,35
57218,35.45,7,35
57319,35.88,7,35
57420,35.91,7,35
57522,35.54,7,35
57623,35.91,7,35
57725,35.54,7,35
57827,35.91,7,35
57928,36.17,7,35
58030,36.36,7,35
58131,42.56,7,35
58235,36.73,7,35
58337,35.21,7,35
58438,35.58,7,35
58540,35.2,7,35
58641,34.49,7,35
58741,34.49,7,35
58843,34.49,7,35
58943,34.48,7,35
59044,34.48,7,35
59145,34.49,7,35
59246,34.49,7,35
59347,33.72,7,35
59448,33.86,7,35
59548,33.18,7,35
59649,33.49,7,35
59749,33.96,7,35
59850,33.96,7,35
59951,34.43,7,35
60051,34.75,7,35
60152,34.75,7,35
60254,34.74,7,35
60354,34.77,7,35
60455,34.74,7,35
60557,34.75,7,35
60657,34.75,7,35
60759,33.72,7,35
60859,33.44,7,35
60959,33.13,7,35
61060,33.28,7,35
61160,33.75,7,35
61260,32.91,7,35
61361,33.7,7,35
61462,32.73,7,35
61562,33.17,7,35
61663,32.67,7,35
61763,33.96,7,35
61863,33.07,7,35
61964,33.28,7,35
62064,33.25,7,35
62164,33.7,7,35
62265,34.17,7,35
62365,33.7,7,35
62467,34.49,7,35
62567,34.02,7,35
62668,34.93,7,35
62769,35.25,7,35
62870,34.42,7,35
62971,34.97,7,35
63072,34.98,7,35
63173,34.97,7,35
63275,35.17,7,35
63376,35.96,7,35
63477,35.76,7,35
63579,34.97,7,35
63680,35.63,7,35
63781,35.99,7,35
63883,35.62,7,35
63984,35.63,7,35
64086,35.53,7,35
64187,36.11,7,35
64288,35.83,7,35
64390,35.95,7,35
64492,36.14,7,35
64593,35.53,7,35
64695,35.45,7,35
64796,34.59,7,35
64898,34.59,7,35
64998,34.37,7,35
65099,35.53,7,35
65201,34.49,7,35
65301,34.96,7,35
65402,34.58,7,35
65504,34.74,7,35
65604,35.93,7,35
65705,34.84,7,35
65807,37.04,7,35
65909,36.0,7,35
66011,34.98,7,35
66111,36.27,7,35
66213,36.41,7,35
66315,36.13,7,35
66416,34.79,7,35
66518,34.98,7,35
66618,34.23,7,35
66719,34.21,7,35
66820,34.7,7,35
66921,35.33,7,35
67022,34.99,7,35
67124,34.75,7,35
67224,34.74,7,35
67325,35.57,7,35
67427,36.6,7,35
67528,36.3,7,35
67631,36.51,7,35
67732,36.86,7,35
67833,37.07,7,35
67936,36.73,7,35
68037,34.98,7,35
68139,35.25,7,35
68240,35.45,7,35
68341,35.62,7,35
68443,35.91,7,35
68544,35.62,7,35
68645,35.25,7,35
68747,34.97,7,35
68848,35.25,7,35
68948,35.14,7,35
69050,35.51,7,35
69151,35.42,7,35
69253,35.44,7,35
69354,35.89,7,35
69455,36.34,7,35
69557,36.36,7,35
69659,36.8,7,35
69761,36.34,7,35
69863,35.76,7,35
69964,35.21,7,35
70065,35.67,7,35
70166,35.67,7,35
70267,36.22,7,35
70370,36.04,7,35
70471,35.68,7,35
70573,35.38,7,35
70674,34.48,7,35
70774,34.49,7,35
70876,34.73,7,35
70977,35.95,7,35
71078,35.44,7,35
71180,35.67,7,35
71281,35.67,7,35
71383,36.41,7,35
71484,36.31,7,35
71585,36.25,7,35
71687,35.85,7,35
71788,35.29,7,35
71889,35.2,7,35
71991,34.83,7,35
72092,34.73,7,35
72194,34.92,7,35
72294,34.89,7,35
72395,34.84,7,35
72497,35.11,7,35
72598,34.75,7,35
72698,36.32,7,35
72800,34.75,7,35
72901,34.74,7,35
73003,34.75,7,35
73103,35.02,7,35
73204,35.76,7,35
73306,36.22,7,35
73407,36.14,7,35
73508,36.14,7,35
73611,36.13,7,35
73712,36.14,7,35
73814,36.59,7,35
73915,35.28,7,35
74016,34.97,7,35
74118,34.97,7,35
74219,35.62,7,35
74320,36.59,7,35
74422,35.85,7,35
74523,34.96,7,35
74625,34.43,7,35
74725,34.74,7,35
74826,34.75,7,35
74928,34.93,7,35
75028,35.65,7,35
75129,35.13,7,35
75231,35.21,7,35
75332,36.49,7,35
75433,35.13,7,35
75535,35.74,7,35
75636,34.74,7,35
75738,34.75,7,35
75838,34.76,7,35
75939,34.22,7,35
76041,33.82,7,35
76141,33.69,7,35
76241,33.24,7,35
76342,33.08,7,35
76442,33.54,7,35
76542,33.17,7,35
76643,33.69,7,35
76743,33.69,7,35
76845,32.91,7,35
76945,34.06,7,35
77045,33.6,7,35
77146,34.22,7,35
77246,34.22,7,35
77347,34.22,7,35
77448,34.22,7,35
77549,34.21,7,35
77649,34.21,7,35
77751,34.22,7,35
77851,34.23,7,35
77953,34.21,7,35
78053,34.22,7,35
78153,34.22,7,35
78255,34.22,7,35
78355,34.21,7,35
78456,34.41,7,35
78557,33.7,7,35
78658,33.7,7,35
78758,33.69,7,35
78859,33.7,7,35
78959,33.7,7,35
79059,33.7,7,35
79161,33.7,7,35
79261,33.72,7,35
79362,33.7,7,35
79462,33.8,7,35
79563,34.68,7,35
79664,34.22,7,35
79765,34.22,7,35
79865,34.22,7,35
79966,34.22,7,35
80067,34.22,7,35
80167,35.55,7,35
80269,35.9,7,35
80370,36.36,7,35
80473,36.09,7,35
80574,34.75,7,35
80674,34.75,7,35
80776,35.11,7,35
80877,34.74,7,35
80978,34.75,7,35
81079,34.75,7,35
81180,34.75,7,35
81281,35.62,7,35
81382,35.62,7,35
81483,35.44,7,35
81585,35.44,7,35
81686,36.6,7,35
81788,35.85,7,35
81890,37.09,7,35
81991,37.06,7,35
82094,34.97,7,35
82195,34.98,7,35
82296,35.26,7,35
82397,36.18,7,35
82499,35.16,7,35
82600,36.23,7,35
82702,35.39,7,35
82803,37.06,7,35
82905,34.97,7,35
83006,36.67,7,35
83107,36.14,7,35
83210,36.13,7,35
83311,36.14,7,35
83412,36.11,7,35
83514,36.32,7,35
83616,36.64,7,35
83718,36.14,7,35
83819,34.97,7,35
83920,35.15,7,35
84022,37.99,7,35
84124,36.37,7,35
84226,36.36,7,35
84327,35.88,7,35
84428,34.74,7,35
84530,34.75,7,35
84631,34.75,7,35
84731,34.74,7,35
84833,34.74,7,35
84934,35.39,7,35
85036,34.74,7,35
85136,34.74,7,35
85237,34.75,7,35
85338,34.74,7,35
85439,34.74,7,35
85540,34.74,7,35
85641,34.73,7,35
85742,34.74,7,35
85843,34.74,7,35
85944,34.75,7,35
86045,34.75,7,35
86147,34.74,7,35
86247,34.74,7,35
86348,34.75,7,35
86449,34.84,7,35
86550,34.75,7,35
86651,34.75,7,35
86752,34.75,7,35
86853,34.75,7,35
86955,34.84,7,35
87055,35.58,7,35
87156,35.39,7,35
87258,35.17,7,35
87359,35.4,7,35
87460,35.67,7,35
87562,35.67,7,35
87663,35.49,7,35
87764,35.21,7,35
87866,35.21,7,35
87967,35.21,7,35
88068,35.67,7,35
88169,35.67,7,35
88270,35.67,7,35
88372,34.49,7,35
88473,34.96,7,35
88574,35.67,7,35
88676,34.72,7,35
88776,35.41,7,35
88878,34.49,7,35
88979,34.49,7,35
89079,35.68,7,35
89181,34.49,7,35
89282,34.49,7,35
89383,35.76,7,35
89485,34.96,7,35
89585,35.21,7,35
89687,35.46,7,35
89788,35.67,7,35
89889,35.66,7,35
89991,36.3,7,35
90092,36.14,7,35
90194,34.98,7,35
90295,35.16,7,35
90396,35.89,7,35
90498,34.76,7,35
90599,36.0,7,35
90700,35.7,7,35
90802,36.26,7,35
90903,35.91,7,35
91005,35.91,7,35
91107,35.91,7,35
91208,35.9,7,35
91310,35.72,7,35
91411,35.07,7,35
91512,35.73,7,35
91614,35.81,7,35
91715,35.44,7,35
91816,35.52,7,35
91918,34.97,7,35
92019,34.97,7,35
92120,35.41,7,35
92221,35.44,7,35
92322,35.44,7,35
92424,35.43,7,35
92525,35.8,7,35
92626,35.72,7,35
92728,35.43,7,35
92829,35.34,7,35
92931,35.44,7,35
93032,35.91,7,35
93133,35.9,7,35
93235,35.89,7,35
93336,35.71,7,35
93437,35.62,7,35
93539,35.63,7,35
93640,35.79,7,35
93742,36.32,7,35
93843,36.83,7,35
93945,36.9,7,35
94047,39.45,7,35
94150,36.83,7,35
94252,35.2,7,35
94353,36.65,7,35
94455,42.82,7,35
94559,35.67,7,35
94660,35.95,7,35
94763,36.23,7,35
94864,37.56,7,35
94966,42.07,7,35
95070,41.08,7,35
95174,40.96,7,35
95278,41.36,7,35
95381,41.43,7,35
95484,39.23,7,35
95588,38.43,7,35
95690,36.0,7,35
95792,38.02,7,35
95894,37.0,7,35
95996,36.19,7,35
96098,38.01,7,35
96200,38.47,7,35
96303,42.26,7,35
96407,36.46,7,35
96508,36.48,7,35
96610,36.6,7,35
96712,36.42,7,35
96814,35.93,7,35
96915,36.44,7,35
97017,35.76,7,35
97119,36.14,7,35
97220,35.87,7,35
97321,35.68,7,35
97423,36.39,7,35
97524,36.0,7,35
97626,36.41,7,35
97728,36.14,7,35
97829,34.84,7,35
97931,34.74,7,35
98031,34.74,7,35
98132,34.74,7,35
98233,34.74,7,35
98334,34.75,7,35
98436,34.75,7,35
98536,34.75,7,35
98637,34.75,7,35
98739,34.74,7,35
98839,34.74,7,35
98940,34.22,7,35
99041,34.68,7,35
99142,34.22,7,35
99244,34.54,7,35
99344,33.95,7,35
99444,33.97,7,35
99546,34.46,7,35
99646,33.88,7,35
99747,34.48,7,35
99848,35.46,7,35
99949,35.02,7,35
100050,34.74,7,35
100152,34.24,7,35
100252,35.11,7,35
100354,34.62,7,35
100455,34.77,7,35
100555,34.49,7,35
100657,34.69,7,35
100758,34.68,7,35
100858,34.86,7,35
100960,35.52,7,35
101061,34.74,7,35
101163,34.7,7,35
101263,34.61,7,35
101364,35.35,7,35
101466,35.12,7,35
101567,35.21,7,35
101668,35.49,7,35
101770,34.75,7,35
101870,35.15,7,35
101971,35.06,7,35
102073,35.17,7,35
102174,35.81,7,35
102276,35.53,7,35
102377,34.68,7,35
102478,34.49,7,35
102579,34.89,7,35
102680,35.88,7,35
102781,34.58,7,35
102883,33.14,7,35
102983,33.85,7,35
103084,32.65,7,35
103184,32.66,7,35
103284,33.25,7,35
103385,32.51,7,35
103485,32.03,7,35
103585,31.37,7,35
103685,31.78,7,35
103785,32.09,7,35
103885,32.39,7,35
103985,31.62,7,35
104085,31.77,7,35
104185,31.61,7,35
104285,31.94,7,35
104385,32.38,7,35
104485,32.2,7,35
104585,31.86,7,35
104685,32.64,7,35
104785,32.54,7,35
104885,32.66,7,35
104985,33.48,7,35
105086,34.08,7,35
105187,34.49,7,35
105288,34.19,7,35
105389,33.55,7,35
105489,33.44,7,35
105590,33.44,7,35
105691,33.44,7,35
105791,33.96,7,35
105891,33.96,7,35
105993,33.61,7,35
106093,33.96,7,35
106193,32.93,7,35
106294,32.65,7,35
106394,32.97,7,35
106494,32.62,7,35
106595,32.22,7,35
106695,32.39,7,35
106795,32.39,7,35
106895,32.7,7,35
106995,32.91,7,35
107096,32.91,7,35
107196,32.13,7,35
107296,32.15,7,35
107396,32.91,7,35
107496,32.4,7,35
107596,32.39,7,35
107697,32.4,7,35
107797,32.09,7,35
107897,32.54,7,35
107997,32.4,7,35
108097,32.38,7,35
108197,32.38,7,35
108298,32.3,7,35
108398,32.54,7,35
108498,32.38,7,35
108598,32.49,7,35
108698,32.91,7,35
108798,32.91,7,35
108899,32.91,7,35
108999,32.91,7,35
109100,32.91,7,35
109200,32.13,7,35
109300,32.14,7,35
109400,32.12,7,35
109500,32.14,7,35
109600,32.65,7,35
109700,32.65,7,35
109800,32.04,7,35
109900,31.86,7,35
110000,31.89,7,35
110100,31.86,7,35
110200,31.88,7,35
110300,32.64,7,35
110400,32.45,7,35
110500,32.25,7,35
110600,32.65,7,35
110700,32.65,7,35
110800,32.65,7,35
110901,32.65,7,35
111001,32.65,7,35
111101,32.36,7,35
111202,32.61,7,35
111302,32.28,7,35
111403,32.14,7,35
111503,32.14,7,35
111603,32.14,7,35
111703,32.12,7,35
111803,32.12,7,35
111903,32.14,7,35
112003,32.75,7,35
112103,33.03,7,35
112203,32.64,7,35
112304,32.41,7,35
112404,33.43,7,35
112504,31.62,7,35
112604,32.51,7,35
112704,32.39,7,35
112804,32.41,7,35
112905,33.3,7,35
113005,34.22,7,35
113105,34.74,7,35
113207,33.96,7,35
113307,34.74,7,35
113409,34.73,7,35
113510,34.73,7,35
113610,35.55,7,35
113712,36.31,7,35
113814,36.59,7,35
113915,34.97,7,35
114017,34.97,7,35
114117,34.97,7,35
114219,34.97,7,35
114320,35.85,7,35
114421,35.67,7,35
114523,35.58,7,35
114624,35.67,7,35
114725,36.55,7,35
114827,36.04,7,35
114929,35.67,7,35
115031,35.86,7,35
115132,34.3,7,35
115232,33.85,7,35
115334,33.31,7,35
115434,33.42,7,35
115534,32.14,7,35
115635,33.11,7,35
115735,33.94,7,35
115835,34.19,7,35
115937,35.19,7,35
116037,35.19,7,35
116139,34.97,7,35
116240,34.97,7,35
116341,34.96,7,35
116443,34.97,7,35
116543,34.14,7,35
116644,33.17,7,35
116745,33.18,7,35
116845,33.95,7,35
116945,34.83,7,35
117047,34.97,7,35
117148,34.95,7,35
117250,34.56,7,35
117350,33.68,7,35
117450,33.43,7,35
117551,34.08,7,35
117652,34.75,7,35
117753,35.89,7,35
117855,35.89,7,35
117956,35.61,7,35
118057,35.34,7,35
118159,35.24,7,35
118260,34.97,7,35
118361,34.97,7,35
118462,35.06,7,35
118563,35.7,7,35
118665,35.43,7,35
118766,34.91,7,35
118867,34.2,7,35
118968,34.58,7,35
119069,35.56,7,35
119171,35.89,7,35
119272,35.89,7,35
119373,34.73,7,35
119475,35.89,7,35
119576,34.21,7,35
119676,33.43,7,35
119777,33.43,7,35
119878,33.45,7,35
119979,33.43,7,35
120079,34.73,7,35
120180,34.73,7,35
120281,34.73,7,35
120382,34.73,7,35
120483,34.73,7,35
120584,34.26,7,35
120685,34.1,7,35
120785,33.9,7,35
120887,33.26,7,35
120987,33.43,7,35
121088,33.43,7,35
121188,32.64,7,35
121288,32.81,7,35
121389,33.43,7,35
121489,33.43,7,35
121589,34.21,7,35
121690,33.76,7,35
121791,32.64,7,35
121891,33.9,7,35
121992,34.21,7,35
122092,34.97,7,35
122193,35.67,7,35
122295,35.41,7,35
122396,34.73,7,35
122498,35.89,7,35
122599,35.34,7,35
122700,35.43,7,35
122802,34.97,7,35
122903,34.97,7,35
123003,35.43,7,35
123105,35.78,7,35
123206,35.15,7,35
123308,34.97,7,35
123409,34.96,7,35
123510,35.34,7,35
123612,35.89,7,35
123713,35.42,7,35
123814,34.96,7,35
123916,34.97,7,35
124016,35.13,7,35
124118,35.99,7,35
124219,35.19,7,35
124320,34.92,7,35
124422,35.65,7,35
124523,35.65,7,35
124624,35.19,7,35
124726,35.28,7,35
124827,35.1,7,35
124929,34.73,7,35
125029,35.89,7,35
125131,35.43,7,35
125233,34.32,7,35
125333,33.43,7,35
125433,34.08,7,35
125535,35.89,7,35
125636,35.62,7,35
125737,34.73,7,35
125839,34.73,7,35
125939,34.91,7,35
126041,36.34,7,35
126142,35.98,7,35
126244,35.8,7,35
126346,36.27,7,35
126447,34.92,7,35
126548,35.2,7,35
126650,33.95,7,35
126750,33.96,7,35
126852,33.95,7,35
126952,33.43,7,35
127052,33.54,7,35
127153,32.66,7,35
127253,33.38,7,35
127353,32.91,7,35
127454,34.73,7,35
127555,35.71,7,35
127656,35.65,7,35
127758,34.73,7,35
127859,35.2,7,35
127961,34.67,7,35
128061,34.51,7,35
128162,33.39,7,35
128263,32.89,7,35
128363,32.45,7,35
128463,32.89,7,35
128564,32.9,7,35
128664,32.9,7,35
128764,33.43,7,35
128865,34.67,7,35
128966,34.97,7,35
129067,35.04,7,35
129168,35.06,7,35
129269,35.61,7,35
129371,36.03,7,35
129472,35.05,7,35
129573,34.23,7,35
129675,34.96,7,35
129775,34.57,7,35
129876,34.53,7,35
129978,35.03,7,35
130078,35.15,7,35
130180,34.77,7,35
130281,34.26,7,35
130381,34.96,7,35
130483,34.97,7,35
130584,35.38,7,35
130685,35.05,7,35
130787,34.66,7,35
130888,32.71,7,35
130988,32.24,7,35
131088,31.92,7,35
131188,31.86,7,35
131288,31.57,7,35
131388,32.38,7,35
131488,31.35,7,35
131588,31.61,7,35
131688,31.61,7,35
131788,32.14,7,35
131888,32.33,7,35
131988,33.17,7,35
132088,33.63,7,35
132189,34.95,7,35
132290,35.24,7,35
132391,34.26,7,35
132492,33.7,7,35
132593,34.67,7,35
132694,34.86,7,35
132795,33.69,7,35
132895,32.64,7,35
132996,33.06,7,35
133096,32.87,7,35
133196,32.64,7,35
133297,32.64,7,35
133397,32.13,7,35
133497,31.64,7,35
133597,31.59,7,35
133697,31.98,7,35
133797,32.13,7,35
133897,32.12,7,35
133997,32.12,7,35
134097,32.64,7,35
134197,32.31,7,35
134297,32.14,7,35
134397,31.59,7,35
134497,31.59,7,35
134597,31.73,7,35
134697,32.01,7,35
134797,32.12,7,35
134897,32.12,7,35
134998,32.14,7,35
135098,32.14,7,35
135198,31.72,7,35
135298,31.59,7,35
135398,31.6,7,35
135498,31.6,7,35
135598,31.71,7,35
135698,32.12,7,35
135798,32.14,7,35
135898,32.12,7,35
135998,32.12,7,35
136098,32.14,7,35
136198,32.12,7,35
136298,32.53,7,35
136398,32.64,7,35
136498,32.92,7,35
136598,33.03,7,35
136698,32.64,7,35
136799,33.94,7,35
136900,33.95,7,35
137000,33.95,7,35
137101,32.64,7,35
137201,33.27,7,35
137302,32.14,7,35
137402,32.12,7,35
137502,33.19,7,35
137603,34.73,7,35
137703,34.47,7,35
137804,34.73,7,35
137905,33.97,7,35
138006,33.71,7,35
138106,33.69,7,35
138207,34.73,7,35
138308,34.73,7,35
138409,34.73,7,35
138510,34.73,7,35
138611,34.73,7,35
138713,34.47,7,35
138813,33.43,7,35
138914,33.45,7,35
139015,34.05,7,35
139115,33.43,7,35
139215,33.61,7,35
139317,33.43,7,35
139417,33.42,7,35
139517,33.58,7,35
139618,33.16,7,35
139718,33.95,7,35
139820,34.32,7,35
139920,33.79,7,35
140021,32.9,7,35
140122,33.08,7,35
140222,33.19,7,35
140322,34.64,7,35
140423,35.57,7,35
140524,36.12,7,35
140626,35.66,7,35
140728,40.26,7,35
140831,37.68,7,35
140934,35.8,7,35
141035,35.14,7,35
141135,35.99,7,35
141238,35.43,7,35
141339,35.99,7,35
141441,36.35,7,35
141542,35.16,7,35
141643,35.8,7,35
141745,35.52,7,35
141846,35.43,7,35
141947,35.15,7,35
142049,35.52,7,35
142150,35.43,7,35
142252,35.43,7,35
142353,35.25,7,35
142454,35.33,7,35
142556,35.8,7,35
142657,34.74,7,35
142758,35.71,7,35
142860,34.73,7,35
142960,34.73,7,35
143062,34.73,7,35
143163,34.73,7,35
143263,34.73,7,35
143365,34.73,7,35
143466,34.43,7,35
143566,34.11,7,35
143668,33.98,7,35
143768,34.27,7,35
143869,34.73,7,35
143970,34.73,7,35
144071,36.36,7,35
144173,35.43,7,35
144274,35.8,7,35
144375,35.62,7,35
144477,35.34,7,35
144578,35.15,7,35
144679,35.89,7,35
144781,35.71,7,35
144882,35.06,7,35
144984,35.62,7,35
145085,35.89,7,35
145186,35.89,7,35
145288,36.25,7,35
145389,34.74,7,35
145490,34.73,7,35
145592,34.73,7,35
145693,34.74,7,35
145794,35.2,7,35
145895,36.06,7,35
145996,36.06,7,35
146099,35.89,7,35
146200,35.43,7,35
146301,35.43,7,35
146403,36.08,7,35
146504,36.36,7,35
146606,35.69,7,35
146707,35.69,7,35
146808,36.43,7,35
146911,36.36,7,35
147012,36.36,7,35
147113,35.53,7,35
147215,35.85,7,35
147317,35.47,7,35
147419,35.67,7,35
147520,36.41,7,35
147621,34.97,7,35
147723,36.23,7,35
147824,34.97,7,35
147926,36.22,7,35
148027,36.57,7,35
148129,36.27,7,35
148231,34.97,7,35
148332,34.97,7,35
148432,34.95,7,35
148534,36.23,7,35
148635,36.13,7,35
148738,36.13,7,35
148839,36.12,7,35
148940,35.69,7,35
149042,34.96,7,35
149143,34.97,7,35
149244,36.19,7,35
149346,36.57,7,35
149448,36.13,7,35
149550,36.32,7,35
149651,36.18,7,35
149752,36.22,7,35
149855,37.06,7,35
149956,36.51,7,35
150059,36.5,7,35
150160,36.29,7,35
150261,36.5,7,35
150364,35.99,7,35
150465,36.56,7,35
150566,34.97,7,35
150668,34.97,7,35
150769,34.97,7,35
150871,35.25,7,35
150972,35.89,7,35
151073,35.06,7,35
151175,34.73,7,35
151275,34.73,7,35
151376,35.75,7,35
151478,35.62,7,35
151579,36.16,7,35
151681,36.13,7,35
151782,35.89,7,35
151884,34.55,7,35
151985,34.21,7,35
152086,34.21,7,35
152186,34.81,7,35
152288,34.97,7,35
152389,34.96,7,35
152491,34.97,7,35
152591,34.97,7,35
152692,34.97,7,35
152794,34.97,7,35
152895,35.43,7,35
152996,36.12,7,35
153098,36.21,7,35
153199,35.2,7,35
153300,34.97,7,35
153402,34.96,7,35
153503,34.97,7,35
153604,34.97,7,35
153705,35.17,7,35
153806,34.96,7,35
153908,34.86,7,35
154009,34.47,7,35
154109,34.16,7,35
154211,33.69,7,35
154311,32.91,7,35
154412,34.21,7,35
154512,33.95,7,35
154613,34.14,7,35
154714,34.97,7,35
154815,34.96,7,35
154916,34.69,7,35
155017,34.96,7,35
155118,34.97,7,35
155219,34.97,7,35
155321,34.67,7,35
155421,34.21,7,35
155523,35.56,7,35
155624,34.21,7,35
155724,35.63,7,35
155826,34.73,7,35
155927,34.73,7,35
156028,34.91,7,35
156129,35.29,7,35
156230,35.19,7,35
156332,35.19,7,35
156433,34.92,7,35
156534,35.11,7,35
156636,36.04,7,35
156737,36.12,7,35
156838,36.01,7,35
156940,35.87,7,35
157041,34.87,7,35
157143,35.29,7,35
157244,36.59,7,35
157345,36.12,7,35
157448,36.5,7,35
157549,35.47,7,35
157650,33.9,7,35
157751,34.73,7,35
157852,34.73,7,35
157954,36.4,7,35
158055,34.87,7,35
158156,34.8,7,35
158258,34.47,7,35
158358,34.84,7,35
158459,34.73,7,35
158561,34.52,7,35
158661,35.08,7,35
158763,34.76,7,35
158864,34.97,7,35
158965,35.06,7,35
159066,35.66,7,35
159167,35.76,7,35
159269,35.75,7,35
159371,35.29,7,35
159472,35.98,7,35
159574,35.66,7,35
159675,35.65,7,35
159776,36.12,7,35
159878,35.74,7,35
159979,35.2,7,35
160080,34.73,7,35
160182,35.8,7,35
160283,35.78,7,35
160385,35.27,7,35
160486,35.87,7,35
160587,34.75,7,35
160689,34.74,7,35
160790,35.48,7,35
160891,34.97,7,35
160992,35.38,7,35
161094,35.15,7,35
161195,35.71,7,35
161297,35.62,7,35
161398,35.15,7,35
161499,36.04,7,35
161601,35.71,7,35
161702,35.87,7,35
161804,38.08,7,35
161906,37.71,7,35
162009,35.83,7,35
162110,36.27,7,35
162212,35.67,7,35
162314,35.94,7,35
162415,35.04,7,35
162516,34.82,7,35
162618,36.66,7,35
162720,40.48,7,35
162824,35.67,7,35
162925,35.85,7,35
163026,37.17,7,35
163129,37.17,7,35
163231,36.97,7,35
163334,35.38,7,35
163434,36.82,7,35
163536,35.97,7,35
163638,37.61,7,35
163740,34.97,7,35
163842,34.77,7,35
163943,32.75,7,35
164043,33.08,7,35
164144,32.14,7,35
164244,34.44,7,35
164344,35.6,7,35
164446,34.97,7,35
164547,34.71,7,35
164648,35.05,7,35
164749,35.01,7,35
164850,35.2,7,35
164952,35.2,7,35
165053,34.73,7,35
165154,34.32,7,35
165255,34.21,7,35
165356,34.42,7,35
165456,34.73,7,35
165558,34.27,7,35
165659,33.97,7,35
165760,34.73,7,35
165861,35.05,7,35
165961,34.63,7,35
166063,34.74,7,35
166164,35.06,7,35
166265,34.73,7,35
166366,34.63,7,35
166467,33.95,7,35
166568,34.74,7,35
166669,33.95,7,35
166770,33.96,7,35
166871,34.11,7,35
166971,34.42,7,35
167072,33.96,7,35
167173,33.95,7,35
167274,33.96,7,35
167374,32.66,7,35
167475,33.63,7,35
167575,33.48,7,35
167675,33.09,7,35
167776,34.38,7,35
167877,33.35,7,35
167977,33.8,7,35
168078,33.18,7,35
168179,33.43,7,35
168280,34.47,7,35
168380,34.73,7,35
168481,36.04,7,35
168583,34.57,7,35
168684,35.01,7,35
168785,36.13,7,35
168887,35.57,7,35
168988,34.77,7,35
169089,34.78,7,35
169190,34.97,7,35
169291,35.52,7,35
169393,34.73,7,35
169494,35.89,7,35
169595,34.94,7,35
169696,35.66,7,35
169798,35.67,7,35
169900,34.11,7,35
170000,33.8,7,35
170100,34.01,7,35
170202,33.35,7,35
170302,33.96,7,35
170402,33.64,7,35
170503,34.13,7,35
170604,34.3,7,35
170704,35.47,7,35
170806,34.73,7,35
170907,34.73,7,35
171009,34.73,7,35
171109,35.21,7,35
171210,35.98,7,35
171312,35.85,7,35
171414,35.8,7,35
171515,35.43,7,35
171617,34.97,7,35
171717,35.71,7,35
171820,34.97,7,35
171920,34.97,7,35
172021,34.97,7,35
172123,34.97,7,35
172224,34.97,7,35
172324,35.21,7,35
172426,36.07,7,35
172527,35.99,7,35
172630,35.89,7,35
172731,35.99,7,35
172832,35.34,7,35
172934,35.43,7,35
173035,35.25,7,35
173136,35.89,7,35
173238,35.89,7,35
173339,35.47,7,35
173441,35.61,7,35
173542,34.81,7,35
173643,34.73,7,35
173744,34.73,7,35
173845,34.73,7,35
173946,34.69,7,35
174047,33.94,7,35
174148,33.19,7,35
174248,33.48,7,35
174349,33.16,7,35
174449,33.16,7,35
174550,33.63,7,35
174651,33.19,7,35
174751,33.01,7,35
174852,32.86,7,35
174952,32.61,7,35
175052,33.16,7,35
175152,32.85,7,35
175252,32.91,7,35
175352,33.7,7,35
175454,33.69,7,35
175554,33.94,7,35
175654,34.97,7,35
175756,34.97,7,35
175857,34.96,7,35
175959,34.96,7,35
176059,35.15,7,35
176160,34.74,7,35
176262,35.11,7,35
176363,35.66,7,35
176464,35.76,7,35
176566,35.7,7,35
176667,34.86,7,35
176769,35.8,7,35
176870,36.45,7,35
176971,35.68,7,35
177073,34.96,7,35
177174,34.57,7,35
177275,34.47,7,35
177376,34.26,7,35
177477,33.71,7,35
177577,33.69,7,35
177678,33.87,7,35
177779,34.97,7,35
177881,33.71,7,35
177981,34.47,7,35
178081,34.31,7,35
178183,34.21,7,35
178283,33.97,7,35
178384,33.68,7,35
178485,34.45,7,35
178586,33.68,7,35
178686,33.9,7,35
178787,33.34,7,35
178887,33.95,7,35
178989,33.9,7,35
179089,33.63,7,35
179189,33.69,7,35
179291,34.21,7,35
179391,33.58,7,35
179491,34.18,7,35
179593,34.41,7,35
179693,33.6,7,35
179794,33.9,7,35
179895,34.0,7,35
179996,34.28,7,35
180097,33.96,7,35
180197,34.16,7,35
180298,34.0,7,35
180399,33.07,7,35
180499,33.74,7,35
180600,34.21,7,35
180701,33.9,7,35
180801,34.13,7,35
180902,34.05,7,35
181003,34.21,7,35
181104,33.92,7,35
181204,34.42,7,35
181306,33.95,7,35
181406,34.05,7,35
181507,34.9,7,35
181608,34.82,7,35
181709,34.73,7,35
181811,35.2,7,35
181911,34.92,7,35
182012,36.09,7,35
182114,35.52,7,35
182215,36.03,7,35
182318,36.12,7,35
182419,36.12,7,35
182520,35.99,7,35
182622,34.96,7,35
182723,35.61,7,35
182824,34.67,7,35
182926,34.81,7,35
183027,34.77,7,35
183128,34.21,7,35
183229,33.43,7,35
183329,34.06,7,35
183430,34.21,7,35
183531,34.21,7,35
183631,33.59,7,35
183732,33.43,7,35
183833,33.69,7,35
183933,34.06,7,35
184034,34.51,7,35
184135,34.97,7,35
184237,34.96,7,35
184337,34.52,7,35
184438,34.42,7,35
184539,33.95,7,35
184640,34.26,7,35
184740,34.73,7,35
184842,33.94,7,35
184942,33.94,7,35
185043,33.96,7,35
185144,33.95,7,35
185245,33.95,7,35
185346,33.95,7,35
185446,33.95,7,35
185547,33.97,7,35
185648,34.73,7,35
185749,34.82,7,35
185850,35.06,7,35
185951,34.42,7,35
186052,34.2,7,35
186152,35.66,7,35
186254,35.19,7,35
186355,35.47,7,35
186457,35.14,7,35
186558,35.65,7,35
186659,34.81,7,35
186761,35.7,7,35
186862,35.51,7,35
186963,35.33,7,35
187065,35.52,7,35
187166,35.15,7,35
187268,34.97,7,35
187369,34.96,7,35
187470,34.96,7,35
187571,34.95,7,35
187672,34.96,7,35
187773,34.96,7,35
187875,34.95,7,35
187975,34.96,7,35
188077,36.58,7,35
188179,36.22,7,35
188280,35.65,7,35
188382,35.76,7,35
188483,36.19,7,35
188584,36.62,7,35
188687,34.97,7,35
188787,34.97,7,35
188889,34.97,7,35
188990,34.97,7,35
189091,34.97,7,35
189193,35.43,7,35
189293,35.61,7,35
189394,34.96,7,35
189496,34.97,7,35
189597,35.53,7,35
189699,35.75,7,35
189800,35.66,7,35
189901,36.22,7,35
190004,35.93,7,35
190105,35.65,7,35
190206,36.03,7,35
190308,35.85,7,35
190409,34.97,7,35
190511,34.97,7,35
190612,34.47,7,35
190712,35.21,7,35
190814,36.21,7,35
190915,35.61,7,35
191017,34.96,7,35
191118,35.67,7,35
191219,35.79,7,35
191321,35.89,7,35
191423,35.44,7,35
191524,35.1,7,35
191625,34.87,7,35
191726,34.96,7,35
191827,34.96,7,35
191929,36.12,7,35
192030,36.57,7,35
192132,36.21,7,35
192234,36.21,7,35
192335,34.97,7,35
192437,34.96,7,35
192537,35.24,7,35
192638,35.84,7,35
192740,35.94,7,35
192842,35.93,7,35
192944,34.87,7,35
193045,34.97,7,35
193145,34.97,7,35
193247,35.28,7,35
193348,35.65,7,35
193449,35.65,7,35
193551,35.82,7,35
193652,36.02,7,35
193754,36.12,7,35
193856,36.12,7,35
193957,35.84,7,35
194059,35.65,7,35
194160,35.1,7,35
194262,35.57,7,35
194363,36.36,7,35
194464,36.7,7,35
194567,36.17,7,35
194668,35.1,7,35
194769,35.47,7,35
194871,34.92,7,35
194971,34.73,7,35
195073,34.82,7,35
195174,35.57,7,35
195275,35.66,7,35
195377,35.48,7,35
195478,34.91,7,35
195579,35.61,7,35
195681,34.97,7,35
195782,34.96,7,35
195883,34.95,7,35
195984,34.96,7,35
196085,34.96,7,35
196187,34.95,7,35
196287,34.96,7,35
196388,34.97,7,35
196490,34.95,7,35
196591,34.97,7,35
196691,35.34,7,35
196793,35.29,7,35
196894,35.43,7,35
196996,35.5,7,35
197097,35.89,7,35
197198,35.99,7,35
197300,35.8,7,35
197402,35.89,7,35
197504,35.8,7,35
197605,35.52,7,35
197706,36.17,7,35
197808,36.17,7,35
197909,35.89,7,35
198010,35.89,7,35
198113,35.89,7,35
198214,35.89,7,35
198316,35.53,7,35
198417,36.08,7,35
198518,36.35,7,35
198620,35.89,7,35
198722,35.34,7,35
198822,35.89,7,35
198925,36.35,7,35
199026,35.99,7,35
199128,36.33,7,35
199229,42.54,7,35
199333,35.47,7,35
199435,35.38,7,35
199536,35.56,7,35
199638,35.19,7,35
199739,35.73,7,35
199840,36.12,7,35
199943,36.31,7,35
0,39.48,7,40
100,39.9,7,40
202,40.22,7,40
306,39.12,7,40
408,40.33,7,40
512,40.26,7,40
615,39.82,7,40
717,39.82,7,40
821,40.24,7,40
924,40.29,7,40
1027,40.26,7,40
1130,40.26,7,40
1233,40.28,7,40
1337,40.25,7,40
1440,39.82,7,40
1543,40.09,7,40
1646,40.29,7,40
1750,40.28,7,40
1853,39.9,7,40
1955,39.84,7,40
2059,39.82,7,40
2162,40.1,7,40
2265,40.26,7,40
2368,40.09,7,40
2471,39.81,7,40
2575,39.82,7,40
2677,39.84,7,40
2781,39.82,7,40
2884,39.81,7,40
2987,39.82,7,40
3090,39.82,7,40
3192,39.84,7,40
3296,39.8,7,40
3399,39.82,7,40
3502,39.82,7,40
3605,39.82,7,40
3708,39.81,7,40
3811,39.91,7,40
3914,40.0,7,40
4018,39.82,7,40
4120,39.82,7,40
4224,39.82,7,40
4326,39.82,7,40
4429,39.82,7,40
4533,39.82,7,40
4635,39.56,7,40
4739,39.36,7,40
4841,39.38,7,40
4944,39.45,7,40
5047,39.46,7,40
5150,39.34,7,40
5253,38.89,7,40
5356,38.91,7,40
5458,38.91,7,40
5561,38.89,7,40
5663,38.89,7,40
5767,39.09,7,40
5869,39.05,7,40
5971,38.89,7,40
6074,38.9,7,40
6177,38.9,7,40
6280,38.89,7,40
6382,38.89,7,40
6486,38.91,7,40
6588,38.91,7,40
6690,38.89,7,40
6793,38.89,7,40
6896,38.9,7,40
6999,38.91,7,40
7101,38.89,7,40
7203,38.89,7,40
7307,38.91,7,40
7409,38.91,7,40
7512,38.89,7,40
7614,38.89,7,40
7717,38.9,7,40
7820,38.91,7,40
7922,38.89,7,40
8025,38.91,7,40
8128,38.91,7,40
8230,39.17,7,40
8333,39.54,7,40
8436,39.82,7,40
8539,40.19,7,40
8642,40.27,7,40
8745,39.45,7,40
8848,39.14,7,40
8951,39.22,7,40
9054,39.31,7,40
9157,39.15,7,40
9260,39.29,7,40
9363,39.4,7,40
9465,39.59,7,40
9568,39.5,7,40
9671,39.47,7,40
9775,39.39,7,40
9877,39.12,7,40
9979,39.12,7,40
10083,40.08,7,40
10186,40.37,7,40
10289,40.29,7,40
10392,40.11,7,40
10496,39.82,7,40
10599,39.72,7,40
10701,39.37,7,40
10805,38.89,7,40
10907,38.87,7,40
11011,38.91,7,40
11113,38.88,7,40
11215,38.89,7,40
11318,40.02,7,40
11421,39.58,7,40
11525,39.03,7,40
11627,38.63,7,40
11729,38.67,7,40
11833,38.67,7,40
11935,39.35,7,40
12038,39.82,7,40
12141,39.82,7,40
12244,39.82,7,40
12347,39.8,7,40
12450,39.82,7,40
12554,38.89,7,40
12656,38.65,7,40
12759,38.66,7,40
12861,38.67,7,40
12964,39.14,7,40
13067,39.56,7,40
13170,39.59,7,40
13273,39.36,7,40
13376,38.91,7,40
13478,38.98,7,40
13581,39.82,7,40
13684,40.28,7,40
13788,39.77,7,40
13890,39.14,7,40
13993,39.11,7,40
14096,39.12,7,40
14199,39.14,7,40
14302,39.11,7,40
14404,39.14,7,40
14508,39.12,7,40
14610,39.12,7,40
14713,39.14,7,40
14816,39.45,7,40
14919,40.37,7,40
15022,40.28,7,40
15125,40.02,7,40
15228,39.82,7,40
15332,39.8,7,40
15434,39.37,7,40
15538,39.25,7,40
15640,38.91,7,40
15744,38.89,7,40
15846,40.03,7,40
15949,39.68,7,40
16052,39.6,7,40
16155,39.1,7,40
16258,38.68,7,40
16361,38.68,7,40
16463,38.67,7,40
16566,38.67,7,40
16668,38.65,7,40
16772,39.8,7,40
16874,38.66,7,40
16976,38.68,7,40
17080,38.68,7,40
17182,38.95,7,40
17285,39.4,7,40
17388,39.57,7,40
17490,39.58,7,40
17594,38.91,7,40
17696,38.87,7,40
17799,38.91,7,40
17902,39.01,7,40
18004,39.34,7,40
18107,39.84,7,40
18210,40.46,7,40
18314,39.12,7,40
18416,39.14,7,40
18520,39.12,7,40
18622,39.1,7,40
18725,39.14,7,40
18828,39.1,7,40
18930,39.14,7,40
19034,39.12,7,40
19136,39.11,7,40
19239,39.14,7,40
19342,39.9,7,40
19445,40.28,7,40
19549,39.81,7,40
19651,39.82,7,40
19755,39.35,7,40
19857,38.91,7,40
19960,38.91,7,40
20063,39.12,7,40
20165,39.58,7,40
20269,38.89,7,40
20371,38.89,7,40
20474,40.03,7,40
20577,40.05,7,40
20680,39.59,7,40
20784,39.56,7,40
20886,38.93,7,40
20989,38.82,7,40
21092,39.35,7,40
21194,39.26,7,40
21298,39.34,7,40
21400,38.91,7,40
21504,38.78,7,40
21606,38.45,7,40
21708,38.43,7,40
21811,38.43,7,40
21913,38.99,7,40
22017,39.54,7,40
22119,38.89,7,40
22222,38.68,7,40
22325,38.87,7,40
22427,39.5,7,40
22531,39.14,7,40
22633,38.89,7,40
22735,39.01,7,40
22839,39.45,7,40
22941,39.82,7,40
23045,40.17,7,40
23148,40.28,7,40
23251,40.54,7,40
23354,39.12,7,40
23457,39.12,7,40
23560,39.12,7,40
23663,39.14,7,40
23766,39.13,7,40
23868,39.14,7,40
23971,39.12,7,40
24074,39.12,7,40
24177,39.36,7,40
24280,40.28,7,40
24383,39.82,7,40
24486,39.72,7,40
24589,38.89,7,40
24692,38.91,7,40
24795,38.89,7,40
24897,39.36,7,40
25000,39.31,7,40
25103,38.65,7,40
25205,38.68,7,40
25309,38.67,7,40
25411,38.67,7,40
25513,38.65,7,40
25616,39.13,7,40
25719,39.54,7,40
25822,39.35,7,40
25925,39.36,7,40
26028,39.33,7,40
26131,38.89,7,40
26233,38.45,7,40
26336,38.43,7,40
26438,38.43,7,40
26541,38.42,7,40
26643,38.45,7,40
26746,38.45,7,40
26849,39.17,7,40
26951,39.45,7,40
27055,39.12,7,40
27157,38.65,7,40
27259,39.3,7,40
27363,39.59,7,40
27465,39.58,7,40
27569,40.03,7,40
27672,38.91,7,40
27774,38.88,7,40
27877,39.17,7,40
27980,39.79,7,40
28083,39.58,7,40
28186,39.1,7,40
28289,40.55,7,40
28392,39.84,7,40
28495,39.12,7,40
28598,39.14,7,40
28701,39.12,7,40
28804,39.12,7,40
28907,39.14,7,40
29009,39.14,7,40
29113,39.14,7,40
29215,39.12,7,40
29318,39.14,7,40
29421,39.12,7,40
29523,39.67,7,40
29627,40.09,7,40
29730,39.73,7,40
29833,39.45,7,40
29936,39.38,7,40
30039,39.45,7,40
30142,39.34,7,40
30244,39.37,7,40
30348,39.79,7,40
30450,39.82,7,40
30554,38.99,7,40
30656,38.91,7,40
30759,38.9,7,40
30862,38.87,7,40
30964,38.91,7,40
31068,38.89,7,40
31170,38.89,7,40
31272,38.87,7,40
31376,39.84,7,40
31478,38.87,7,40
31582,38.68,7,40
31684,38.67,7,40
31787,39.81,7,40
31890,39.72,7,40
31992,39.38,7,40
32096,39.36,7,40
32198,39.36,7,40
32302,39.38,7,40
32404,39.14,7,40
32507,38.68,7,40
32610,39.23,7,40
32712,39.6,7,40
32816,39.79,7,40
32919,38.91,7,40
33021,38.89,7,40
33124,38.89,7,40
33227,38.91,7,40
33330,38.91,7,40
33432,39.31,7,40
33536,39.38,7,40
33638,39.36,7,40
33740,39.47,7,40
33844,39.82,7,40
33947,39.82,7,40
34050,39.84,7,40
34153,39.82,7,40
34256,39.82,7,40
34359,39.84,7,40
34462,39.8,7,40
34566,39.44,7,40
34668,38.91,7,40
34771,38.91,7,40
34874,39.57,7,40
34976,39.69,7,40
35080,38.87,7,40
35182,38.68,7,40
35286,39.05,7,40
35388,38.98,7,40
35490,38.44,7,40
35594,39.59,7,40
35696,39.12,7,40
35800,39.14,7,40
35902,39.48,7,40
36005,38.44,7,40
36108,38.99,7,40
36210,39.31,7,40
36314,38.65,7,40
36416,38.68,7,40
36518,38.92,7,40
36621,39.21,7,40
36724,39.58,7,40
36827,39.85,7,40
36930,38.87,7,40
37032,38.89,7,40
37135,39.45,7,40
37238,39.82,7,40
37342,39.82,7,40
37444,39.84,7,40
37548,40.29,7,40
37651,39.12,7,40
37753,39.14,7,40
37857,39.48,7,40
37959,39.31,7,40
38063,39.12,7,40
38165,39.11,7,40
38268,39.13,7,40
38371,39.11,7,40
38473,39.13,7,40
38577,39.1,7,40
38679,39.09,7,40
38782,39.43,7,40
38885,40.25,7,40
38988,40.27,7,40
39092,39.81,7,40
39195,39.8,7,40
39298,39.81,7,40
39401,39.62,7,40
39503,39.15,7,40
39607,38.87,7,40
39709,38.88,7,40
39812,38.9,7,40
39915,38.9,7,40
40017,38.9,7,40
40120,40.06,7,40
40223,39.58,7,40
40327,39.3,7,40
40429,38.65,7,40
40531,38.67,7,40
40635,38.67,7,40
40737,38.67,7,40
40840,38.65,7,40
40942,38.64,7,40
41044,38.88,7,40
41148,39.8,7,40
41250,39.8,7,40
41354,38.65,7,40
41456,38.62,7,40
41559,38.65,7,40
41662,38.67,7,40
41764,38.67,7,40
41867,38.65,7,40
41969,39.21,7,40
42073,39.55,7,40
42175,39.95,7,40
42278,40.04,7,40
42382,39.79,7,40
42484,38.88,7,40
42588,38.9,7,40
42690,38.9,7,40
42792,38.88,7,40
42895,38.9,7,40
42998,38.88,7,40
43101,38.88,7,40
43203,39.34,7,40
43307,39.37,7,40
43409,39.82,7,40
43512,39.81,7,40
43616,39.81,7,40
43718,39.81,7,40
43822,39.81,7,40
43925,39.8,7,40
44027,39.53,7,40
44131,39.06,7,40
44233,38.87,7,40
44337,38.9,7,40
44439,39.57,7,40
44541,39.94,7,40
44645,39.57,7,40
44748,39.39,7,40
44851,38.67,7,40
44954,38.66,7,40
45057,39.69,7,40
45159,39.34,7,40
45262,38.97,7,40
45365,38.42,7,40
45467,38.42,7,40
45570,38.43,7,40
45672,38.43,7,40
45775,39.57,7,40
45878,39.58,7,40
45981,39.67,7,40
46084,38.41,7,40
46186,38.43,7,40
46288,38.43,7,40
46392,38.43,7,40
46494,38.78,7,40
46597,39.24,7,40
46699,39.53,7,40
46802,38.88,7,40
46905,38.65,7,40
47007,38.67,7,40
47111,39.02,7,40
47213,39.49,7,40
47315,39.78,7,40
47419,39.57,7,40
47522,38.89,7,40
47625,38.87,7,40
47727,38.86,7,40
47831,38.9,7,40
47933,38.9,7,40
48035,38.88,7,40
48138,38.9,7,40
48241,38.9,7,40
48344,38.88,7,40
48446,38.9,7,40
48549,38.9,7,40
48652,38.88,7,40
48754,38.88,7,40
48858,38.9,7,40
48960,40.04,7,40
49063,39.84,7,40
49166,39.57,7,40
49269,39.29,7,40
49372,38.66,7,40
49475,38.67,7,40
49577,39.46,7,40
49680,39.15,7,40
49783,38.43,7,40
49886,38.43,7,40
49988,39.58,7,40
50092,39.38,7,40
50194,39.3,7,40
50297,39.59,7,40
50400,38.87,7,40
50502,38.43,7,40
50606,38.41,7,40
50708,38.97,7,40
50810,39.52,7,40
50914,39.57,7,40
51016,38.62,7,40
51119,38.67,7,40
51222,38.67,7,40
51324,38.66,7,40
51427,39.38,7,40
51529,39.53,7,40
51633,38.86,7,40
51735,38.88,7,40
51837,38.9,7,40
51941,38.9,7,40
52043,38.88,7,40
52146,38.9,7,40
52249,39.34,7,40
52352,39.34,7,40
52455,39.34,7,40
52557,38.86,7,40
52660,38.9,7,40
52763,38.9,7,40
52866,38.88,7,40
52968,40.01,7,40
53071,39.55,7,40
53174,38.85,7,40
53277,38.66,7,40
53380,39.38,7,40
53483,38.96,7,40
53585,38.43,7,40
53688,39.46,7,40
53790,39.13,7,40
53894,38.66,7,40
53996,38.2,7,40
54098,38.19,7,40
54201,38.2,7,40
54303,38.2,7,40
54406,38.19,7,40
54508,38.91,7,40
54610,39.12,7,40
54714,38.44,7,40
54816,38.95,7,40
54919,39.44,7,40
55022,39.63,7,40
55124,39.38,7,40
55228,38.67,7,40
55330,38.84,7,40
55433,39.39,7,40
55536,39.77,7,40
55639,39.61,7,40
55742,38.88,7,40
55844,38.9,7,40
55948,38.91,7,40
56050,38.89,7,40
56153,38.86,7,40
56256,38.9,7,40
56358,38.88,7,40
56461,38.89,7,40
56563,38.91,7,40
56667,38.91,7,40
56769,40.03,7,40
56872,39.59,7,40
56975,39.19,7,40
57078,38.67,7,40
57181,39.49,7,40
57284,39.35,7,40
57387,38.61,7,40
57489,38.43,7,40
57591,38.42,7,40
57695,39.58,7,40
57797,39.12,7,40
57901,39.14,7,40
58003,39.12,7,40
58105,39.14,7,40
58209,39.14,7,40
58311,39.58,7,40
58415,39.58,7,40
58517,38.66,7,40
58620,38.45,7,40
58723,38.45,7,40
58825,38.45,7,40
58928,38.72,7,40
59030,39.34,7,40
59133,39.38,7,40
59236,39.8,7,40
59339,39.14,7,40
59442,39.8,7,40
59545,38.68,7,40
59648,38.68,7,40
59750,38.66,7,40
59852,38.65,7,40
59955,38.67,7,40
60058,38.77,7,40
60161,39.29,7,40
60263,39.6,7,40
60366,39.59,7,40
60470,39.75,7,40
60572,40.02,7,40
60676,40.02,7,40
60779,38.89,7,40
60881,38.89,7,40
60984,38.87,7,40
61087,38.91,7,40
61190,38.89,7,40
61292,38.98,7,40
61394,39.47,7,40
61498,39.82,7,40
61601,39.82,7,40
61704,39.84,7,40
61807,40.07,7,40
61911,40.1,7,40
62014,39.82,7,40
62116,39.82,7,40
62220,39.82,7,40
62323,39.73,7,40
62426,39.36,7,40
62529,38.91,7,40
62631,38.89,7,40
62734,38.89,7,40
62837,38.91,7,40
62940,38.89,7,40
63042,38.89,7,40
63144,39.58,7,40
63248,40.05,7,40
63351,38.87,7,40
63454,38.89,7,40
63556,38.9,7,40
63660,38.9,7,40
63762,38.88,7,40
63864,38.9,7,40
63968,38.89,7,40
64070,38.89,7,40
64173,39.35,7,40
64276,39.35,7,40
64378,39.35,7,40
64482,39.36,7,40
64584,39.73,7,40
64688,39.81,7,40
64790,39.82,7,40
64893,39.81,7,40
64997,39.82,7,40
65099,39.82,7,40
65203,39.63,7,40
65306,39.45,7,40
65409,39.38,7,40
65512,39.35,7,40
65614,39.37,7,40
65718,39.25,7,40
65820,38.91,7,40
65924,38.91,7,40
66026,38.89,7,40
66128,38.89,7,40
66232,38.91,7,40
66334,38.91,7,40
66437,39.57,7,40
66540,39.95,7,40
66642,39.6,7,40
66746,38.84,7,40
66848,38.65,7,40
66952,38.67,7,40
67054,38.65,7,40
67156,38.66,7,40
67259,38.65,7,40
67361,38.67,7,40
67465,39.82,7,40
67567,39.45,7,40
67671,39.63,7,40
67773,38.91,7,40
67876,38.67,7,40
67979,39.02,7,40
68081,39.49,7,40
68185,39.67,7,40
68287,39.82,7,40
68390,38.87,7,40
68493,38.91,7,40
68596,38.9,7,40
68699,38.89,7,40
68801,39.37,7,40
68904,39.35,7,40
69007,39.37,7,40
69110,39.43,7,40
69213,39.84,7,40
69316,40.16,7,40
69420,40.27,7,40
69523,40.27,7,40
69626,40.28,7,40
69729,40.27,7,40
69832,40.28,7,40
69936,40.0,7,40
70039,39.81,7,40
70142,39.82,7,40
70245,39.47,7,40
70348,38.98,7,40
70451,38.89,7,40
70554,38.91,7,40
70657,38.89,7,40
70759,39.35,7,40
70862,39.93,7,40
70965,39.6,7,40
71068,39.3,7,40
71171,38.86,7,40
71274,38.67,7,40
71376,38.65,7,40
71479,39.12,7,40
71582,39.73,7,40
71685,39.63,7,40
71788,39.82,7,40
71890,39.35,7,40
71994,38.65,7,40
72096,38.66,7,40
72199,38.77,7,40
72302,39.39,7,40
72404,39.77,7,40
72508,39.58,7,40
72610,38.9,7,40
72714,38.9,7,40
72816,38.89,7,40
72919,39.26,7,40
73022,39.45,7,40
73124,39.81,7,40
73228,40.0,7,40
73331,40.28,7,40
73434,40.28,7,40
73537,40.65,7,40
73640,39.44,7,40
73744,39.12,7,40
73846,39.12,7,40
73950,39.47,7,40
74052,39.58,7,40
74156,39.58,7,40
74258,39.6,7,40
74361,39.58,7,40
74464,39.32,7,40
74567,39.4,7,40
74670,39.6,7,40
74773,39.58,7,40
74876,39.31,7,40
74979,39.13,7,40
75082,40.09,7,40
75185,40.28,7,40
75288,40.07,7,40
75392,39.82,7,40
75495,39.82,7,40
75597,39.47,7,40
75701,38.99,7,40
75803,38.91,7,40
75907,39.15,7,40
76009,39.86,7,40
76112,39.58,7,40
76215,38.95,7,40
76318,38.67,7,40
76421,38.67,7,40
76523,39.58,7,40
76626,39.37,7,40
76729,39.35,7,40
76832,39.38,7,40
76935,39.36,7,40
77038,39.82,7,40
77140,38.66,7,40
77243,38.67,7,40
77346,38.77,7,40
77449,39.56,7,40
77551,39.7,7,40
77655,40.06,7,40
77758,38.91,7,40
77860,38.87,7,40
77963,38.91,7,40
78066,38.91,7,40
78169,39.36,7,40
78271,39.8,7,40
78374,39.81,7,40
78478,40.28,7,40
78581,40.35,7,40
78685,39.14,7,40
78787,39.12,7,40
78889,39.15,7,40
78993,39.15,7,40
79095,39.22,7,40
79199,39.14,7,40
79301,39.12,7,40
79404,39.13,7,40
79507,40.45,7,40
79610,40.17,7,40
79714,39.82,7,40
79816,39.7,7,40
79920,39.26,7,40
80022,38.91,7,40
80125,38.91,7,40
80228,38.89,7,40
80330,40.02,7,40
80434,39.58,7,40
80537,39.11,7,40
80640,38.65,7,40
80742,39.11,7,40
80845,39.37,7,40
80948,39.24,7,40
81051,38.91,7,40
81154,38.52,7,40
81256,38.41,7,40
81358,38.69,7,40
81461,38.69,7,40
81564,39.1,7,40
81667,39.53,7,40
81770,38.9,7,40
81872,38.67,7,40
81975,38.65,7,40
82077,39.1,7,40
82181,39.58,7,40
82283,39.68,7,40
82386,40.05,7,40
82490,38.91,7,40
82592,38.89,7,40
82695,38.87,7,40
82798,38.91,7,40
82900,38.91,7,40
83003,39.54,7,40
83106,39.82,7,40
83209,39.84,7,40
83312,40.26,7,40
83416,40.37,7,40
83519,40.61,7,40
83622,39.75,7,40
83725,39.14,7,40
83828,39.75,7,40
83932,40.36,7,40
84034,40.28,7,40
84137,40.09,7,40
84241,39.82,7,40
84344,39.63,7,40
84447,39.25,7,40
84550,38.89,7,40
84653,38.89,7,40
84756,38.91,7,40
84858,39.12,7,40
84961,40.04,7,40
85064,39.77,7,40
85168,39.39,7,40
85270,38.68,7,40
85373,38.67,7,40
85476,39.1,7,40
85578,39.61,7,40
85682,39.38,7,40
85784,39.8,7,40
85888,38.89,7,40
85990,38.65,7,40
86093,38.76,7,40
86196,39.57,7,40
86298,40.04,7,40
86402,38.89,7,40
86504,38.91,7,40
86607,38.91,7,40
86710,38.89,7,40
86812,38.89,7,40
86916,39.38,7,40
87018,39.82,7,40
87121,39.82,7,40
87224,39.84,7,40
87327,40.26,7,40
87431,40.26,7,40
87534,39.44,7,40
87636,39.15,7,40
87740,39.12,7,40
87842,39.12,7,40
87946,39.14,7,40
88048,39.44,7,40
88151,40.37,7,40
88254,40.28,7,40
88357,40.28,7,40
88461,39.82,7,40
88564,39.81,7,40
88668,39.47,7,40
88770,39.07,7,40
88872,38.91,7,40
88976,38.91,7,40
89078,38.89,7,40
89181,39.79,7,40
89284,39.58,7,40
89388,39.47,7,40
89490,38.93,7,40
89592,38.67,7,40
89696,38.68,7,40
89798,39.73,7,40
89901,39.19,7,40
90004,38.87,7,40
90106,38.89,7,40
90209,38.91,7,40
90312,39.24,7,40
90415,39.36,7,40
90518,39.71,7,40
90620,38.66,7,40
90724,38.87,7,40
90826,39.67,7,40
90929,40.05,7,40
91032,38.89,7,40
91134,38.89,7,40
91238,39.0,7,40
91340,39.82,7,40
91444,40.25,7,40
91547,39.61,7,40
91650,39.21,7,40
91753,39.59,7,40
91855,39.66,7,40
91959,39.86,7,40
92062,39.58,7,40
92165,39.58,7,40
92268,39.55,7,40
92370,39.61,7,40
92474,39.59,7,40
92577,39.59,7,40
92680,39.59,7,40
92783,39.59,7,40
92886,39.59,7,40
92989,39.14,7,40
93091,40.28,7,40
93195,39.79,7,40
93298,39.81,7,40
93402,40.28,7,40
93504,40.28,7,40
93607,40.28,7,40
93711,39.83,7,40
93814,39.63,7,40
93918,39.07,7,40
94020,38.89,7,40
94123,38.91,7,40
94226,38.91,7,40
94328,39.77,7,40
94432,39.3,7,40
94534,38.65,7,40
94637,38.67,7,40
94740,38.67,7,40
94842,38.67,7,40
94945,38.66,7,40
95047,38.66,7,40
95150,39.03,7,40
95253,39.61,7,40
95355,40.03,7,40
95459,38.89,7,40
95561,38.89,7,40
95665,38.91,7,40
95767,38.89,7,40
95869,39.16,7,40
95973,39.61,7,40
96075,39.91,7,40
96179,40.28,7,40
96282,40.37,7,40
96386,39.77,7,40
96488,39.14,7,40
96591,39.14,7,40
96694,39.39,7,40
96797,39.56,7,40
96900,39.59,7,40
97003,39.58,7,40
97105,39.56,7,40
97209,39.58,7,40
97311,39.61,7,40
97415,39.59,7,40
97518,39.31,7,40
97620,39.14,7,40
97724,40.72,7,40
97827,40.3,7,40
97931,40.28,7,40
98033,40.18,7,40
98137,39.82,7,40
98240,39.44,7,40
98342,38.88,7,40
98446,38.91,7,40
98548,38.89,7,40
98651,39.35,7,40
98754,39.95,7,40
98857,39.58,7,40
98960,38.75,7,40
99062,38.67,7,40
99166,38.67,7,40
99268,38.67,7,40
99371,38.65,7,40
99473,39.1,7,40
99576,39.58,7,40
99679,39.77,7,40
99782,40.02,7,40
99886,38.91,7,40
99988,38.91,7,40
100090,38.88,7,40
100193,39.26,7,40
100296,39.53,7,40
100399,39.81,7,40
100502,39.82,7,40
100605,39.82,7,40
100709,39.82,7,40
100811,39.91,7,40
100915,40.28,7,40
101018,40.28,7,40
101122,40.47,7,40
101225,40.28,7,40
101328,40.28,7,40
101432,39.77,7,40
101535,39.14,7,40
101638,39.13,7,40
101740,39.13,7,40
101843,39.12,7,40
101946,39.14,7,40
102049,39.14,7,40
102152,39.12,7,40
102255,39.13,7,40
102358,39.35,7,40
102461,40.28,7,40
102564,39.82,7,40
102667,39.46,7,40
102770,38.88,7,40
102873,38.89,7,40
102976,38.91,7,40
103078,38.89,7,40
103182,40.05,7,40
103284,39.6,7,40
103388,39.1,7,40
103490,38.68,7,40
103593,38.65,7,40
103696,38.66,7,40
103798,39.1,7,40
103902,38.67,7,40
104004,38.66,7,40
104107,38.93,7,40
104210,39.58,7,40
104312,39.58,7,40
104416,39.82,7,40
104519,38.91,7,40
104622,38.89,7,40
104724,38.98,7,40
104827,39.25,7,40
104930,39.63,7,40
105033,39.82,7,40
105136,40.16,7,40
105239,40.28,7,40
105342,40.54,7,40
105446,39.45,7,40
105549,39.11,7,40
105652,39.11,7,40
105755,39.23,7,40
105858,39.58,7,40
105961,39.39,7,40
106063,39.11,7,40
106167,39.13,7,40
106269,40.41,7,40
106373,40.37,7,40
106476,40.28,7,40
106579,40.18,7,40
106683,39.79,7,40
106786,39.36,7,40
106889,38.88,7,40
106991,38.9,7,40
107095,38.91,7,40
107197,38.89,7,40
107299,40.05,7,40
107403,39.58,7,40
107506,39.14,7,40
107609,38.66,7,40
107712,38.67,7,40
107814,38.67,7,40
107917,39.57,7,40
108020,39.81,7,40
108123,39.59,7,40
108226,38.65,7,40
108328,38.65,7,40
108432,39.3,7,40
108534,39.58,7,40
108638,40.02,7,40
108740,38.91,7,40
108844,38.89,7,40
108946,38.89,7,40
109049,38.91,7,40
109152,38.89,7,40
109254,39.36,7,40
109358,39.78,7,40
109460,39.91,7,40
109563,40.28,7,40
109667,40.28,7,40
109770,40.28,7,40
109874,40.37,7,40
109977,40.4,7,40
110081,39.45,7,40
110183,39.46,7,40
110286,39.44,7,40
110390,40.02,7,40
110492,40.28,7,40
110596,40.28,7,40
110699,40.17,7,40
110802,39.82,7,40
110906,39.81,7,40
111009,39.38,7,40
111112,38.91,7,40
111215,38.91,7,40
111318,38.89,7,40
111420,38.9,7,40
111523,40.05,7,40
111626,39.61,7,40
111729,39.19,7,40
111833,38.68,7,40
111935,38.66,7,40
112037,38.66,7,40
112140,38.68,7,40
112243,38.68,7,40
112346,38.66,7,40
112448,38.65,7,40
112551,38.67,7,40
112654,38.67,7,40
112756,38.65,7,40
112859,38.64,7,40
112962,38.67,7,40
113064,38.67,7,40
113167,38.65,7,40
113269,38.65,7,40
113373,38.67,7,40
113475,38.67,7,40
113577,38.65,7,40
113680,38.67,7,40
113783,38.67,7,40
113886,38.67,7,40
113988,38.63,7,40
114091,38.68,7,40
114194,38.68,7,40
114296,38.66,7,40
114399,38.66,7,40
114501,38.67,7,40
114605,38.67,7,40
114707,38.65,7,40
114809,38.66,7,40
114913,38.67,7,40
115015,38.68,7,40
115118,39.13,7,40
115221,39.61,7,40
115323,39.87,7,40
115427,39.36,7,40
115529,38.91,7,40
115633,38.91,7,40
115735,38.89,7,40
115837,38.91,7,40
115941,38.89,7,40
116043,38.89,7,40
116147,38.9,7,40
116249,38.88,7,40
116352,38.89,7,40
116455,38.91,7,40
116557,38.89,7,40
116660,38.87,7,40
116763,38.91,7,40
116866,38.89,7,40
116968,38.89,7,40
117071,38.91,7,40
117174,38.89,7,40
117276,38.91,7,40
117380,38.9,7,40
117482,39.12,7,40
117584,39.13,7,40
117688,40.05,7,40
117791,40.03,7,40
117895,39.59,7,40
117997,39.39,7,40
118100,38.66,7,40
118203,38.65,7,40
118305,38.67,7,40
118409,38.89,7,40
118511,39.57,7,40
118615,39.45,7,40
118717,39.35,7,40
118820,38.8,7,40
118923,38.43,7,40
119025,38.45,7,40
119129,38.44,7,40
119231,38.45,7,40
119333,38.89,7,40
119436,39.35,7,40
119539,39.7,7,40
119642,38.67,7,40
119745,38.67,7,40
119847,38.66,7,40
119950,39.3,7,40
120053,39.58,7,40
120156,40.04,7,40
120259,38.89,7,40
120363,38.91,7,40
120465,38.89,7,40
120567,38.89,7,40
120671,38.9,7,40
120773,39.17,7,40
120876,39.37,7,40
120979,39.36,7,40
121081,39.26,7,40
121185,38.89,7,40
121287,38.91,7,40
121391,38.9,7,40
121493,38.89,7,40
121595,38.91,7,40
121699,39.82,7,40
121801,39.61,7,40
121905,39.3,7,40
122008,38.68,7,40
122110,38.65,7,40
122213,38.65,7,40
122315,39.72,7,40
122419,39.35,7,40
122522,39.07,7,40
122625,38.52,7,40
122727,38.44,7,40
122830,38.7,7,40
122933,39.36,7,40
123035,39.14,7,40
123139,38.67,7,40
123241,38.75,7,40
123343,39.13,7,40
123447,39.31,7,40
123549,39.6,7,40
123653,39.59,7,40
123756,40.05,7,40
123858,38.89,7,40
123962,38.9,7,40
124064,38.89,7,40
124167,38.91,7,40
124270,38.89,7,40
124372,38.89,7,40
124476,39.37,7,40
124578,39.36,7,40
124682,39.45,7,40
124784,39.81,7,40
124888,39.35,7,40
124990,39.26,7,40
125093,38.89,7,40
125196,38.89,7,40
125299,38.91,7,40
125402,38.89,7,40
125504,38.9,7,40
125607,38.91,7,40
125710,38.87,7,40
125812,39.96,7,40
125916,39.58,7,40
126019,39.3,7,40
126121,38.77,7,40
126225,38.68,7,40
126327,38.66,7,40
126430,38.89,7,40
126533,39.63,7,40
126636,39.07,7,40
126739,38.91,7,40
126841,39.31,7,40
126945,39.37,7,40
127047,39.82,7,40
127151,38.67,7,40
127253,38.65,7,40
127355,38.67,7,40
127459,39.02,7,40
127561,39.56,7,40
127665,40.05,7,40
127767,38.91,7,40
127870,38.91,7,40
127973,38.89,7,40
128075,38.9,7,40
128179,38.91,7,40
128281,39.17,7,40
128385,39.37,7,40
128487,39.33,7,40
128590,38.91,7,40
128693,38.89,7,40
128795,38.89,7,40
128899,38.91,7,40
129001,38.89,7,40
129103,38.9,7,40
129207,38.91,7,40
129309,40.05,7,40
129413,40.04,7,40
129516,39.77,7,40
129618,39.59,7,40
129722,38.84,7,40
129824,38.68,7,40
129928,38.67,7,40
130030,38.67,7,40
130132,39.8,7,40
130236,39.35,7,40
130338,38.6,7,40
130442,38.42,7,40
130544,38.44,7,40
130647,38.52,7,40
130749,39.17,7,40
130852,39.37,7,40
130955,39.72,7,40
131058,39.11,7,40
131161,38.65,7,40
131264,38.67,7,40
131366,39.39,7,40
131469,39.6,7,40
131572,40.04,7,40
131676,39.34,7,40
131778,38.91,7,40
131881,38.89,7,40
131984,38.89,7,40
132086,38.91,7,40
132190,38.91,7,40
132292,38.87,7,40
132395,38.91,7,40
132498,38.91,7,40
132600,38.99,7,40
132703,39.17,7,40
132806,38.89,7,40
132909,38.87,7,40
133012,38.91,7,40
133114,38.89,7,40
133217,38.89,7,40
133320,38.9,7,40
133423,40.02,7,40
133526,39.58,7,40
133628,39.1,7,40
133732,38.67,7,40
133834,38.65,7,40
133937,38.67,7,40
134040,39.56,7,40
134142,39.35,7,40
134246,39.25,7,40
134348,38.86,7,40
134452,38.44,7,40
134554,38.42,7,40
134657,38.58,7,40
134759,39.16,7,40
134862,39.35,7,40
134965,39.56,7,40
135068,38.68,7,40
135171,38.75,7,40
135273,39.3,7,40
135376,39.58,7,40
135479,39.6,7,40
135582,39.58,7,40
135686,40.02,7,40
135788,38.9,7,40
135891,38.89,7,40
135994,38.89,7,40
136097,38.91,7,40
136200,38.89,7,40
136302,38.87,7,40
136406,38.9,7,40
136508,38.89,7,40
136610,39.23,7,40
136714,38.91,7,40
136816,38.89,7,40
136919,38.91,7,40
137022,38.91,7,40
137124,39.72,7,40
137228,39.55,7,40
137330,38.94,7,40
137434,38.68,7,40
137536,38.67,7,40
137638,38.67,7,40
137742,38.67,7,40
137844,39.63,7,40
137948,39.08,7,40
138050,38.87,7,40
138152,39.36,7,40
138256,39.12,7,40
138358,38.68,7,40
138462,38.67,7,40
138564,39.1,7,40
138667,39.14,7,40
138770,39.47,7,40
138872,39.6,7,40
138976,39.59,7,40
139079,38.91,7,40
139182,38.88,7,40
139284,38.9,7,40
139387,39.15,7,40
139490,39.33,7,40
139593,39.79,7,40
139696,40.19,7,40
139799,40.13,7,40
139902,40.56,7,40
140006,40.28,7,40
140109,39.91,7,40
140213,39.82,7,40
140315,39.84,7,40
140419,39.52,7,40
140522,39.34,7,40
140624,38.9,7,40
140728,38.9,7,40
140830,38.9,7,40
140933,40.02,7,40
141036,39.58,7,40
141139,39.12,7,40
141242,38.68,7,40
141345,38.68,7,40
141448,38.68,7,40
141550,39.82,7,40
141654,39.82,7,40
141757,39.82,7,40
141859,39.84,7,40
141963,39.82,7,40
142066,38.67,7,40
142169,38.65,7,40
142271,38.77,7,40
142374,39.39,7,40
142477,39.95,7,40
142580,38.88,7,40
142683,38.89,7,40
142786,38.91,7,40
142888,39.26,7,40
142991,39.38,7,40
143094,39.8,7,40
143198,40.01,7,40
143300,40.29,7,40
143404,40.47,7,40
143507,40.28,7,40
143610,39.61,7,40
143714,39.12,7,40
143816,39.13,7,40
143920,39.98,7,40
144023,40.29,7,40
144126,40.01,7,40
144229,39.84,7,40
144332,39.82,7,40
144436,39.82,7,40
144539,39.82,7,40
144642,39.36,7,40
144745,38.91,7,40
144847,38.89,7,40
144950,38.91,7,40
145053,38.91,7,40
145156,40.05,7,40
145259,39.59,7,40
145362,39.3,7,40
145465,38.75,7,40
145568,38.68,7,40
145671,38.67,7,40
145773,38.65,7,40
145875,38.67,7,40
145979,38.67,7,40
146081,38.67,7,40
146184,38.65,7,40
146286,38.65,7,40
146390,39.12,7,40
146492,39.58,7,40
146595,39.84,7,40
146698,38.85,7,40
146801,38.9,7,40
146904,38.98,7,40
147006,39.63,7,40
147109,39.82,7,40
147213,40.0,7,40
147315,40.28,7,40
147419,40.28,7,40
147522,40.12,7,40
147625,39.14,7,40
147729,39.14,7,40
147831,39.12,7,40
147935,40.37,7,40
148038,40.09,7,40
148142,39.81,7,40
148244,39.37,7,40
148347,39.07,7,40
148450,38.88,7,40
148553,38.9,7,40
148656,38.88,7,40
148758,38.9,7,40
148861,40.0,7,40
148965,39.59,7,40
149067,38.75,7,40
149171,38.66,7,40
149273,38.67,7,40
149376,39.35,7,40
149479,39.53,7,40
149581,39.36,7,40
149685,39.34,7,40
149787,39.54,7,40
149891,38.67,7,40
149993,38.65,7,40
150095,39.3,7,40
150199,39.86,7,40
150301,39.14,7,40
150405,38.88,7,40
150507,38.88,7,40
150610,38.91,7,40
150713,39.35,7,40
150816,39.56,7,40
150919,39.81,7,40
151022,39.82,7,40
151126,40.0,7,40
151228,40.28,7,40
151331,40.28,7,40
151435,40.26,7,40
151538,40.28,7,40
151642,40.28,7,40
151745,39.89,7,40
151848,39.63,7,40
151951,39.01,7,40
152054,38.91,7,40
152157,38.89,7,40
152259,39.81,7,40
152363,39.86,7,40
152466,39.58,7,40
152569,39.03,7,40
152672,38.65,7,40
152774,38.89,7,40
152878,39.82,7,40
152980,39.84,7,40
153083,39.61,7,40
153187,39.82,7,40
153289,39.59,7,40
153393,38.66,7,40
153495,38.68,7,40
153598,39.04,7,40
153701,39.59,7,40
153804,39.14,7,40
153907,38.89,7,40
154009,38.91,7,40
154113,38.99,7,40
154215,39.35,7,40
154318,39.81,7,40
154421,39.9,7,40
154524,39.57,7,40
154628,39.12,7,40
154730,39.14,7,40
154833,39.12,7,40
154936,39.12,7,40
155039,39.77,7,40
155142,39.14,7,40
155245,39.1,7,40
155347,39.4,7,40
155451,39.58,7,40
155553,39.49,7,40
155657,39.12,7,40
155760,39.14,7,40
155863,39.4,7,40
155966,39.14,7,40
156068,39.12,7,40
156171,39.12,7,40
156274,39.11,7,40
156377,39.14,7,40
156480,39.69,7,40
156582,40.28,7,40
156686,39.84,7,40
156789,39.41,7,40
156893,38.91,7,40
156995,38.87,7,40
157097,38.91,7,40
157201,38.91,7,40
157303,40.03,7,40
157407,39.59,7,40
157510,39.04,7,40
157613,38.66,7,40
157715,38.66,7,40
157818,38.66,7,40
157921,38.67,7,40
158023,39.19,7,40
158126,39.61,7,40
158229,40.06,7,40
158332,39.59,7,40
158436,38.91,7,40
158538,38.99,7,40
158641,39.9,7,40
158744,39.89,7,40
158848,39.12,7,40
158950,39.12,7,40
159053,39.14,7,40
159156,39.12,7,40
159259,39.58,7,40
159362,39.59,7,40
159465,39.59,7,40
159567,39.6,7,40
159671,39.59,7,40
159774,39.58,7,40
159877,39.57,7,40
159980,39.58,7,40
160083,39.58,7,40
160186,39.58,7,40
160289,39.2,7,40
160392,39.14,7,40
160495,40.44,7,40
160599,40.0,7,40
160702,39.82,7,40
160804,39.36,7,40
160908,38.89,7,40
161010,38.89,7,40
161114,38.9,7,40
161216,39.86,7,40
161319,39.39,7,40
161422,39.12,7,40
161525,38.76,7,40
161628,38.66,7,40
161730,38.67,7,40
161833,38.67,7,40
161936,39.1,7,40
162038,39.4,7,40
162142,39.75,7,40
162244,39.37,7,40
162348,38.89,7,40
162450,38.91,7,40
162553,38.91,7,40
162656,39.34,7,40
162759,39.82,7,40
162862,39.84,7,40
162965,40.29,7,40
163068,40.37,7,40
163172,40.09,7,40
163275,39.13,7,40
163378,39.12,7,40
163481,39.14,7,40
163584,39.13,7,40
163687,39.14,7,40
163789,39.45,7,40
163893,40.37,7,40
163996,40.09,7,40
164099,39.73,7,40
164202,39.08,7,40
164305,38.91,7,40
164408,39.13,7,40
164510,39.7,7,40
164614,39.3,7,40
164717,38.67,7,40
164819,38.65,7,40
164922,38.66,7,40
165024,39.82,7,40
165128,39.82,7,40
165231,39.8,7,40
165334,39.13,7,40
165437,38.66,7,40
165539,38.66,7,40
165642,38.68,7,40
165745,39.11,7,40
165848,39.59,7,40
165951,39.95,7,40
166054,39.36,7,40
166157,38.89,7,40
166259,38.9,7,40
166363,39.24,7,40
166465,39.8,7,40
166568,40.19,7,40
166672,40.35,7,40
166775,39.12,7,40
166878,39.12,7,40
166981,39.56,7,40
167084,39.58,7,40
167187,39.39,7,40
167289,39.14,7,40
167393,39.12,7,40
167495,39.14,7,40
167599,40.21,7,40
167702,40.18,7,40
167805,39.82,7,40
167908,39.08,7,40
168011,38.91,7,40
168114,38.87,7,40
168216,39.95,7,40
168320,39.38,7,40
168423,38.68,7,40
168525,38.65,7,40
168628,39.4,7,40
168731,39.36,7,40
168834,39.36,7,40
168937,39.54,7,40
169039,38.9,7,40
169143,38.68,7,40
169245,38.66,7,40
169348,38.65,7,40
169451,38.78,7,40
169553,39.49,7,40
169656,39.94,7,40
169759,38.9,7,40
169863,38.91,7,40
169965,38.88,7,40
170067,38.89,7,40
170171,39.38,7,40
170273,39.82,7,40
170377,39.79,7,40
170479,40.29,7,40
170583,40.28,7,40
170686,40.27,7,40
170789,40.28,7,40
170893,40.28,7,40
170996,40.47,7,40
171100,39.14,7,40
171203,39.14,7,40
171305,39.1,7,40
171408,39.12,7,40
171511,40.37,7,40
171615,40.19,7,40
171718,39.8,7,40
171821,39.36,7,40
171924,38.89,7,40
172026,38.89,7,40
172130,39.34,7,40
172232,39.68,7,40
172336,39.13,7,40
172438,38.67,7,40
172541,38.66,7,40
172644,38.66,7,40
172746,39.8,7,40
172850,39.73,7,40
172953,39.36,7,40
173056,39.36,7,40
173159,39.71,7,40
173261,38.67,7,40
173365,38.67,7,40
173467,38.66,7,40
173570,39.3,7,40
173673,39.59,7,40
173775,39.76,7,40
173879,40.02,7,40
173982,38.91,7,40
174085,38.87,7,40
174187,38.91,7,40
174290,38.91,7,40
174393,39.33,7,40
174496,39.7,7,40
174599,40.08,7,40
174702,40.28,7,40
174806,40.56,7,40
174909,40.09,7,40
175012,39.75,7,40
175115,40.56,7,40
175218,40.28,7,40
175322,40.28,7,40
175425,40.19,7,40
175528,39.82,7,40
175632,39.45,7,40
175735,38.91,7,40
175838,39.34,7,40
175940,39.61,7,40
176044,39.28,7,40
176147,38.77,7,40
176249,38.66,7,40
176352,38.66,7,40
176455,39.82,7,40
176558,39.35,7,40
176661,39.54,7,40
176763,39.35,7,40
176867,38.66,7,40
176969,38.66,7,40
177073,39.33,7,40
177175,39.58,7,40
177278,39.61,7,40
177381,40.05,7,40
177484,38.91,7,40
177588,38.91,7,40
177690,38.89,7,40
177793,38.89,7,40
177896,39.25,7,40
177998,39.44,7,40
178102,39.8,7,40
178204,39.82,7,40
178308,39.8,7,40
178411,39.81,7,40
178513,39.82,7,40
178617,39.82,7,40
178720,39.8,7,40
178824,39.37,7,40
178926,38.89,7,40
179028,38.89,7,40
179132,38.91,7,40
179234,38.89,7,40
179337,39.58,7,40
179440,39.67,7,40
179544,39.13,7,40
179646,38.67,7,40
179749,38.67,7,40
179852,39.57,7,40
179954,39.84,7,40
180058,39.73,7,40
180161,39.59,7,40
180263,38.68,7,40
180367,38.67,7,40
180469,38.84,7,40
180572,39.58,7,40
180675,39.85,7,40
180779,38.89,7,40
180881,38.87,7,40
180983,38.89,7,40
181087,39.09,7,40
181189,39.63,7,40
181293,40.01,7,40
181395,40.29,7,40
181498,40.37,7,40
181602,40.35,7,40
181705,40.26,7,40
181809,40.26,7,40
181912,39.84,7,40
182016,39.51,7,40
182118,39.1,7,40
182221,38.89,7,40
182324,38.89,7,40
182427,39.14,7,40
182530,39.93,7,40
182633,39.49,7,40
182735,38.68,7,40
182839,38.67,7,40
182941,39.8,7,40
183045,39.54,7,40
183147,39.36,7,40
183250,39.5,7,40
183353,38.67,7,40
183456,38.68,7,40
183559,38.75,7,40
183661,39.4,7,40
183764,39.93,7,40
183867,38.91,7,40
183970,38.89,7,40
184073,39.63,7,40
184176,39.82,7,40
184280,40.28,7,40
184382,40.28,7,40
184485,40.62,7,40
184589,39.77,7,40
184692,39.12,7,40
184796,39.45,7,40
184898,40.42,7,40
185001,40.54,7,40
185105,40.27,7,40
185208,40.08,7,40
185312,39.82,7,40
185415,39.44,7,40
185518,39.17,7,40
185621,38.89,7,40
185723,38.89,7,40
185827,39.57,7,40
185929,39.61,7,40
186033,39.59,7,40
186136,39.57,7,40
186238,39.59,7,40
186342,39.54,7,40
186444,39.84,7,40
186548,40.05,7,40
186651,40.05,7,40
186755,39.33,7,40
186857,38.91,7,40
186960,39.33,7,40
187063,38.91,7,40
187166,39.13,7,40
187269,39.11,7,40
187372,39.82,7,40
187474,40.05,7,40
187578,40.05,7,40
187681,40.05,7,40
187785,40.06,7,40
187888,39.93,7,40
187991,39.95,7,40
188094,39.58,7,40
188197,39.58,7,40
188300,39.12,7,40
188403,39.14,7,40
188506,39.46,7,40
188609,39.58,7,40
188711,39.58,7,40
188815,39.58,7,40
188918,39.6,7,40
189021,39.57,7,40
189124,39.54,7,40
189227,39.6,7,40
189330,39.56,7,40
189433,39.58,7,40
189536,39.6,7,40
189639,39.4,7,40
189743,39.31,7,40
189845,39.12,7,40
189947,39.14,7,40
190051,39.13,7,40
190153,39.03,7,40
190257,38.67,7,40
190359,38.65,7,40
190461,38.65,7,40
190565,38.68,7,40
190667,38.68,7,40
190770,38.65,7,40
190872,38.67,7,40
190976,39.04,7,40
191078,39.0,7,40
191180,38.69,7,40
191284,38.67,7,40
191386,38.66,7,40
191489,38.65,7,40
191591,38.77,7,40
191694,39.04,7,40
191797,38.72,7,40
191899,38.67,7,40
192003,38.67,7,40
192105,38.65,7,40
192207,38.65,7,40
192310,38.67,7,40
192413,38.68,7,40
192516,38.67,7,40
192618,38.66,7,40
192720,38.67,7,40
192824,38.67,7,40
192926,38.65,7,40
193029,38.65,7,40
193131,38.67,7,40
193234,38.68,7,40
193337,38.67,7,40
193439,38.65,7,40
193542,38.68,7,40
193645,38.68,7,40
193747,38.68,7,40
193850,38.65,7,40
193952,38.67,7,40
194056,38.68,7,40
194158,38.67,7,40
194260,38.65,7,40
194363,38.67,7,40
194466,38.68,7,40
194569,38.67,7,40
194671,38.65,7,40
194774,38.67,7,40
194877,38.68,7,40
194979,38.66,7,40
195082,38.65,7,40
195184,38.67,7,40
195288,39.59,7,40
195390,39.82,7,40
195493,39.8,7,40
195597,39.53,7,40
195699,39.37,7,40
195803,39.36,7,40
195905,39.1,7,40
196008,39.33,7,40
196111,39.37,7,40
196214,39.36,7,40
196317,39.38,7,40
196420,39.35,7,40
196524,39.44,7,40
196626,39.35,7,40
196729,39.37,7,40
196832,39.37,7,40
196935,39.36,7,40
197038,39.38,7,40
197141,39.35,7,40
197243,39.35,7,40
197347,38.98,7,40
197449,38.91,7,40
197553,38.91,7,40
197655,38.89,7,40
197757,38.79,7,40
197861,38.44,7,40
197963,38.44,7,40
198066,38.41,7,40
198168,38.42,7,40
198270,38.44,7,40
198374,38.45,7,40
198476,38.45,7,40
198579,38.43,7,40
198681,38.42,7,40
198784,38.42,7,40
198886,38.43,7,40
198989,38.43,7,40
199092,38.42,7,40
199194,38.45,7,40
199297,38.42,7,40
199399,38.43,7,40
199501,38.44,7,40
199605,38.44,7,40
199707,38.44,7,40
199810,38.44,7,40
199912,38.43,7,40
200014,38.43,7,40
200117,38.45,7,40
200220,38.45,7,40
200323,38.44,7,40
200425,38.44,7,40
200527,38.43,7,40
200630,38.43,7,40
200732,38.45,7,40
200836,38.43,7,40
200938,38.44,7,40
201040,38.44,7,40
201143,38.43,7,40
201245,38.43,7,40
201348,38.44,7,40
201451,38.45,7,40
201553,38.45,7,40
201656,38.44,7,40
201758,38.42,7,40
201861,38.43,7,40
201963,38.44,7,40
202066,38.44,7,40
202169,38.44,7,40
202271,38.45,7,40
202374,38.45,7,40
202476,38.41,7,40
202578,38.43,7,40
202681,38.45,7,40
202784,38.44,7,40
202887,38.44,7,40
202989,38.45,7,40
203091,38.4,7,40
203194,38.43,7,40
203296,38.45,7,40
203400,38.43,7,40
203502,38.44,7,40
203604,38.44,7,40
203707,38.42,7,40
203809,38.43,7,40
203912,38.45,7,40
204015,38.45,7,40
204118,38.44,7,40
204220,38.44,7,40
204322,38.43,7,40
204425,38.42,7,40
204527,38.45,7,40
204631,38.44,7,40
204733,38.43,7,40
204835,38.45,7,40
204938,38.42,7,40
0,43.46,7,45
100,43.05,7,45
203,43.22,7,45
308,44.13,7,45
413,43.5,7,45
518,43.42,7,45
622,43.34,7,45
727,43.54,7,45
831,43.78,7,45
935,43.52,7,45
1040,43.6,7,45
1144,43.76,7,45
1250,44.28,7,45
1354,44.41,7,45
1459,43.61,7,45
1564,43.31,7,45
1669,44.3,7,45
1773,43.57,7,45
1878,44.05,7,45
1983,44.73,7,45
2087,44.82,7,45
2193,44.82,7,45
2298,44.82,7,45
2403,44.66,7,45
2508,44.1,7,45
2613,44.01,7,45
2717,44.03,7,45
2823,44.07,7,45
2927,44.47,7,45
3033,44.43,7,45
3137,44.49,7,45
3243,44.82,7,45
3347,44.82,7,45
3452,44.41,7,45
3558,44.44,7,45
3662,44.42,7,45
3767,44.44,7,45
3872,44.26,7,45
3977,44.03,7,45
4082,44.03,7,45
4187,44.01,7,45
4291,44.28,7,45
4397,44.17,7,45
4501,44.01,7,45
4606,44.03,7,45
4711,44.01,7,45
4815,44.12,7,45
4920,44.43,7,45
5025,44.42,7,45
5130,44.05,7,45
5235,44.01,7,45
5340,44.44,7,45
5445,44.82,7,45
5550,44.82,7,45
5655,44.82,7,45
5760,44.44,7,45
5865,44.42,7,45
5970,44.52,7,45
6075,44.42,7,45
6180,44.43,7,45
6285,44.25,7,45
6389,44.03,7,45
6495,44.02,7,45
6599,44.09,7,45
6705,44.03,7,45
6809,44.01,7,45
6914,43.69,7,45
7018,43.62,7,45
7123,44.03,7,45
7228,45.02,7,45
7333,44.61,7,45
7438,44.27,7,45
7543,45.21,7,45
7648,44.84,7,45
7753,44.8,7,45
7859,44.82,7,45
7963,44.59,7,45
8069,44.41,7,45
8173,44.44,7,45
8279,44.44,7,45
8383,44.43,7,45
8488,44.58,7,45
8593,44.68,7,45
8698,44.5,7,45
8804,44.44,7,45
8908,44.42,7,45
9014,44.52,7,45
9118,44.74,7,45
9224,44.49,7,45
9328,44.41,7,45
9434,44.43,7,45
9538,44.66,7,45
9644,44.82,7,45
9748,44.59,7,45
9853,44.81,7,45
9959,44.42,7,45
10063,44.81,7,45
10169,44.43,7,45
10273,44.82,7,45
10379,44.58,7,45
10484,45.0,7,45
10589,44.81,7,45
10694,44.83,7,45
10800,44.9,7,45
10904,45.06,7,45
11010,44.57,7,45
11115,44.49,7,45
11219,44.68,7,45
11325,44.88,7,45
11430,45.21,7,45
11536,44.43,7,45
11640,44.34,7,45
11746,44.6,7,45
11850,45.0,7,45
11956,44.74,7,45
12061,44.78,7,45
12166,44.47,7,45
12271,44.88,7,45
12377,45.47,7,45
12482,45.07,7,45
12587,44.99,7,45
12692,45.16,7,45
12797,44.64,7,45
12903,45.06,7,45
13007,44.81,7,45
13113,45.22,7,45
13218,44.63,7,45
13324,44.21,7,45
13428,45.18,7,45
13534,45.01,7,45
13639,44.58,7,45
13744,44.78,7,45
13849,44.68,7,45
13955,44.88,7,45
14060,45.22,7,45
14164,44.44,7,45
14270,45.16,7,45
14375,44.93,7,45
14480,44.37,7,45
14585,44.65,7,45
14691,44.52,7,45
14795,44.57,7,45
14901,44.68,7,45
15005,44.93,7,45
15111,44.68,7,45
15216,44.42,7,45
15321,44.68,7,45
15426,44.65,7,45
15532,44.43,7,45
15636,44.71,7,45
15741,44.76,7,45
15847,44.74,7,45
15951,45.13,7,45
16057,44.74,7,45
16162,44.98,7,45
16267,44.84,7,45
16372,44.57,7,45
16478,44.5,7,45
16582,44.84,7,45
16688,44.79,7,45
16793,44.51,7,45
16898,44.41,7,45
17003,44.39,7,45
17107,44.49,7,45
17213,44.82,7,45
17318,44.97,7,45
17423,45.22,7,45
17528,45.3,7,45
17634,44.82,7,45
17739,44.5,7,45
17844,44.52,7,45
17949,44.84,7,45
18055,44.56,7,45
18159,44.42,7,45
18265,44.42,7,45
18369,44.84,7,45
18475,45.95,7,45
18580,45.82,7,45
18685,45.81,7,45
18791,45.83,7,45
18896,45.76,7,45
19002,45.42,7,45
19107,45.75,7,45
19213,45.75,7,45
19319,45.67,7,45
19425,45.46,7,45
19530,45.67,7,45
19636,45.83,7,45
19741,45.83,7,45
19847,47.34,7,45
19952,46.93,7,45
20059,45.73,7,45
20164,45.41,7,45
20270,45.67,7,45
20375,45.45,7,45
20481,45.67,7,45
20586,45.59,7,45
20691,45.83,7,45
20797,45.72,7,45
20902,44.74,7,45
21008,44.42,7,45
21112,44.81,7,45
21218,44.82,7,45
21323,44.84,7,45
21428,45.23,7,45
21533,45.23,7,45
21639,45.22,7,45
21744,45.23,7,45
21850,45.23,7,45
21955,45.25,7,45
22060,45.45,7,45
22165,45.54,7,45
22270,45.37,7,45
22376,45.23,7,45
22481,44.82,7,45
22587,44.8,7,45
22691,44.45,7,45
22797,44.41,7,45
22901,44.44,7,45
23007,44.58,7,45
23112,44.83,7,45
23217,45.1,7,45
23322,46.22,7,45
23428,45.83,7,45
23534,45.83,7,45
23640,45.58,7,45
23745,45.42,7,45
23851,45.42,7,45
23955,45.45,7,45
24060,45.67,7,45
24166,45.83,7,45
24271,45.83,7,45
24378,46.06,7,45
24483,45.65,7,45
24589,44.5,7,45
24693,44.59,7,45
24799,44.82,7,45
24904,44.82,7,45
25009,44.93,7,45
25114,45.22,7,45
25220,45.1,7,45
25325,45.55,7,45
25431,45.23,7,45
25536,45.23,7,45
25641,45.23,7,45
25746,45.23,7,45
25851,45.23,7,45
25957,44.98,7,45
26062,44.82,7,45
26168,44.44,7,45
26272,44.67,7,45
26378,44.81,7,45
26482,44.82,7,45
26588,44.82,7,45
26693,44.66,7,45
26798,44.82,7,45
26903,44.82,7,45
27009,44.83,7,45
27113,44.85,7,45
27218,45.39,7,45
27324,46.14,7,45
27429,45.81,7,45
27535,45.83,7,45
27640,45.85,7,45
27746,45.83,7,45
27852,45.83,7,45
27958,45.83,7,45
28063,45.67,7,45
28169,44.8,7,45
28273,44.6,7,45
28379,44.83,7,45
28484,44.83,7,45
28589,45.21,7,45
28694,44.7,7,45
28800,44.22,7,45
28904,44.24,7,45
29009,44.21,7,45
29114,44.24,7,45
29219,44.52,7,45
29324,45.29,7,45
29429,44.8,7,45
29535,44.8,7,45
29640,44.82,7,45
29745,44.82,7,45
29850,44.82,7,45
29956,44.82,7,45
30060,44.82,7,45
30166,44.82,7,45
30271,44.82,7,45
30375,44.57,7,45
30481,44.82,7,45
30586,44.8,7,45
30691,44.8,7,45
30796,44.66,7,45
30902,44.83,7,45
31006,44.58,7,45
31112,44.82,7,45
31216,44.82,7,45
31322,44.73,7,45
31427,44.81,7,45
31532,44.51,7,45
31637,44.41,7,45
31742,44.49,7,45
31847,44.49,7,45
31952,44.82,7,45
32057,44.92,7,45
32162,45.22,7,45
32268,45.44,7,45
32373,45.23,7,45
32479,45.23,7,45
32584,45.23,7,45
32689,44.84,7,45
32794,44.73,7,45
32900,44.57,7,45
33004,44.84,7,45
33110,44.82,7,45
33215,44.74,7,45
33319,44.68,7,45
33425,44.82,7,45
33530,45.15,7,45
33635,45.3,7,45
33740,45.53,7,45
33846,45.15,7,45
33951,44.79,7,45
34057,44.82,7,45
34161,44.76,7,45
34267,44.4,7,45
34372,44.66,7,45
34477,44.41,7,45
34582,44.41,7,45
34686,44.82,7,45
34792,44.82,7,45
34897,44.79,7,45
35002,44.83,7,45
35107,44.81,7,45
35213,44.82,7,45
35317,44.85,7,45
35423,44.82,7,45
35528,44.81,7,45
35633,44.82,7,45
35738,44.81,7,45
35844,44.89,7,45
35949,45.21,7,45
36054,45.21,7,45
36159,45.3,7,45
36264,45.15,7,45
36370,44.21,7,45
36474,44.23,7,45
36580,45.06,7,45
36685,45.46,7,45
36791,45.17,7,45
36895,44.22,7,45
37001,44.19,7,45
37105,44.19,7,45
37211,44.06,7,45
37315,44.2,7,45
37420,44.22,7,45
37525,44.21,7,45
37629,45.31,7,45
37735,44.82,7,45
37840,44.82,7,45
37946,45.22,7,45
38050,45.47,7,45
38156,44.22,7,45
38261,44.19,7,45
38366,44.12,7,45
38471,44.23,7,45
38576,44.21,7,45
38680,44.23,7,45
38786,44.49,7,45
38891,45.21,7,45
38995,45.2,7,45
39101,45.2,7,45
39206,45.21,7,45
39312,45.55,7,45
39417,45.62,7,45
39523,44.5,7,45
39627,44.24,7,45
39733,44.22,7,45
39837,45.6,7,45
39943,45.15,7,45
40048,44.82,7,45
40154,44.82,7,45
40258,44.84,7,45
40364,44.82,7,45
40469,44.82,7,45
40573,44.68,7,45
40679,44.42,7,45
40784,44.51,7,45
40889,44.8,7,45
40994,44.82,7,45
41099,44.82,7,45
41204,44.82,7,45
41310,44.82,7,45
41414,44.82,7,45
41520,44.81,7,45
41625,44.44,7,45
41730,44.43,7,45
41835,44.41,7,45
41939,44.44,7,45
42045,44.82,7,45
42150,44.82,7,45
42255,45.0,7,45
42360,45.22,7,45
42466,45.23,7,45
42571,45.06,7,45
42677,44.81,7,45
42781,44.84,7,45
42887,44.82,7,45
42992,45.22,7,45
43098,45.31,7,45
43203,44.78,7,45
43308,44.21,7,45
43413,44.23,7,45
43517,44.21,7,45
43623,44.92,7,45
43727,45.2,7,45
43833,45.21,7,45
43938,44.97,7,45
44044,44.79,7,45
44148,44.84,7,45
44254,44.51,7,45
44359,44.39,7,45
44464,44.39,7,45
44569,44.41,7,45
44674,44.43,7,45
44779,44.73,7,45
44883,44.83,7,45
44989,45.1,7,45
45094,44.82,7,45
45200,44.82,7,45
45304,46.21,7,45
45411,45.81,7,45
45516,45.99,7,45
45622,45.99,7,45
45727,45.81,7,45
45833,45.81,7,45
45938,45.8,7,45
46044,45.81,7,45
46149,45.82,7,45
46256,45.83,7,45
46361,45.82,7,45
46467,45.82,7,45
46572,45.83,7,45
46678,45.83,7,45
46783,45.82,7,45
46888,45.82,7,45
46994,45.8,7,45
47099,45.8,7,45
47205,45.79,7,45
47310,45.83,7,45
47416,45.83,7,45
47522,45.85,7,45
47628,46.23,7,45
47733,45.1,7,45
47839,44.8,7,45
47943,44.75,7,45
48049,44.82,7,45
48154,44.39,7,45
48259,44.47,7,45
48364,44.8,7,45
48468,44.86,7,45
48574,45.22,7,45
48679,45.22,7,45
48785,45.23,7,45
48890,45.63,7,45
48996,44.71,7,45
49100,44.21,7,45
49206,44.2,7,45
49310,44.21,7,45
49416,44.24,7,45
49520,44.22,7,45
49626,44.23,7,45
49730,44.21,7,45
49835,44.39,7,45
49940,44.7,7,45
50045,44.99,7,45
50150,45.02,7,45
50255,45.02,7,45
50361,45.02,7,45
50466,44.23,7,45
50571,45.0,7,45
50676,44.83,7,45
50781,44.61,7,45
50886,44.2,7,45
50992,44.24,7,45
51096,44.21,7,45
51201,44.23,7,45
51306,44.21,7,45
51410,44.24,7,45
51516,44.22,7,45
51620,44.21,7,45
51726,44.22,7,45
51830,44.24,7,45
51936,45.31,7,45
52041,45.21,7,45
52146,45.21,7,45
52251,45.21,7,45
52357,44.83,7,45
52462,44.82,7,45
52568,44.8,7,45
52672,44.58,7,45
52777,44.49,7,45
52882,44.43,7,45
52987,44.65,7,45
53093,44.82,7,45
53197,44.8,7,45
53303,44.58,7,45
53407,44.82,7,45
53513,45.1,7,45
53618,46.21,7,45
53724,45.8,7,45
53829,45.82,7,45
53935,45.82,7,45
54041,45.8,7,45
54147,45.58,7,45
54252,45.42,7,45
54358,45.51,7,45
54463,45.42,7,45
54568,45.5,7,45
54673,45.5,7,45
54778,45.81,7,45
54885,47.59,7,45
54990,47.63,7,45
55097,47.6,7,45
55203,47.62,7,45
55310,47.62,7,45
55415,47.62,7,45
55522,47.63,7,45
55628,47.63,7,45
55735,47.62,7,45
55841,47.54,7,45
55947,47.6,7,45
56053,47.62,7,45
56160,47.63,7,45
56266,47.62,7,45
56373,47.63,7,45
56479,48.01,7,45
56585,48.04,7,45
56691,48.39,7,45
56799,48.9,7,45
56905,48.9,7,45
57012,48.89,7,45
57118,48.92,7,45
57226,48.92,7,45
57332,48.72,7,45
57439,48.01,7,45
57545,47.63,7,45
57652,47.62,7,45
57758,47.63,7,45
57865,47.63,7,45
57970,47.73,7,45
58077,47.41,7,45
58183,45.91,7,45
58289,45.81,7,45
58394,45.81,7,45
58500,45.83,7,45
58605,45.93,7,45
58712,46.23,7,45
58817,46.24,7,45
58923,46.24,7,45
59028,45.68,7,45
59133,44.84,7,45
59239,44.58,7,45
59344,44.64,7,45
59449,44.84,7,45
59554,45.23,7,45
59660,45.06,7,45
59765,44.24,7,45
59870,44.21,7,45
59975,44.24,7,45
60080,44.22,7,45
60184,44.22,7,45
60290,44.22,7,45
60394,44.2,7,45
60499,44.92,7,45
60604,45.23,7,45
60709,45.21,7,45
60815,45.06,7,45
60920,44.82,7,45
61026,44.82,7,45
61130,44.52,7,45
61236,44.43,7,45
61340,44.6,7,45
61446,44.82,7,45
61551,45.12,7,45
61657,46.24,7,45
61762,46.07,7,45
61868,45.98,7,45
61973,45.89,7,45
62078,45.81,7,45
62184,45.83,7,45
62289,45.84,7,45
62396,45.83,7,45
62501,45.81,7,45
62607,45.66,7,45
62712,45.58,7,45
62818,45.83,7,45
62923,45.82,7,45
63029,45.82,7,45
63134,45.91,7,45
63240,47.63,7,45
63346,47.63,7,45
63453,47.63,7,45
63559,47.62,7,45
63666,47.62,7,45
63771,47.62,7,45
63878,47.54,7,45
63984,47.63,7,45
64091,47.46,7,45
64197,47.62,7,45
64303,47.62,7,45
64409,47.63,7,45
64516,47.6,7,45
64622,47.26,7,45
64728,45.72,7,45
64833,45.67,7,45
64939,45.82,7,45
65044,45.8,7,45
65149,45.83,7,45
65256,45.83,7,45
65361,46.07,7,45
65467,46.24,7,45
65572,46.21,7,45
65678,44.84,7,45
65783,44.82,7,45
65889,44.82,7,45
65993,44.68,7,45
66099,44.74,7,45
66204,44.78,7,45
66309,44.82,7,45
66414,44.82,7,45
66520,44.82,7,45
66624,44.83,7,45
66729,44.82,7,45
66835,44.81,7,45
66939,45.22,7,45
67045,45.22,7,45
67150,45.22,7,45
67256,45.24,7,45
67361,44.21,7,45
67466,44.23,7,45
67571,44.2,7,45
67676,44.12,7,45
67781,44.23,7,45
67886,44.22,7,45
67990,44.22,7,45
68096,44.54,7,45
68200,44.92,7,45
68305,45.0,7,45
68411,45.04,7,45
68516,45.02,7,45
68621,44.8,7,45
68726,44.61,7,45
68832,44.54,7,45
68936,44.23,7,45
69042,44.21,7,45
69146,44.22,7,45
69252,44.23,7,45
69356,44.42,7,45
69462,45.22,7,45
69567,45.21,7,45
69671,44.82,7,45
69777,44.82,7,45
69882,44.82,7,45
69987,44.82,7,45
70092,44.73,7,45
70198,44.41,7,45
70302,44.44,7,45
70408,44.42,7,45
70512,44.44,7,45
70618,44.74,7,45
70723,44.8,7,45
70828,44.82,7,45
70933,44.82,7,45
71038,44.82,7,45
71143,45.64,7,45
71248,46.23,7,45
71355,46.23,7,45
71460,46.23,7,45
71566,46.22,7,45
71671,46.24,7,45
71778,46.15,7,45
71883,46.15,7,45
71989,45.83,7,45
72094,45.81,7,45
72200,45.81,7,45
72305,45.85,7,45
72411,46.08,7,45
72517,46.23,7,45
72623,46.23,7,45
72728,44.82,7,45
72834,44.81,7,45
72938,44.85,7,45
73043,44.91,7,45
73149,45.22,7,45
73254,45.44,7,45
73360,44.24,7,45
73464,44.22,7,45
73570,44.24,7,45
73674,44.22,7,45
73779,44.24,7,45
73884,44.22,7,45
73989,44.24,7,45
74094,44.22,7,45
74199,44.24,7,45
74304,45.6,7,45
74409,45.31,7,45
74515,44.98,7,45
74619,44.82,7,45
74725,44.8,7,45
74830,44.58,7,45
74935,44.69,7,45
75040,44.66,7,45
75146,44.82,7,45
75250,44.84,7,45
75356,44.82,7,45
75461,44.98,7,45
75566,44.91,7,45
75671,44.21,7,45
75777,44.23,7,45
75881,44.21,7,45
75986,44.23,7,45
76091,44.72,7,45
76196,45.02,7,45
76301,45.03,7,45
76406,45.03,7,45
76512,44.94,7,45
76617,44.62,7,45
76722,44.61,7,45
76827,44.22,7,45
76932,44.21,7,45
77037,44.22,7,45
77142,44.2,7,45
77247,44.5,7,45
77351,45.62,7,45
77457,45.24,7,45
77562,45.21,7,45
77668,44.82,7,45
77773,44.82,7,45
77878,44.68,7,45
77983,44.66,7,45
78089,44.56,7,45
78193,44.5,7,45
78299,44.74,7,45
78403,44.82,7,45
78509,44.82,7,45
78614,44.82,7,45
78718,44.81,7,45
78824,44.81,7,45
78929,44.82,7,45
79034,44.68,7,45
79139,44.82,7,45
79245,44.81,7,45
79349,44.84,7,45
79455,44.82,7,45
79560,44.8,7,45
79665,44.84,7,45
79770,44.8,7,45
79876,46.23,7,45
79981,46.19,7,45
80087,45.81,7,45
80192,45.8,7,45
80297,45.83,7,45
80403,45.83,7,45
80509,45.83,7,45
80615,45.82,7,45
80720,45.83,7,45
80826,45.83,7,45
80931,45.52,7,45
81037,45.52,7,45
81142,45.58,7,45
81248,45.49,7,45
81353,45.44,7,45
81459,45.42,7,45
81564,45.45,7,45
81670,45.43,7,45
81775,45.42,7,45
81881,45.42,7,45
81986,45.5,7,45
82092,45.82,7,45
82197,45.81,7,45
82302,45.91,7,45
82408,47.63,7,45
82514,46.1,7,45
82620,45.99,7,45
82725,46.12,7,45
82831,47.53,7,45
82937,45.81,7,45
83043,45.82,7,45
83148,45.81,7,45
83254,45.83,7,45
83359,45.83,7,45
83466,45.83,7,45
83571,45.85,7,45
83677,46.01,7,45
83782,46.24,7,45
83888,46.19,7,45
83993,46.21,7,45
84100,45.67,7,45
84205,44.82,7,45
84310,44.81,7,45
84415,44.42,7,45
84519,44.45,7,45
84625,44.5,7,45
84730,44.79,7,45
84835,44.82,7,45
84940,44.82,7,45
85046,44.82,7,45
85150,44.84,7,45
85256,45.23,7,45
85361,45.22,7,45
85467,45.22,7,45
85572,45.32,7,45
85677,44.97,7,45
85782,44.21,7,45
85888,44.24,7,45
85992,44.22,7,45
86097,44.23,7,45
86202,44.22,7,45
86306,44.24,7,45
86412,45.06,7,45
86517,45.07,7,45
86622,45.63,7,45
86727,44.26,7,45
86833,44.21,7,45
86937,44.24,7,45
87043,44.2,7,45
87147,44.2,7,45
87252,44.24,7,45
87357,44.22,7,45
87462,44.24,7,45
87567,44.22,7,45
87671,44.23,7,45
87777,44.2,7,45
87881,44.72,7,45
87987,45.22,7,45
88092,44.82,7,45
88198,44.82,7,45
88302,44.82,7,45
88408,44.82,7,45
88513,44.8,7,45
88617,44.84,7,45
88723,44.66,7,45
88828,44.49,7,45
88933,44.5,7,45
89038,44.74,7,45
89143,44.84,7,45
89248,44.8,7,45
89354,44.73,7,45
89458,44.6,7,45
89564,44.58,7,45
89669,44.66,7,45
89774,44.74,7,45
89879,44.82,7,45
89985,44.66,7,45
90089,44.83,7,45
90194,44.82,7,45
90300,44.84,7,45
90404,46.22,7,45
90511,46.23,7,45
90616,46.22,7,45
90722,45.83,7,45
90827,45.81,7,45
90933,45.84,7,45
91038,45.81,7,45
91144,45.83,7,45
91249,45.83,7,45
91356,45.84,7,45
91461,45.52,7,45
91567,45.83,7,45
91672,45.84,7,45
91778,45.83,7,45
91883,45.83,7,45
91988,45.83,7,45
92094,45.89,7,45
92199,46.2,7,45
92305,45.67,7,45
92410,46.2,7,45
92517,45.83,7,45
92622,45.73,7,45
92728,45.84,7,45
92833,46.08,7,45
92939,45.1,7,45
93044,44.51,7,45
93149,44.79,7,45
93254,44.81,7,45
93360,45.1,7,45
93465,44.84,7,45
93570,44.83,7,45
93675,44.9,7,45
93780,44.24,7,45
93885,44.23,7,45
93990,44.21,7,45
94095,44.22,7,45
94200,44.24,7,45
94305,44.38,7,45
94410,44.78,7,45
94515,45.02,7,45
94620,45.02,7,45
94726,45.0,7,45
94830,44.64,7,45
94936,44.3,7,45
95041,44.24,7,45
95145,44.13,7,45
95250,44.24,7,45
95355,45.35,7,45
95461,44.99,7,45
95566,45.06,7,45
95671,45.28,7,45
95776,44.98,7,45
95882,44.66,7,45
95987,44.42,7,45
96092,44.41,7,45
96197,44.41,7,45
96302,44.42,7,45
96407,44.81,7,45
96512,44.6,7,45
96617,44.74,7,45
96722,44.81,7,45
96827,45.95,7,45
96933,46.22,7,45
97039,46.22,7,45
97144,46.2,7,45
97250,45.98,7,45
97355,45.91,7,45
97462,45.84,7,45
97567,45.83,7,45
97673,45.83,7,45
97778,45.83,7,45
97884,45.83,7,45
97989,45.81,7,45
98095,45.81,7,45
98200,45.79,7,45
98306,45.83,7,45
98411,45.83,7,45
98518,45.82,7,45
98623,45.83,7,45
98728,45.82,7,45
98834,45.82,7,45
98939,45.84,7,45
99045,45.83,7,45
99150,45.97,7,45
99256,45.81,7,45
99361,46.1,7,45
99468,47.65,7,45
99573,47.71,7,45
99680,47.65,7,45
99786,45.81,7,45
99892,45.83,7,45
99997,46.7,7,45
100104,47.63,7,45
100209,47.63,7,45
100316,47.63,7,45
100422,47.55,7,45
100529,47.38,7,45
100635,47.22,7,45
100742,47.19,7,45
100847,47.2,7,45
100954,47.24,7,45
101060,47.63,7,45
101167,47.63,7,45
101272,47.63,7,45
101379,47.63,7,45
101485,47.61,7,45
101592,47.6,7,45
101698,47.65,7,45
101805,48.38,7,45
101911,48.74,7,45
102018,48.89,7,45
102124,48.91,7,45
102232,48.92,7,45
102338,48.89,7,45
102445,48.92,7,45
102552,48.91,7,45
102659,48.89,7,45
102765,48.92,7,45
102873,48.89,7,45
102979,48.89,7,45
103087,48.91,7,45
103193,48.89,7,45
103300,48.91,7,45
103407,48.91,7,45
103514,48.9,7,45
103620,48.92,7,45
103728,48.91,7,45
103834,48.46,7,45
103941,47.71,7,45
104047,47.63,7,45
104154,47.64,7,45
104260,47.63,7,45
104367,47.63,7,45
104473,47.63,7,45
104580,47.63,7,45
104685,47.63,7,45
104792,47.63,7,45
104898,47.63,7,45
105005,47.63,7,45
105111,46.91,7,45
105217,45.83,7,45
105323,45.86,7,45
105428,47.62,7,45
105535,47.63,7,45
105641,47.22,7,45
105747,47.22,7,45
105853,47.2,7,45
105960,47.31,7,45
106065,47.65,7,45
106172,47.61,7,45
106278,47.63,7,45
106385,47.71,7,45
106491,47.74,7,45
106598,47.95,7,45
106704,48.24,7,45
106811,48.57,7,45
106917,48.41,7,45
107024,48.72,7,45
107130,48.92,7,45
107238,48.92,7,45
107344,48.89,7,45
107452,48.91,7,45
107558,48.9,7,45
107665,48.89,7,45
107772,48.92,7,45
107879,48.89,7,45
107985,48.92,7,45
108093,48.92,7,45
108199,48.9,7,45
108306,48.92,7,45
108413,49.23,7,45
108520,49.46,7,45
108627,49.59,7,45
108735,49.76,7,45
108841,49.6,7,45
108949,49.37,7,45
109056,49.89,7,45
109163,49.75,7,45
109271,49.25,7,45
109378,48.92,7,45
109485,49.07,7,45
109591,49.72,7,45
109699,49.4,7,45
109806,48.92,7,45
109913,48.9,7,45
110019,48.92,7,45
110127,48.9,7,45
110233,48.9,7,45
110341,48.92,7,45
110447,48.85,7,45
110554,48.9,7,45
110661,48.8,7,45
110768,49.91,7,45
110875,53.08,7,45
110984,51.54,6,45
111093,49.67,7,45
111200,49.65,6,45
111309,59.54,7,45
111420,55.77,7,45
111529,56.8,7,45
111640,55.33,6,45
111750,55.34,7,45
111859,55.34,7,45
111969,55.37,7,45
112078,55.36,7,45
112188,55.36,7,45
112297,55.32,7,45
112407,56.33,7,45
112517,58.18,7,45
112627,57.49,7,45
112738,55.35,7,45
112847,55.34,7,45
112957,55.36,7,45
113067,55.36,7,45
113176,55.36,7,45
113286,55.36,7,45
113395,56.64,7,45
113505,56.16,7,45
113615,55.35,7,45
113725,55.36,7,45
113833,55.36,7,45
113943,55.36,7,45
114053,56.67,7,45
114163,57.9,7,45
114274,57.41,7,45
114384,55.36,7,45
114494,55.36,7,45
114604,52.31,7,45
114711,49.43,7,45
114819,49.43,7,45
114926,48.98,7,45
115033,48.69,7,45
115139,48.71,7,45
115247,48.71,7,45
115353,48.69,7,45
115460,48.9,7,45
115567,48.66,7,45
115674,47.64,7,45
115780,47.63,7,45
115887,47.63,7,45
115992,47.63,7,45
116099,47.63,7,45
116205,47.63,7,45
116312,47.63,7,45
116418,47.63,7,45
116525,47.61,7,45
116631,47.63,7,45
116737,46.56,7,45
116843,45.67,7,45
116948,45.42,7,45
117054,45.44,7,45
117159,45.43,7,45
117265,45.41,7,45
117370,45.42,7,45
117476,45.43,7,45
117581,45.43,7,45
117687,46.53,7,45
117792,47.63,7,45
117899,47.63,7,45
118005,47.3,7,45
118112,47.24,7,45
118218,47.24,7,45
118324,47.4,7,45
118430,47.63,7,45
118537,47.63,7,45
118643,48.41,7,45
118750,48.9,7,45
118856,48.9,7,45
118964,48.85,7,45
119070,48.89,7,45
119177,48.76,7,45
119284,48.72,7,45
119391,48.61,7,45
119497,48.91,7,45
119605,49.5,7,45
119711,49.72,7,45
119819,49.84,7,45
119926,50.02,7,45
120034,55.36,7,45
120143,55.36,7,45
120253,56.61,7,45
120363,56.17,7,45
120472,55.34,7,45
120582,55.36,7,45
120691,55.36,7,45
120800,49.81,7,45
120907,49.34,7,45
121015,48.71,7,45
121121,48.59,7,45
121229,48.78,7,45
121335,48.22,7,45
121442,47.6,7,45
121548,47.33,7,45
121655,47.22,7,45
121760,47.24,7,45
121867,47.23,7,45
121973,47.23,7,45
122080,47.25,7,45
122185,47.56,7,45
122292,47.53,7,45
122398,45.86,7,45
122504,45.56,7,45
122609,45.42,7,45
122715,45.41,7,45
122820,45.42,7,45
122926,45.52,7,45
123031,45.48,7,45
123137,45.79,7,45
123242,45.42,7,45
123347,45.51,7,45
123453,46.62,7,45
123559,47.63,7,45
123666,47.46,7,45
123771,47.32,7,45
123878,47.61,7,45
123984,47.62,7,45
124091,47.63,7,45
124197,47.62,7,45
124304,47.65,7,45
124409,48.5,7,45
124517,48.93,7,45
124623,48.89,7,45
124730,48.9,7,45
124837,48.92,7,45
124944,48.9,7,45
125050,48.92,7,45
125158,48.76,7,45
125264,48.9,7,45
125371,48.76,7,45
125478,48.66,7,45
125585,48.54,7,45
125691,48.9,7,45
125799,48.92,7,45
125905,48.89,7,45
126012,48.92,7,45
126119,48.92,7,45
126226,48.89,7,45
126332,47.87,7,45
126439,47.65,7,45
126545,47.88,7,45
126652,47.95,7,45
126758,47.63,7,45
126865,47.63,7,45
126971,47.63,7,45
127078,47.46,7,45
127184,47.39,7,45
127290,47.63,7,45
127396,47.63,7,45
127503,47.61,7,45
127609,45.83,7,45
127715,45.83,7,45
127820,45.51,7,45
127926,45.42,7,45
128031,45.45,7,45
128137,45.44,7,45
128242,45.42,7,45
128348,45.4,7,45
128453,45.74,7,45
128559,45.73,7,45
128664,45.8,7,45
128770,45.82,7,45
128876,45.82,7,45
128982,45.91,7,45
129087,46.24,7,45
129192,46.22,7,45
129298,46.24,7,45
129404,46.25,7,45
129510,46.32,7,45
129615,46.32,7,45
129722,46.21,7,45
129827,45.1,7,45
129933,44.82,7,45
130038,44.82,7,45
130143,44.84,7,45
130248,44.43,7,45
130354,44.5,7,45
130458,44.51,7,45
130564,44.83,7,45
130669,44.83,7,45
130774,44.82,7,45
130879,44.82,7,45
130984,44.83,7,45
131090,44.59,7,45
131194,44.44,7,45
131300,44.45,7,45
131405,44.66,7,45
131510,44.82,7,45
131615,44.83,7,45
131721,45.96,7,45
131826,45.85,7,45
131932,45.85,7,45
132037,45.78,7,45
132143,45.65,7,45
132248,45.51,7,45
132354,45.58,7,45
132459,45.42,7,45
132564,45.41,7,45
132670,45.43,7,45
132775,45.44,7,45
132881,45.43,7,45
132986,45.52,7,45
133092,45.59,7,45
133197,45.75,7,45
133304,45.83,7,45
133409,45.84,7,45
133515,45.83,7,45
133620,45.84,7,45
133726,46.9,7,45
133832,47.61,7,45
133938,47.63,7,45
134044,47.63,7,45
134151,47.63,7,45
134257,47.63,7,45
134364,47.63,7,45
134470,47.63,7,45
134577,47.63,7,45
134682,47.63,7,45
134789,47.63,7,45
134895,47.63,7,45
135002,47.63,7,45
135108,47.63,7,45
135215,47.63,7,45
135321,47.63,7,45
135427,47.79,7,45
135533,47.94,7,45
135640,48.01,7,45
135746,48.37,7,45
135853,48.39,7,45
135960,48.74,7,45
136067,48.89,7,45
136173,48.9,7,45
136281,48.92,7,45
136387,48.89,7,45
136494,48.9,7,45
136601,48.92,7,45
136708,48.9,7,45
136814,48.92,7,45
136922,48.92,7,45
137028,48.9,7,45
137136,48.85,7,45
137242,48.77,7,45
137349,48.78,7,45
137456,49.43,7,45
137563,49.24,7,45
137670,48.74,7,45
137777,49.43,7,45
137884,49.41,7,45
137991,49.41,7,45
138098,49.44,7,45
138205,50.11,7,45
138312,50.3,7,45
138420,54.32,7,45
138528,55.36,7,45
138638,55.37,7,45
138747,55.34,7,45
138857,55.35,7,45
138967,55.35,7,45
139076,49.92,7,45
139184,49.4,7,45
139291,49.12,7,45
139398,48.92,7,45
139505,48.9,7,45
139612,48.9,7,45
139719,48.92,7,45
139826,48.9,7,45
139932,48.9,7,45
140040,48.74,7,45
140146,48.15,7,45
140253,47.63,7,45
140359,47.46,7,45
140466,47.24,7,45
140571,47.24,7,45
140678,47.31,7,45
140784,47.25,7,45
140891,47.23,7,45
140996,47.41,7,45
141103,47.63,7,45
141209,46.2,7,45
141315,45.84,7,45
141421,45.83,7,45
141527,46.55,7,45
141632,46.17,7,45
141737,45.85,7,45
141844,45.83,7,45
141949,45.81,7,45
142055,45.59,7,45
142160,45.46,7,45
142266,45.46,7,45
142371,45.43,7,45
142477,45.45,7,45
142582,45.83,7,45
142688,45.79,7,45
142793,45.8,7,45
142899,45.84,7,45
143005,45.84,7,45
143111,45.84,7,45
143216,45.84,7,45
143322,45.84,7,45
143427,46.22,7,45
143533,44.83,7,45
143638,44.82,7,45
143744,44.81,7,45
143849,44.82,7,45
143953,44.82,7,45
144059,45.66,7,45
144164,46.22,7,45
144271,45.83,7,45
144376,45.84,7,45
144482,45.84,7,45
144587,45.84,7,45
144693,45.81,7,45
144798,45.81,7,45
144904,46.09,7,45
145010,47.63,7,45
145117,47.63,7,45
145222,47.63,7,45
145329,47.63,7,45
145435,47.61,7,45
145542,47.63,7,45
145648,47.46,7,45
145755,47.32,7,45
145860,47.24,7,45
145967,47.61,7,45
146073,47.63,7,45
146180,47.63,7,45
146286,47.63,7,45
146393,47.63,7,45
146498,48.54,7,45
146606,48.89,7,45
146712,48.9,7,45
146819,48.9,7,45
146926,48.92,7,45
147033,48.91,7,45
147139,48.92,7,45
147247,48.89,7,45
147353,48.89,7,45
147460,48.92,7,45
147567,48.9,7,45
147674,48.9,7,45
147781,48.92,7,45
147888,48.91,7,45
147994,48.92,7,45
148102,48.92,7,45
148208,48.9,7,45
148316,49.09,7,45
148422,48.92,7,45
148529,49.26,7,45
148636,48.93,7,45
148743,49.6,7,45
148850,49.09,7,45
148958,48.9,7,45
149064,48.9,7,45
149171,49.76,7,45
149278,53.13,7,45
149387,55.35,7,45
149496,55.35,7,45
149605,52.5,7,45
149713,51.75,7,45
149822,53.5,7,45
149931,51.31,7,45
150039,54.01,7,45
150148,50.13,7,45
150255,50.3,7,45
150363,53.51,7,45
150471,55.34,7,45
150581,55.35,7,45
150690,55.36,7,45
150800,55.36,7,45
150909,55.36,7,45
151019,55.36,7,45
151129,54.76,7,45
151237,55.35,7,45
151347,55.36,7,45
151456,49.6,7,45
151564,48.92,7,45
151670,48.9,7,45
151778,48.92,7,45
151884,48.89,7,45
151991,48.92,7,45
152098,48.93,7,45
152205,48.9,7,45
152311,48.67,7,45
152419,48.89,7,45
152525,47.71,7,45
152632,47.63,7,45
152738,47.33,7,45
152845,47.3,7,45
152950,47.33,7,45
153057,47.22,7,45
153163,47.22,7,45
153270,47.22,7,45
153375,47.38,7,45
153482,47.24,7,45
153588,47.22,7,45
153694,47.26,7,45
153800,47.32,7,45
153907,47.46,7,45
154013,47.63,7,45
154120,47.55,7,45
154225,47.55,7,45
154332,47.62,7,45
154438,46.54,7,45
154544,45.67,7,45
154650,45.45,7,45
154756,45.51,7,45
154861,45.81,7,45
154967,45.94,7,45
155072,45.83,7,45
155177,45.81,7,45
155283,45.84,7,45
155389,45.84,7,45
155495,45.41,7,45
155600,45.42,7,45
155706,45.51,7,45
155811,45.83,7,45
155917,45.84,7,45
156022,45.83,7,45
156128,45.98,7,45
156233,45.37,7,45
156339,44.42,7,45
156444,44.42,7,45
156549,44.45,7,45
156654,44.42,7,45
156760,44.42,7,45
156864,44.66,7,45
156969,44.82,7,45
157075,44.84,7,45
157179,45.23,7,45
157285,45.23,7,45
157390,45.25,7,45
157496,45.22,7,45
157601,45.61,7,45
157707,44.98,7,45
157812,44.5,7,45
157918,44.24,7,45
158022,44.22,7,45
158127,44.13,7,45
158232,44.13,7,45
158337,44.21,7,45
158442,44.22,7,45
158546,44.23,7,45
158652,44.22,7,45
158756,45.23,7,45
158862,44.82,7,45
158967,44.82,7,45
159073,44.82,7,45
159177,44.6,7,45
159283,44.5,7,45
159388,44.82,7,45
159493,44.84,7,45
159598,44.82,7,45
159704,45.38,7,45
159809,46.21,7,45
159915,45.81,7,45
160020,45.81,7,45
160125,45.83,7,45
160231,45.82,7,45
160337,45.83,7,45
160443,45.81,7,45
160548,45.42,7,45
160654,45.42,7,45
160759,45.42,7,45
160865,45.4,7,45
160970,45.42,7,45
161076,45.51,7,45
161181,45.83,7,45
161287,47.63,7,45
161393,47.63,7,45
161499,47.63,7,45
161605,47.63,7,45
161712,47.63,7,45
161818,47.46,7,45
161925,47.22,7,45
162031,47.3,7,45
162137,47.24,7,45
162243,47.23,7,45
162350,47.23,7,45
162455,47.25,7,45
162562,47.4,7,45
162668,47.22,7,45
162775,47.23,7,45
162880,47.63,7,45
162987,47.71,7,45
163093,48.9,7,45
163200,48.75,7,45
163307,48.92,7,45
163414,48.9,7,45
163520,48.92,7,45
163628,48.89,7,45
163734,48.89,7,45
163841,48.91,7,45
163948,48.91,7,45
164055,48.89,7,45
164161,48.92,7,45
164269,48.84,7,45
164375,48.89,7,45
164483,48.92,7,45
164589,49.26,7,45
164696,49.43,7,45
164803,49.75,7,45
164911,49.28,7,45
165017,50.46,7,45
165125,50.1,7,45
165232,50.1,7,45
165340,51.9,7,45
165448,51.14,7,45
165556,51.46,7,45
165664,50.63,7,45
165772,51.39,7,45
165879,52.07,7,45
165988,50.61,7,45
166095,50.61,7,45
166203,51.06,7,45
166311,52.26,7,45
166420,52.85,7,45
166529,53.02,7,45
166637,54.41,7,45
166746,55.33,7,45
166855,55.32,7,45
166964,55.34,7,45
167073,55.34,7,45
167183,54.2,7,45
167291,55.34,7,45
167401,55.34,7,45
167511,55.35,7,45
167620,55.34,7,45
167730,54.73,7,45
167838,54.56,7,45
167948,53.2,7,45
168056,53.63,7,45
168165,52.84,7,45
168273,52.83,7,45
168382,50.39,7,45
168489,50.2,7,45
168597,49.07,7,45
168704,48.63,7,45
168811,48.84,7,45
168918,48.89,7,45
169024,48.92,7,45
169132,48.92,7,45
169238,48.89,7,45
169346,48.91,7,45
169452,48.9,7,45
169559,48.75,7,45
169666,48.85,7,45
169773,48.89,7,45
169879,47.65,7,45
169986,47.39,7,45
170092,47.3,7,45
170199,47.63,7,45
170305,47.61,7,45
170411,47.48,7,45
170517,47.38,7,45
170624,47.39,7,45
170730,47.22,7,45
170835,47.24,7,45
170942,47.39,7,45
171048,47.31,7,45
171155,47.36,7,45
171260,47.61,7,45
171367,47.63,7,45
171473,47.63,7,45
171580,47.63,7,45
171686,47.63,7,45
171793,45.85,7,45
171898,45.81,7,45
172004,45.82,7,45
172109,45.8,7,45
172215,45.5,7,45
172320,45.42,7,45
172426,45.42,7,45
172531,45.73,7,45
172637,45.83,7,45
172743,45.83,7,45
172849,45.85,7,45
172954,45.91,7,45
173060,46.22,7,45
173165,46.21,7,45
173272,46.24,7,45
173377,45.39,7,45
173483,44.82,7,45
173588,44.82,7,45
173692,44.84,7,45
173798,44.8,7,45
173903,44.8,7,45
174008,44.83,7,45
174113,44.44,7,45
174219,44.43,7,45
174323,44.44,7,45
174429,44.43,7,45
174534,44.45,7,45
174639,44.42,7,45
174744,44.51,7,45
174849,44.68,7,45
174954,44.82,7,45
175059,44.82,7,45
175164,45.39,7,45
175269,46.21,7,45
175376,46.15,7,45
175481,45.83,7,45
175587,45.81,7,45
175692,45.42,7,45
175798,45.66,7,45
175903,45.43,7,45
176009,45.41,7,45
176114,45.4,7,45
176220,45.4,7,45
176325,45.41,7,45
176431,45.65,7,45
176536,46.81,7,45
176643,47.3,7,45
176748,47.3,7,45
176855,47.41,7,45
176961,47.3,7,45
177068,47.22,7,45
177173,47.24,7,45
177280,47.22,7,45
177386,47.2,7,45
177492,47.2,7,45
177598,47.3,7,45
177704,47.41,7,45
177811,47.55,7,45
177917,47.91,7,45
178024,48.9,7,45
178130,48.9,7,45
178237,48.9,7,45
178344,48.78,7,45
178451,48.9,7,45
178557,48.69,7,45
178665,48.85,7,45
178771,48.89,7,45
178878,49.01,7,45
178985,49.02,7,45
179092,48.89,7,45
179198,48.92,7,45
179306,48.89,7,45
179412,48.89,7,45
179520,48.9,7,45
179627,49.34,7,45
179734,51.37,7,45
179842,51.81,7,45
179950,50.29,7,45
180058,49.77,7,45
180165,50.27,7,45
180273,50.12,7,45
180380,51.14,7,45
180488,53.96,7,45
180596,52.07,7,45
180705,53.59,7,45
180813,51.66,7,45
180922,51.3,7,45
181029,51.56,7,45
181138,53.8,7,45
181246,49.26,7,45
181354,49.51,7,45
181460,48.89,7,45
181567,48.91,7,45
181675,48.89,7,45
181781,48.89,7,45
181889,48.73,7,45
181995,47.61,7,45
182102,47.63,7,45
182208,47.61,7,45
182313,47.54,7,45
182420,47.63,7,45
182526,47.63,7,45
182633,47.0,7,45
182739,45.84,7,45
182845,45.84,7,45
182950,45.82,7,45
183056,45.75,7,45
183161,45.67,7,45
183267,45.8,7,45
183372,45.81,7,45
183478,45.92,7,45
183584,46.08,7,45
183690,46.23,7,45
183795,45.41,7,45
183901,44.82,7,45
184006,44.82,7,45
184112,44.81,7,45
184216,44.58,7,45
184322,44.41,7,45
184427,44.44,7,45
184531,44.58,7,45
184637,44.42,7,45
184741,44.44,7,45
184847,44.58,7,45
184952,44.82,7,45
185057,44.84,7,45
185162,44.82,7,45
185268,44.82,7,45
185372,44.82,7,45
185478,44.82,7,45
185583,44.52,7,45
185689,44.74,7,45
185793,44.82,7,45
185899,45.94,7,45
186004,46.13,7,45
186109,46.14,7,45
186216,45.91,7,45
186321,45.83,7,45
186427,45.84,7,45
186532,45.81,7,45
186638,45.81,7,45
186743,45.99,7,45
186850,47.61,7,45
186955,47.63,7,45
187062,47.63,7,45
187168,47.61,7,45
187275,47.63,7,45
187381,47.63,7,45
187488,47.63,7,45
187593,47.65,7,45
187700,47.65,7,45
187806,47.63,7,45
187913,47.63,7,45
188019,47.63,7,45
188126,47.73,7,45
188232,47.71,7,45
188339,47.65,7,45
188445,47.94,7,45
188552,47.95,7,45
188658,48.41,7,45
188765,48.84,7,45
188871,48.84,7,45
188978,48.92,7,45
189085,48.92,7,45
189192,48.89,7,45
189298,48.92,7,45
189406,48.92,7,45
189512,48.89,7,45
189620,48.89,7,45
189726,48.89,7,45
189833,48.89,7,45
189940,48.9,7,45
190047,48.89,7,45
190153,48.9,7,45
190261,48.91,7,45
190367,47.65,7,45
190474,47.55,7,45
190580,47.3,7,45
190687,47.24,7,45
190792,47.31,7,45
190899,47.22,7,45
191005,47.47,7,45
191112,47.63,7,45
191217,47.63,7,45
191324,45.82,7,45
191429,45.83,7,45
191536,45.82,7,45
191641,45.81,7,45
191747,45.43,7,45
191852,45.43,7,45
191958,45.42,7,45
192063,45.41,7,45
192168,45.45,7,45
192274,45.75,7,45
192379,45.83,7,45
192485,45.84,7,45
192590,45.81,7,45
192696,45.81,7,45
192801,45.83,7,45
192907,45.81,7,45
193013,45.83,7,45
193119,45.83,7,45
193224,46.07,7,45
193330,46.21,7,45
193435,46.21,7,45
193542,46.23,7,45
193647,46.21,7,45
193753,46.22,7,45
193859,44.82,7,45
193964,44.84,7,45
194069,44.5,7,45
194174,44.39,7,45
194279,44.42,7,45
194384,44.5,7,45
194489,44.44,7,45
194594,44.42,7,45
194700,44.42,7,45
194804,44.4,7,45
194910,44.5,7,45
195014,44.83,7,45
195120,45.39,7,45
195225,46.21,7,45
195331,45.91,7,45
195437,45.83,7,45
195543,45.81,7,45
195648,45.84,7,45
195753,45.58,7,45
195859,45.43,7,45
195964,45.44,7,45
196070,45.42,7,45
196175,45.42,7,45
196281,45.65,7,45
196386,45.83,7,45
196492,47.63,7,45
196598,47.63,7,45
196705,47.63,7,45
196811,47.62,7,45
196917,47.63,7,45
197023,47.63,7,45
197130,47.63,7,45
197236,47.63,7,45
197343,47.63,7,45
197449,47.54,7,45
197555,47.46,7,45
197661,47.46,7,45
197768,47.46,7,45
197874,47.63,7,45
197981,47.63,7,45
198087,47.63,7,45
198193,47.62,7,45
198299,47.62,7,45
198406,48.04,7,45
198512,48.9,7,45
198620,48.92,7,45
198726,48.89,7,45
198833,48.9,7,45
198940,48.92,7,45
199047,48.89,7,45
199153,48.9,7,45
199261,48.92,7,45
199367,48.89,7,45
199474,48.92,7,45
199581,48.89,7,45
199688,48.9,7,45
199795,48.89,7,45
199902,48.89,7,45
200008,48.89,7,45
200116,48.92,7,45
200222,48.89,7,45
200329,48.89,7,45
200436,48.92,7,45
200543,48.89,7,45
200649,48.92,7,45
200757,48.89,7,45
200863,48.56,7,45
200970,47.78,7,45
201076,47.63,7,45
201183,47.6,7,45
201289,47.6,7,45
201396,47.62,7,45
201502,47.62,7,45
201609,47.63,7,45
201714,47.63,7,45
201821,47.62,7,45
201927,45.83,7,45
202033,45.83,7,45
202138,45.61,7,45
202245,45.83,7,45
202350,45.81,7,45
202456,45.81,7,45
202561,45.83,7,45
202667,45.83,7,45
202772,46.13,7,45
202877,46.24,7,45
202984,44.83,7,45
203088,44.83,7,45
203194,44.83,7,45
203299,44.82,7,45
203405,44.83,7,45
203509,44.82,7,45
203615,44.8,7,45
203720,44.5,7,45
203826,44.44,7,45
203930,44.42,7,45
204036,44.41,7,45
204140,44.41,7,45
204246,44.41,7,45
204351,44.82,7,45
204455,44.82,7,45
204561,45.15,7,45
204666,45.47,7,45
204772,45.64,7,45
204877,45.61,7,45
204983,44.22,7,45
205087,44.24,7,45
205193,44.22,7,45
205297,44.23,7,45
205403,44.12,7,45
205507,44.21,7,45
205613,44.2,7,45
205717,44.22,7,45
205822,44.23,7,45
205927,44.5,7,45
206032,45.47,7,45
206138,45.23,7,45
206243,45.21,7,45
206349,44.9,7,45
206453,44.85,7,45
206559,44.8,7,45
206664,44.44,7,45
206770,44.44,7,45
206874,44.83,7,45
206980,44.83,7,45
207085,44.82,7,45
207190,45.39,7,45
207295,46.24,7,45
207401,45.91,7,45
207507,45.83,7,45
207612,45.73,7,45
207718,45.41,7,45
207823,45.46,7,45
207929,45.52,7,45
208034,45.81,7,45
208140,45.81,7,45
208245,45.83,7,45
208352,47.27,7,45
208457,47.63,7,45
208564,47.63,7,45
208670,47.46,7,45
208777,47.41,7,45
208882,47.31,7,45
208989,47.47,7,45
209095,47.41,7,45
209202,47.39,7,45
209308,47.63,7,45
209414,47.61,7,45
209520,47.72,7,45
209627,48.38,7,45
209733,48.75,7,45
209841,48.93,7,45
209947,48.91,7,45
210054,48.93,7,45
210161,48.9,7,45
210268,48.89,7,45
210374,48.93,7,45
210482,48.89,7,45
210588,48.9,7,45
210696,48.9,7,45
210802,48.9,7,45
210909,48.93,7,45
211016,48.91,7,45
211123,48.89,7,45
211229,48.92,7,45
211337,48.89,7,45
211443,48.89,7,45
211551,48.9,7,45
0,49.97,7,50
100,48.57,7,50
206,49.09,7,50
313,48.87,7,50
419,48.97,7,50
526,49.09,7,50
633,49.34,7,50
740,49.09,7,50
846,49.61,7,50
954,49.58,7,50
1060,49.61,7,50
1168,49.58,7,50
1274,49.6,7,50
1382,49.59,7,50
1489,50.29,7,50
1596,50.28,7,50
1703,49.61,7,50
1811,49.61,7,50
1917,49.6,7,50
2025,49.61,7,50
2132,49.61,7,50
2239,49.59,7,50
2347,49.61,7,50
2453,50.62,7,50
2561,49.59,7,50
2668,49.62,7,50
2775,49.61,7,50
2882,49.58,7,50
2989,50.12,7,50
3096,49.58,7,50
3204,49.78,7,50
3310,50.81,7,50
3418,50.61,7,50
3525,50.8,7,50
3633,51.3,7,50
3741,51.31,7,50
3849,51.65,7,50
3956,52.48,7,50
4065,51.83,7,50
4172,52.67,7,50
4281,55.85,7,50
4390,53.72,7,50
4500,52.16,7,50
4609,57.06,7,50
4718,57.33,7,50
4828,56.99,7,50
4938,54.41,7,50
5047,55.22,7,50
5156,53.29,7,50
5265,52.67,7,50
5373,52.15,7,50
5481,52.84,7,50
5590,53.02,7,50
5698,53.01,7,50
5807,53.01,7,50
5915,53.02,7,50
6024,53.55,7,50
6132,54.38,7,50
6241,54.55,7,50
6350,54.86,7,50
6459,54.09,7,50
6568,54.1,7,50
6677,54.99,7,50
6787,54.2,7,50
6895,54.4,7,50
7005,54.37,7,50
7113,53.88,7,50
7223,53.95,7,50
7331,54.12,7,50
7440,53.92,7,50
7549,54.06,7,50
7658,54.23,7,50
7767,53.81,7,50
7876,54.23,7,50
7985,54.22,7,50
8093,54.22,7,50
8203,53.37,7,50
8311,53.88,7,50
8420,55.07,7,50
8529,55.05,7,50
8639,54.88,7,50
8748,54.88,7,50
8857,54.86,7,50
8967,54.69,7,50
9075,55.09,7,50
9185,55.31,7,50
9294,55.15,7,50
9404,55.15,7,50
9512,55.09,7,50
9622,55.08,7,50
9732,55.08,7,50
9841,55.08,7,50
9950,55.14,7,50
10059,55.08,7,50
10169,55.08,7,50
10278,55.09,7,50
10387,55.71,7,50
10498,55.06,7,50
10606,55.08,7,50
10716,55.07,7,50
10825,54.91,7,50
10935,55.08,7,50
11043,55.05,7,50
11153,54.55,7,50
11262,54.2,7,50
11371,54.22,7,50
11481,54.22,7,50
11589,54.23,7,50
11699,54.22,7,50
11807,54.56,7,50
11917,55.07,7,50
12025,54.73,7,50
12135,55.08,7,50
12244,55.08,7,50
12354,55.23,7,50
12464,56.73,7,50
12573,56.35,7,50
12683,56.53,7,50
12793,56.36,7,50
12903,56.26,7,50
13012,56.24,7,50
13122,55.5,7,50
13232,55.24,7,50
13341,55.07,7,50
13451,55.05,7,50
13560,55.07,7,50
13670,55.07,7,50
13778,55.4,7,50
13888,55.46,7,50
13998,55.08,7,50
14107,55.32,7,50
14217,55.08,7,50
14326,55.09,7,50
14436,55.08,7,50
14544,55.07,7,50
14654,55.07,7,50
14764,54.71,7,50
14873,54.22,7,50
14982,54.21,7,50
15090,55.05,7,50
15200,55.09,7,50
15309,55.07,7,50
15419,55.08,7,50
15528,55.05,7,50
15637,54.23,7,50
15747,54.22,7,50
15855,55.06,7,50
15965,55.08,7,50
16074,54.54,7,50
16183,54.12,7,50
16292,53.68,7,50
16401,54.1,7,50
16509,54.02,7,50
16619,54.22,7,50
16728,54.23,7,50
16837,55.08,7,50
16947,54.89,7,50
17055,54.21,7,50
17165,53.58,7,50
17273,54.22,7,50
17382,54.2,7,50
17491,54.22,7,50
17600,54.16,7,50
17710,54.09,7,50
17818,53.79,7,50
17927,52.86,7,50
18035,52.51,7,50
18144,52.17,7,50
18252,52.86,7,50
18361,52.86,7,50
18469,54.85,7,50
18578,55.07,7,50
18688,55.08,7,50
18797,55.07,7,50
18907,54.85,7,50
19015,55.08,7,50
19125,55.05,7,50
19234,55.07,7,50
19344,54.72,7,50
19452,53.39,7,50
19562,52.85,7,50
19671,52.86,7,50
19778,53.35,7,50
19888,53.6,7,50
19996,53.02,7,50
20105,53.03,7,50
20213,52.0,7,50
20321,52.0,7,50
20429,51.13,7,50
20537,49.77,7,50
20644,49.4,7,50
20751,48.94,7,50
20858,48.96,7,50
20965,49.05,7,50
21072,49.06,7,50
21179,48.9,7,50
21285,49.23,7,50
21393,49.76,7,50
21499,51.19,7,50
21608,52.85,7,50
21715,53.19,7,50
21824,52.18,7,50
21933,52.17,7,50
22041,51.99,7,50
22149,52.0,7,50
22257,52.0,7,50
22365,52.0,7,50
22473,51.98,7,50
22582,52.0,7,50
22689,51.47,7,50
22797,51.02,7,50
22905,51.3,7,50
23013,51.99,7,50
23120,51.99,7,50
23229,52.84,7,50
23337,54.03,7,50
23446,52.51,7,50
23555,53.52,7,50
23780,56.0,7,50
23889,55.42,7,50
23999,55.16,7,50
24109,55.49,7,50
24218,55.17,7,50
24328,55.23,5,50
24441,56.19,4,50
24554,54.83,7,50
24664,49.95,7,50
24770,54.8,7,50
24880,54.06,7,50
24988,55.48,7,50
25098,55.5,7,50
25207,54.45,7,50
25317,51.31,7,50
25541,49.42,7,50
25648,49.41,5,50
25759,55.93,4,50
25873,56.11,7,50
25982,54.02,7,50
26091,55.49,7,50
26201,54.81,7,50
26310,56.98,6,50
26423,51.97,7,50
26531,49.09,7,50
26638,50.9,7,50
26746,55.08,7,50
26855,55.39,7,50
26964,52.49,7,50
27073,56.62,7,50
27183,55.22,7,50
27292,54.38,7,50
27402,49.44,7,50
27508,52.19,7,50
27617,54.54,7,50
27726,49.95,7,50
27834,49.44,7,50
27940,51.58,7,50
28048,55.07,7,50
28157,49.95,7,50
28265,49.41,7,50
28371,50.62,7,50
28480,55.08,7,50
28589,49.78,7,50
28696,49.45,7,50
28804,54.44,7,50
28912,55.34,7,50
29022,49.78,7,50
29129,49.61,7,50
29236,52.09,7,50
29344,53.91,7,50
29453,49.95,7,50
29560,49.42,7,50
29668,53.06,7,50
29776,53.23,7,50
29885,50.46,7,50
29992,50.27,7,50
30100,51.64,7,50
30208,50.95,7,50
30315,50.95,7,50
30423,49.94,7,50
30530,52.88,7,50
30639,54.69,7,50
30747,50.99,7,50
30856,50.27,7,50
30963,51.33,7,50
31071,54.79,7,50
31179,55.08,7,50
31289,50.1,7,50
31396,51.15,7,50
31504,54.1,7,50
31613,53.33,7,50
31722,50.46,7,50
31830,50.3,7,50
31937,51.5,7,50
32045,50.79,7,50
32152,49.77,7,50
32260,49.41,7,50
32366,50.78,7,50
32474,50.44,7,50
32581,49.6,7,50
32689,50.11,7,50
32796,52.17,7,50
32904,52.71,7,50
33012,49.43,7,50
33120,49.95,7,50
33227,55.17,7,50
33337,54.29,7,50
33445,50.1,7,50
33553,51.4,7,50
33660,55.08,7,50
33770,54.52,7,50
33879,49.78,7,50
33986,50.09,7,50
34094,55.09,7,50
34203,53.5,7,50
34312,49.78,7,50
34419,50.12,7,50
34526,55.07,7,50
34635,52.44,7,50
34744,50.3,7,50
34851,50.1,7,50
34958,51.3,7,50
35066,50.81,7,50
35174,49.6,7,50
35281,49.77,7,50
35388,50.96,7,50
35495,50.47,7,50
35603,50.27,7,50
35710,49.41,7,50
35818,51.48,7,50
35926,53.73,7,50
36034,49.92,7,50
36142,49.43,7,50
36249,49.77,7,50
36356,52.18,7,50
36464,49.85,7,50
36572,49.41,7,50
36678,49.94,7,50
36786,50.95,7,50
36893,49.6,7,50
37001,49.42,7,50
37107,49.95,7,50
37215,50.29,7,50
37322,49.6,7,50
37430,49.42,7,50
37536,50.02,7,50
37644,50.87,7,50
37751,49.43,7,50
37859,49.41,7,50
37965,49.6,7,50
38073,50.27,7,50
38180,49.94,7,50
38287,49.42,7,50
38394,49.76,7,50
38502,55.48,7,50
38611,51.68,7,50
38719,49.78,7,50
38827,50.1,7,50
38934,52.35,7,50
39042,52.35,7,50
39150,49.95,7,50
39258,49.92,7,50
39365,51.12,7,50
39473,50.29,7,50
39580,50.27,7,50
39688,49.93,7,50
39794,50.27,7,50
39902,49.95,7,50
40009,50.27,7,50
40117,49.43,7,50
40223,49.43,7,50
40331,49.6,7,50
40438,49.43,7,50
40545,49.41,7,50
40652,49.41,7,50
40759,49.41,7,50
40866,49.43,7,50
40973,49.44,7,50
41080,49.24,7,50
41187,49.43,7,50
41294,49.41,7,50
41401,49.43,7,50
41508,49.43,7,50
41615,49.43,7,50
41722,49.41,7,50
41829,49.43,7,50
41936,49.42,7,50
42043,49.41,7,50
42150,49.4,7,50
42257,49.41,7,50
42364,49.42,7,50
42471,49.42,7,50
42578,49.41,7,50
42686,49.44,7,50
42792,49.43,7,50
42900,49.41,7,50
43006,49.41,7,50
43114,49.43,7,50
43220,49.41,7,50
43328,49.43,7,50
43435,49.43,7,50
43542,49.43,7,50
43649,49.41,7,50
43756,49.41,7,50
43864,49.45,7,50
43970,49.41,7,50
44078,49.41,7,50
44184,49.41,7,50
44292,49.43,7,50
44398,49.42,7,50
44506,49.41,7,50
44612,49.41,7,50
44720,49.41,7,50
44826,49.41,7,50
44934,49.41,7,50
45040,49.41,7,50
45148,49.41,7,50
45254,49.43,7,50
45362,49.4,7,50
45468,49.4,7,50
45576,49.41,7,50
45682,49.43,7,50
45790,49.41,7,50
45896,49.43,7,50
46004,49.42,7,50
46111,49.43,7,50
46218,49.41,7,50
46325,49.44,7,50
46432,49.42,7,50
46539,49.41,7,50
46646,49.41,7,50
46753,49.41,7,50
46860,49.41,7,50
46967,49.42,7,50
47074,49.41,7,50
47181,49.41,7,50
47288,49.41,7,50
47395,49.41,7,50
47502,49.41,7,50
47609,49.41,7,50
47716,49.41,7,50
47823,49.41,7,50
47930,49.43,7,50
48037,49.42,7,50
48144,49.43,7,50
48251,49.41,7,50
48358,49.43,7,50
48465,49.41,7,50
48573,49.43,7,50
48679,49.41,7,50
48787,49.41,7,50
48893,49.41,7,50
49001,49.41,7,50
49107,49.41,7,50
49215,49.41,7,50
49321,49.43,7,50
49429,49.4,7,50
49536,49.43,7,50
49643,50.28,7,50
49751,49.77,7,50
49857,49.92,7,50
49965,49.93,7,50
50072,51.31,7,50
50180,50.27,7,50
50287,49.41,7,50
50395,49.09,7,50
50501,49.27,7,50
50609,49.26,7,50
50715,49.98,7,50
50823,49.84,7,50
50930,49.64,7,50
51037,49.08,7,50
51144,49.07,7,50
51251,49.1,7,50
51358,49.64,7,50
51465,49.54,7,50
51572,49.61,7,50
51679,49.64,7,50
51786,50.08,7,50
51894,50.3,7,50
52001,49.93,7,50
52108,49.93,7,50
52215,49.75,7,50
52323,49.75,7,50
52429,49.46,7,50
52537,49.85,7,50
52644,49.95,7,50
52751,49.93,7,50
52858,50.0,7,50
52966,49.44,7,50
53073,49.43,7,50
53180,50.09,7,50
53287,50.01,7,50
53395,49.92,7,50
53501,49.44,7,50
53609,49.42,7,50
53715,50.12,7,50
53823,49.43,7,50
53931,49.71,7,50
54037,50.21,7,50
54145,49.93,7,50
54252,50.01,7,50
54360,50.06,7,50
54466,49.93,7,50
54574,49.74,7,50
54681,50.01,7,50
54789,50.03,7,50
54895,50.05,7,50
55003,50.09,7,50
55110,49.82,7,50
55218,49.81,7,50
55324,50.06,7,50
55432,49.9,7,50
55539,49.89,7,50
55647,49.83,7,50
55753,49.61,7,50
55861,49.44,7,50
55968,49.44,7,50
56075,49.69,7,50
56182,49.43,7,50
56289,49.43,7,50
56396,49.41,7,50
56503,50.0,7,50
56610,50.06,7,50
56718,49.59,7,50
56825,49.43,7,50
56932,49.68,7,50
57039,49.41,7,50
57146,49.91,7,50
57253,49.41,7,50
57360,49.75,7,50
57467,49.41,7,50
57575,49.74,7,50
57681,49.41,7,50
57789,49.41,7,50
57895,49.44,7,50
58003,49.41,7,50
58109,49.43,7,50
58217,49.41,7,50
58323,49.43,7,50
58431,49.41,7,50
58537,49.42,7,50
58645,49.41,7,50
58753,49.43,7,50
58859,49.41,7,50
58967,49.43,7,50
59073,49.41,7,50
59181,50.13,7,50
59287,50.28,7,50
59395,49.6,7,50
59502,49.69,7,50
59609,49.45,7,50
59716,49.41,7,50
59824,49.5,7,50
59930,50.37,7,50
60038,50.29,7,50
60145,50.41,7,50
60253,50.62,7,50
60360,50.19,7,50
60468,48.57,7,50
60574,48.56,7,50
60681,50.61,7,50
60788,49.94,7,50
60896,49.43,7,50
61002,49.43,7,50
61110,49.41,7,50
61216,49.43,7,50
61324,49.41,7,50
61430,49.43,7,50
61538,49.41,7,50
61644,49.41,7,50
61752,49.41,7,50
61858,49.43,7,50
61966,49.41,7,50
62072,49.42,7,50
62180,49.41,7,50
62287,50.1,7,50
62394,49.43,7,50
62501,49.41,7,50
62608,49.64,7,50
62715,50.27,7,50
62823,50.2,7,50
62930,50.1,7,50
63038,49.92,7,50
63144,50.27,7,50
63252,49.6,7,50
63360,49.43,7,50
63466,50.26,7,50
63574,49.53,7,50
63681,49.44,7,50
63788,49.6,7,50
63895,49.75,7,50
64003,50.1,7,50
64110,49.93,7,50
64217,49.41,7,50
64324,49.41,7,50
64431,49.41,7,50
64538,49.41,7,50
64645,49.41,7,50
64752,49.42,7,50
64859,49.43,7,50
64966,49.42,7,50
65073,49.43,7,50
65180,49.42,7,50
65287,49.43,7,50
65394,49.41,7,50
65502,49.43,7,50
65608,49.41,7,50
65716,49.42,7,50
65822,49.41,7,50
65930,49.41,7,50
66036,49.41,7,50
66144,49.41,7,50
66250,49.41,7,50
66358,49.41,7,50
66464,49.41,7,50
66572,49.42,7,50
66678,49.42,7,50
66786,49.42,7,50
66892,49.45,7,50
67000,49.44,7,50
67107,49.43,7,50
67214,49.42,7,50
67321,49.44,7,50
67428,49.42,7,50
67535,49.43,7,50
67642,49.42,7,50
67749,49.42,7,50
67856,49.42,7,50
67963,49.41,7,50
68070,49.41,7,50
68177,49.41,7,50
68284,49.42,7,50
68391,49.41,7,50
68498,49.42,7,50
68605,49.41,7,50
68712,49.43,7,50
68819,49.41,7,50
68926,49.43,7,50
69033,49.41,7,50
69140,49.43,7,50
69248,49.41,7,50
69354,49.43,7,50
69462,49.41,7,50
69568,49.41,7,50
69676,49.41,7,50
69782,49.41,7,50
69890,49.41,7,50
69997,49.43,7,50
70104,49.41,7,50
70211,49.43,7,50
70318,49.41,7,50
70425,49.41,7,50
70532,49.41,7,50
70639,49.41,7,50
70746,49.41,7,50
70853,49.41,7,50
70960,49.41,7,50
71067,49.41,7,50
71174,49.42,7,50
71281,49.42,7,50
71388,49.43,7,50
71495,49.43,7,50
71602,49.43,7,50
71709,49.41,7,50
71817,50.01,7,50
71923,51.58,7,50
72032,51.68,7,50
72139,49.78,7,50
72247,49.41,7,50
72354,49.75,7,50
72461,49.68,7,50
72568,49.75,7,50
72675,49.41,7,50
72782,49.75,7,50
72890,49.76,7,50
72996,49.43,7,50
73104,49.43,7,50
73210,49.43,7,50
73318,49.42,7,50
73425,49.44,7,50
73532,49.42,7,50
73639,49.43,7,50
73746,49.42,7,50
73853,49.44,7,50
73960,49.42,7,50
74067,49.41,7,50
74174,49.41,7,50
74281,49.42,7,50
74388,49.31,7,50
74496,49.42,7,50
74602,49.41,7,50
74710,49.41,7,50
74816,49.41,7,50
74924,49.42,7,50
75030,49.43,7,50
75138,49.41,7,50
75244,49.66,7,50
75352,49.42,7,50
75459,49.43,7,50
75566,49.88,7,50
75673,49.69,7,50
75780,49.43,7,50
75887,49.42,7,50
75995,50.64,7,50
76102,51.95,7,50
76210,49.94,7,50
76317,49.6,7,50
76425,50.02,7,50
76531,49.61,7,50
76639,49.61,7,50
76746,49.41,7,50
76853,50.06,7,50
76960,50.11,7,50
77068,49.94,7,50
77175,49.6,7,50
77282,49.41,7,50
77389,49.41,7,50
77496,49.43,7,50
77603,49.41,7,50
77710,49.43,7,50
77817,49.41,7,50
77924,51.19,7,50
78032,51.31,7,50
78140,53.34,7,50
78248,50.46,7,50
78357,57.58,7,50
78467,50.28,7,50
78574,50.8,7,50
78682,50.46,7,50
78789,49.78,7,50
78897,49.77,7,50
79004,49.43,7,50
79111,50.1,7,50
79218,49.6,7,50
79325,50.27,7,50
79432,50.12,7,50
79540,49.59,7,50
79647,49.41,7,50
79754,49.41,7,50
79861,49.6,7,50
79968,49.43,7,50
80075,49.6,7,50
80183,49.41,7,50
80289,50.42,7,50
80397,49.59,7,50
80504,49.41,7,50
80611,51.14,7,50
80718,54.21,7,50
80828,49.61,7,50
80935,49.7,7,50
81042,51.12,7,50
81149,49.86,7,50
81257,49.41,7,50
81364,49.69,7,50
81471,50.98,7,50
81579,49.43,7,50
81686,49.51,7,50
81794,51.82,7,50
81901,50.44,7,50
82009,49.44,7,50
82116,49.43,7,50
82223,50.48,7,50
82330,49.5,7,50
82438,49.41,7,50
82544,49.41,7,50
82652,49.75,7,50
82758,49.57,7,50
82866,49.41,7,50
82973,49.34,7,50
83080,49.24,7,50
83187,48.92,7,50
83294,49.41,7,50
83400,49.01,7,50
83508,48.91,7,50
83614,49.33,7,50
83722,49.43,7,50
83828,49.23,7,50
83936,49.76,7,50
84042,49.41,7,50
84150,49.41,7,50
84256,49.02,7,50
84364,49.76,7,50
84470,49.42,7,50
84578,49.42,7,50
84684,49.36,7,50
84792,49.51,7,50
84898,49.44,7,50
85006,49.44,7,50
85112,49.26,7,50
85220,49.62,7,50
85327,49.86,7,50
85434,49.64,7,50
85541,50.27,7,50
85649,49.72,7,50
85755,49.44,7,50
85863,49.15,7,50
85969,50.23,7,50
86077,49.91,7,50
86184,49.45,7,50
86292,49.24,7,50
86398,49.83,7,50
86506,49.43,7,50
86612,49.92,7,50
86720,49.41,7,50
86828,49.36,7,50
86934,49.41,7,50
87042,49.93,7,50
87148,49.41,7,50
87256,49.88,7,50
87362,49.43,7,50
87470,49.82,7,50
87577,49.49,7,50
87684,49.71,7,50
87791,49.43,7,50
87898,49.84,7,50
88005,49.43,7,50
88113,49.33,7,50
88219,49.41,7,50
88327,49.41,7,50
88433,48.9,7,50
88540,49.02,7,50
88647,49.23,7,50
88754,49.75,7,50
88861,49.13,7,50
88968,49.33,7,50
89075,49.41,7,50
89182,48.92,7,50
89289,48.92,7,50
89396,49.21,7,50
89503,49.44,7,50
89610,49.31,7,50
89717,48.92,7,50
89824,49.41,7,50
89930,49.43,7,50
90038,49.4,7,50
90144,49.23,7,50
90252,49.42,7,50
90358,49.43,7,50
90466,49.12,7,50
90572,49.12,7,50
90680,49.32,7,50
90786,48.92,7,50
90894,48.59,7,50
91000,48.97,7,50
91107,48.57,7,50
91213,49.26,7,50
91321,48.91,7,50
91427,48.89,7,50
91535,48.85,7,50
91641,49.04,7,50
91748,48.89,7,50
91855,48.57,7,50
91962,48.94,7,50
92068,49.02,7,50
92175,49.41,7,50
92282,48.92,7,50
92389,48.64,7,50
92496,48.58,7,50
92603,49.41,7,50
92709,49.43,7,50
92817,48.92,7,50
92923,48.72,7,50
93030,48.57,7,50
93137,48.58,7,50
93244,48.73,7,50
93350,48.56,7,50
93457,48.58,7,50
93564,48.66,7,50
93671,48.57,7,50
93777,49.06,7,50
93885,48.59,7,50
93991,49.06,7,50
94098,49.41,7,50
94205,48.74,7,50
94312,48.74,7,50
94418,48.57,7,50
94526,48.74,7,50
94632,49.26,7,50
94739,49.08,7,50
94846,49.26,7,50
94953,48.57,7,50
95059,48.92,7,50
95167,48.76,7,50
95273,48.99,7,50
95380,49.43,7,50
95488,49.42,7,50
95594,49.43,7,50
95702,49.42,7,50
95808,49.26,7,50
95916,49.42,7,50
96022,49.43,7,50
96130,49.41,7,50
96236,49.43,7,50
96344,49.41,7,50
96450,49.43,7,50
96558,49.41,7,50
96664,49.41,7,50
96772,49.09,7,50
96878,49.43,7,50
96986,49.09,7,50
97092,49.32,7,50
97200,49.09,7,50
97306,48.75,7,50
97413,48.57,7,50
97520,48.57,7,50
97627,48.91,7,50
97733,48.96,7,50
97841,48.9,7,50
97947,48.89,7,50
98054,49.09,7,50
98161,49.09,7,50
98268,49.41,7,50
98375,49.43,7,50
98482,49.24,7,50
98588,49.41,7,50
98696,49.41,7,50
98802,49.25,7,50
98910,49.41,7,50
99016,49.42,7,50
99124,49.09,7,50
99230,49.41,7,50
99338,49.41,7,50
99444,49.41,7,50
99552,49.41,7,50
99658,49.41,7,50
99766,49.41,7,50
99872,49.41,7,50
99980,49.42,7,50
100086,49.43,7,50
100194,49.13,7,50
100300,49.25,7,50
100408,49.41,7,50
100514,49.44,7,50
100622,49.41,7,50
100729,49.43,7,50
100836,49.24,7,50
100943,49.01,7,50
101050,48.74,7,50
101156,49.41,7,50
101264,49.41,7,50
101370,49.41,7,50
101478,48.82,7,50
101584,49.44,7,50
101692,48.86,7,50
101798,49.44,7,50
101906,49.1,7,50
102012,49.24,7,50
102120,49.21,7,50
102226,49.41,7,50
102334,48.83,7,50
102440,48.95,7,50
102548,50.27,7,50
102654,49.09,7,50
102762,48.89,7,50
102868,48.64,7,50
102976,49.41,7,50
103083,48.58,7,50
103189,48.83,7,50
103297,48.57,7,50
103403,48.74,7,50
103510,48.62,7,50
103616,48.91,7,50
103724,48.65,7,50
103830,48.55,7,50
103937,48.66,7,50
104044,48.9,7,50
104151,48.89,7,50
104257,48.57,7,50
104365,48.64,7,50
104471,48.89,7,50
104578,48.89,7,50
104685,49.07,7,50
104792,48.91,7,50
104898,48.92,7,50
105006,48.78,7,50
105112,48.74,7,50
105219,48.92,7,50
105326,48.9,7,50
105433,48.55,7,50
105539,48.66,7,50
105647,48.92,7,50
105753,48.9,7,50
105860,48.59,7,50
105967,48.57,7,50
106074,48.82,7,50
106180,48.89,7,50
106288,49.33,7,50
106394,48.85,7,50
106501,48.92,7,50
106608,48.9,7,50
106715,48.64,7,50
106822,48.6,7,50
106929,48.82,7,50
107035,49.02,7,50
107143,48.74,7,50
107249,48.72,7,50
107356,48.89,7,50
107463,48.92,7,50
107570,49.31,7,50
107676,49.13,7,50
107784,48.9,7,50
107890,48.93,7,50
107998,49.26,7,50
108104,48.62,7,50
108211,48.92,7,50
108318,48.92,7,50
108425,48.75,7,50
108532,48.74,7,50
108639,48.9,7,50
108745,48.92,7,50
108853,48.66,7,50
108959,48.92,7,50
109066,48.92,7,50
109173,48.89,7,50
109280,49.42,7,50
109387,49.16,7,50
109494,48.92,7,50
109601,48.92,7,50
109708,49.1,7,50
109814,48.9,7,50
109922,48.92,7,50
110028,48.9,7,50
110136,48.75,7,50
110242,48.58,7,50
110349,48.9,7,50
110456,48.92,7,50
110563,49.25,7,50
110669,49.02,7,50
110777,48.9,7,50
110883,48.94,7,50
110991,49.42,7,50
111097,48.65,7,50
111205,48.94,7,50
111311,49.33,7,50
111418,49.34,7,50
111525,48.9,7,50
111632,48.92,7,50
111739,49.05,7,50
111846,48.64,7,50
111952,48.92,7,50
112060,48.92,7,50
112166,49.06,7,50
112274,48.92,7,50
112380,48.56,7,50
112487,48.71,7,50
112594,48.92,7,50
112701,48.91,7,50
112807,48.91,7,50
112915,48.57,7,50
113021,48.55,7,50
113128,48.64,7,50
113234,48.92,7,50
113342,49.31,7,50
113448,48.58,7,50
113556,48.78,7,50
113662,48.71,7,50
113769,49.41,7,50
113876,49.07,7,50
113983,48.9,7,50
114091,48.64,7,50
114197,48.55,7,50
114304,48.71,7,50
114410,49.04,7,50
114518,48.8,7,50
114624,49.43,7,50
114732,48.92,7,50
114838,49.23,7,50
114946,48.91,7,50
115052,49.34,7,50
115160,49.0,7,50
115266,49.02,7,50
115373,49.04,7,50
115480,49.16,7,50
115587,49.09,7,50
115694,49.1,7,50
115801,49.27,7,50
115908,49.28,7,50
116015,49.07,7,50
116122,49.33,7,50
116229,49.41,7,50
116336,49.26,7,50
116443,48.9,7,50
116550,48.85,7,50
116657,49.41,7,50
116764,49.33,7,50
116871,48.89,7,50
116977,48.83,7,50
117085,49.29,7,50
117191,49.02,7,50
117299,48.87,7,50
117405,48.93,7,50
117512,49.43,7,50
117619,48.95,7,50
117726,48.92,7,50
117833,49.0,7,50
117940,49.41,7,50
118047,48.92,7,50
118154,48.89,7,50
118260,49.34,7,50
118368,49.85,7,50
118475,48.94,7,50
118582,48.93,7,50
118689,49.51,7,50
118796,49.68,7,50
118903,48.9,7,50
119010,49.29,7,50
119117,49.73,7,50
119225,48.95,7,50
119331,48.9,7,50
119438,49.27,7,50
119545,49.42,7,50
119652,49.02,7,50
119759,48.9,7,50
119866,48.98,7,50
119973,49.42,7,50
120080,49.03,7,50
120187,49.02,7,50
120294,49.41,7,50
120401,49.26,7,50
120508,48.92,7,50
120615,48.92,7,50
120722,49.41,7,50
120828,49.41,7,50
120936,49.02,7,50
121042,48.92,7,50
121150,49.41,7,50
121256,49.33,7,50
121364,48.89,7,50
121470,48.9,7,50
121578,49.02,7,50
121684,48.91,7,50
121791,48.9,7,50
121899,49.23,7,50
122005,49.42,7,50
122113,49.41,7,50
122219,49.78,7,50
122327,50.62,7,50
122434,51.03,7,50
122542,50.28,7,50
122649,50.27,7,50
122757,48.59,7,50
122863,48.58,7,50
122971,49.6,7,50
123077,49.09,7,50
123185,48.79,7,50
123291,51.2,7,50
123399,51.13,7,50
123507,50.98,7,50
123615,52.17,7,50
123722,54.57,7,50
123832,53.93,7,50
123940,50.77,7,50
124049,51.3,7,50
124156,55.15,7,50
124266,54.04,7,50
124375,50.97,7,50
124483,51.5,7,50
124707,53.88,7,50
124816,50.76,7,50
124923,52.98,7,50
125032,53.26,7,50
125140,51.59,7,50
125249,50.29,7,50
125357,54.04,7,50
125465,54.02,7,50
125574,50.64,7,50
125682,51.83,7,50
125790,50.76,7,50
125897,51.92,7,50
126006,50.82,7,50
126113,52.51,7,50
126222,51.65,7,50
126329,52.02,7,50
126438,50.75,7,50
126545,53.68,7,50
126654,54.56,7,50
126764,51.13,7,50
126872,51.31,7,50
126980,52.99,7,50
127088,53.89,7,50
127197,52.13,7,50
127305,51.65,7,50
127413,53.37,7,50
127521,53.37,7,50
127631,52.0,7,50
127738,52.16,7,50
127847,53.36,7,50
127955,53.37,7,50
128064,51.89,7,50
128173,52.92,7,50
128281,56.19,7,50
128391,54.4,7,50
128500,52.44,7,50
128609,53.5,7,50
128717,55.82,7,50
128827,54.86,7,50
128936,52.16,7,50
129044,54.89,7,50
129154,55.47,7,50
129263,52.75,7,50
129372,53.1,7,50
129480,55.42,7,50
129590,54.91,7,50
129699,51.82,7,50
129807,53.99,7,50
129916,56.44,7,50
130026,55.92,7,50
130136,52.24,7,50
130244,56.88,7,50
130354,55.32,7,50
130463,54.04,7,50
130572,54.06,7,50
130681,55.3,7,50
130791,54.64,7,50
130899,54.72,7,50
131009,55.07,7,50
131118,55.42,7,50
131227,55.51,7,50
131337,55.06,7,50
131446,55.15,7,50
131555,55.56,7,50
131664,56.07,7,50
131775,57.03,7,50
131885,57.5,7,50
131995,55.68,7,50
132105,56.96,7,50
132215,57.5,7,50
132325,57.13,7,50
132435,57.47,7,50
132546,58.21,7,50
132657,54.83,7,50
132765,54.48,7,50
132875,55.24,7,50
132984,53.93,7,50
133093,54.72,7,50
133202,54.33,7,50
133311,55.61,7,50
133421,55.26,7,50
133530,53.37,7,50
133640,54.87,7,50
133748,50.98,7,50
133857,53.89,7,50
133965,53.35,7,50
134074,52.27,7,50
134182,50.79,7,50
134290,52.41,7,50
134398,52.86,7,50
134507,53.89,7,50
134616,53.31,7,50
134724,50.37,7,50
134833,48.81,7,50
134939,48.66,7,50
135046,48.4,7,50
135152,48.71,7,50
135260,49.75,7,50
135366,49.93,7,50
135474,55.07,7,50
135583,55.27,7,50
135693,54.3,7,50
135802,54.51,7,50
135911,55.23,7,50
136020,52.93,7,50
136129,55.43,7,50
136239,54.1,7,50
136347,54.09,7,50
136457,55.24,7,50
136565,55.36,7,50
136675,55.34,7,50
136784,55.34,7,50
136894,55.36,7,50
137004,55.38,7,50
137112,52.93,7,50
137221,55.06,7,50
137330,55.09,7,50
137440,55.15,7,50
137548,54.02,7,50
137658,54.02,7,50
137766,53.21,7,50
137875,54.17,7,50
137984,55.22,7,50
138093,55.32,7,50
138203,55.56,7,50
138312,53.84,6,50
138425,52.79,7,50
138533,57.91,7,50
138644,62.01,7,50
138757,55.22,7,50
138866,56.79,7,50
138976,56.68,7,50
139086,56.91,7,50
139196,60.32,7,50
139309,60.12,7,50
139420,63.6,5,50
139539,58.5,7,50
139651,57.53,7,50
139761,57.88,7,50
139873,56.79,5,50
139990,57.32,6,50
140103,57.58,7,50
140214,57.49,7,50
140324,57.79,7,50
140435,57.95,7,50
140546,57.53,7,50
140655,58.81,7,50
140767,57.28,7,50
140876,55.22,7,50
140986,55.22,7,50
141095,55.22,7,50
141205,55.46,7,50
141315,55.79,7,50
141424,55.85,7,50
141534,56.28,7,50
141644,56.54,7,50
141754,55.82,7,50
141863,56.93,7,50
141974,57.76,7,50
142085,59.29,7,50
142312,55.32,7,50
142422,58.38,7,50
142532,55.58,7,50
142642,55.82,7,50
142751,55.45,7,50
142861,56.15,7,50
142970,49.61,7,50
143079,49.77,7,50
143186,49.42,7,50
143293,49.41,7,50
143400,49.41,7,50
143507,49.42,7,50
143614,49.41,7,50
143721,49.41,7,50
143828,49.41,7,50
143936,49.43,7,50
144043,49.43,7,50
144150,49.44,7,50
144257,48.92,7,50
144364,49.26,7,50
144471,49.81,7,50
144578,49.33,7,50
144685,49.42,7,50
144792,49.43,7,50
144900,49.65,7,50
145006,49.43,7,50
145114,49.41,7,50
145221,49.43,7,50
145328,50.29,7,50
145435,49.41,7,50
145543,49.41,7,50
145649,49.75,7,50
145757,49.58,7,50
145864,49.41,7,50
145971,49.41,7,50
146078,49.95,7,50
146186,49.93,7,50
146292,49.58,7,50
146400,49.41,7,50
146507,49.43,7,50
146614,49.41,7,50
146721,49.41,7,50
146828,49.43,7,50
146935,49.41,7,50
147042,49.43,7,50
147149,48.74,7,50
147256,49.08,7,50
147363,49.41,7,50
147470,48.72,7,50
147577,48.76,7,50
147684,49.42,7,50
147791,49.15,7,50
147898,48.88,7,50
148004,49.09,7,50
148112,49.31,7,50
148218,49.18,7,50
148326,48.81,7,50
148432,48.57,7,50
148540,48.85,7,50
148646,48.9,7,50
148753,48.89,7,50
148860,49.01,7,50
148967,48.89,7,50
149073,49.31,7,50
149181,49.1,7,50
149287,49.12,7,50
149395,49.12,7,50
149501,48.92,7,50
149609,49.04,7,50
149715,49.31,7,50
149823,49.33,7,50
149929,49.24,7,50
150037,49.34,7,50
150144,49.02,7,50
150251,49.44,7,50
150358,48.9,7,50
150465,48.92,7,50
150572,48.89,7,50
150678,48.9,7,50
150786,48.92,7,50
150892,48.9,7,50
150999,48.9,7,50
151106,48.93,7,50
151213,48.91,7,50
151319,48.92,7,50
151427,48.9,7,50
151533,48.89,7,50
151641,48.95,7,50
151747,49.42,7,50
151855,49.75,7,50
151961,49.76,7,50
152069,49.77,7,50
152176,49.76,7,50
152283,49.95,7,50
152390,50.82,7,50
152498,50.65,7,50
152605,51.99,7,50
152714,52.16,7,50
152822,52.68,7,50
152930,55.12,7,50
153039,55.57,7,50
153149,51.27,7,50
153257,49.58,7,50
153364,49.76,7,50
153472,49.76,7,50
153579,48.92,7,50
153686,49.1,7,50
153793,48.95,7,50
153900,49.1,7,50
154006,49.61,7,50
154114,49.77,7,50
154221,49.76,7,50
154329,49.95,7,50
154435,50.74,7,50
154543,49.77,7,50
154650,50.82,7,50
154758,52.16,7,50
154866,52.06,7,50
154974,52.85,7,50
155082,52.84,7,50
155191,53.7,7,50
155299,53.81,7,50
155409,54.91,7,50
155517,55.2,7,50
155627,55.21,7,50
155737,55.12,7,50
155846,54.85,7,50
155955,55.09,7,50
156064,55.22,7,50
156174,55.55,7,50
156283,55.98,7,50
156393,56.54,7,50
156504,56.47,7,50
156613,55.51,7,50
156723,55.51,7,50
156832,55.51,7,50
156942,55.15,7,50
157051,55.48,7,50
157161,55.35,7,50
157271,55.22,7,50
157380,55.22,7,50
157490,55.2,7,50
157599,55.2,7,50
157708,55.22,7,50
157817,55.32,7,50
157927,55.83,7,50
158036,55.79,7,50
158146,54.56,7,50
158255,54.22,7,50
158364,56.03,7,50
158474,55.8,7,50
158583,55.94,7,50
158693,56.17,7,50
158802,55.58,7,50
158912,55.51,7,50
159022,55.22,7,50
159131,55.22,7,50
159241,54.13,7,50
159349,55.22,7,50
159459,55.2,7,50
159567,52.28,7,50
159676,52.09,7,50
159784,51.94,7,50
159892,54.3,7,50
160002,52.12,7,50
160110,52.28,7,50
160218,54.3,7,50
160327,55.17,7,50
160436,55.22,7,50
160545,53.21,7,50
160654,52.11,7,50
160762,55.2,7,50
160871,54.28,7,50
160980,51.04,7,50
161088,51.94,7,50
161197,54.55,7,50
161305,54.92,7,50
161415,56.22,7,50
161524,54.22,7,50
161633,55.43,7,50
161742,55.2,7,50
161852,54.11,7,50
161960,55.16,7,50
162070,55.49,7,50
162180,55.57,7,50
162289,56.03,7,50
162400,55.46,7,50
162509,55.36,7,50
162619,55.36,7,50
162728,55.31,7,50
162838,55.2,7,50
162947,54.74,7,50
163056,54.75,7,50
163166,54.74,7,50
163275,54.81,7,50
163384,54.68,7,50
163493,55.09,7,50
163603,55.07,7,50
163713,55.6,7,50
163822,56.56,7,50
163932,55.28,7,50
164041,54.92,7,50
164151,54.23,7,50
164259,54.02,7,50
164369,53.71,7,50
164477,53.71,7,50
164586,53.03,7,50
164695,52.85,7,50
164803,52.34,7,50
164912,52.58,7,50
165020,50.99,7,50
165128,50.3,7,50
165235,49.79,7,50
165343,49.79,7,50
165450,49.95,7,50
165557,50.29,7,50
165664,50.3,7,50
165772,49.78,7,50
165879,49.77,7,50
165987,49.95,7,50
166094,49.77,7,50
166201,49.79,7,50
166308,49.76,7,50
166416,49.76,7,50
166522,49.76,7,50
166630,49.77,7,50
166737,49.75,7,50
166845,49.75,7,50
166951,49.75,7,50
167059,49.75,7,50
167166,49.76,7,50
167273,49.44,7,50
167380,49.27,7,50
167487,48.92,7,50
167595,48.97,7,50
167701,48.89,7,50
167809,48.92,7,50
167915,48.89,7,50
168022,48.92,7,50
168129,48.92,7,50
168236,49.11,7,50
168343,48.94,7,50
168450,49.04,7,50
168556,49.19,7,50
168664,49.24,7,50
168770,49.26,7,50
168878,49.25,7,50
168984,49.27,7,50
169092,49.11,7,50
169198,49.06,7,50
169306,49.24,7,50
169412,49.27,7,50
169520,49.3,7,50
169626,49.75,7,50
169734,49.34,7,50
169841,49.75,7,50
169948,49.77,7,50
170055,49.76,7,50
170163,49.76,7,50
170269,49.78,7,50
170377,49.76,7,50
170484,49.76,7,50
170592,49.76,7,50
170698,49.77,7,50
170806,49.77,7,50
170913,50.61,7,50
171021,50.47,7,50
171128,51.02,7,50
171236,51.13,7,50
171343,51.12,7,50
171451,51.82,7,50
171559,51.64,7,50
171667,51.99,7,50
171776,52.0,7,50
171884,52.0,7,50
171992,52.61,7,50
172100,52.86,7,50
172209,52.85,7,50
172317,53.88,7,50
172426,55.76,7,50
172535,56.39,7,50
172646,56.19,7,50
172755,55.34,7,50
172865,53.54,7,50
172974,53.33,7,50
173082,53.51,7,50
173192,53.7,7,50
173300,53.36,7,50
173409,54.0,7,50
173517,53.89,7,50
173627,54.23,7,50
173735,53.37,7,50
173844,53.37,7,50
173953,53.89,7,50
174062,54.22,7,50
174171,53.86,7,50
174279,53.88,7,50
174389,53.88,7,50
174497,53.86,7,50
174606,53.89,7,50
174715,53.88,7,50
174824,53.88,7,50
174932,53.88,7,50
175042,53.89,7,50
175151,54.13,7,50
175260,53.88,7,50
175369,53.88,7,50
175477,54.23,7,50
175587,54.09,7,50
175695,53.89,7,50
175805,53.89,7,50
175913,53.88,7,50
176022,53.89,7,50
176132,54.57,7,50
176240,55.22,7,50
176350,55.34,7,50
176459,55.34,7,50
176569,55.36,7,50
176678,55.55,7,50
176788,55.15,7,50
176898,54.92,7,50
177007,54.73,7,50
177116,54.74,7,50
177225,54.74,7,50
177335,54.74,7,50
177443,54.74,7,50
177553,54.38,7,50
177662,53.89,7,50
177771,54.38,7,50
177880,54.67,7,50
177989,55.04,7,50
178099,55.22,7,50
178208,55.58,7,50
178318,55.36,7,50
178427,55.35,7,50
178537,55.66,7,50
178647,55.36,7,50
178756,55.62,7,50
178866,55.43,7,50
178975,55.22,7,50
179085,55.22,7,50
179194,55.22,7,50
179304,55.05,7,50
179412,54.53,7,50
179522,54.72,7,50
179632,54.74,7,50
179740,55.08,7,50
179850,55.57,7,50
179959,55.31,7,50
180069,54.39,7,50
180178,54.06,7,50
180287,53.86,7,50
180397,53.88,7,50
180505,53.89,7,50
180614,54.22,7,50
180722,54.23,7,50
180832,54.34,7,50
180940,55.34,7,50
181050,55.6,7,50
181159,56.51,7,50
181270,56.36,7,50
181380,55.96,7,50
181489,55.3,7,50
181599,55.22,7,50
181708,54.98,7,50
181818,54.39,7,50
181927,53.37,7,50
182036,53.07,7,50
182145,52.86,7,50
182253,52.85,7,50
182362,52.5,7,50
182470,51.99,7,50
182578,52.17,7,50
182686,52.0,7,50
182795,52.0,7,50
182902,51.54,7,50
183011,49.93,7,50
183117,49.6,7,50
183225,49.76,7,50
183332,49.76,7,50
183439,49.76,7,50
183546,49.76,7,50
183654,49.78,7,50
183761,51.19,7,50
183869,49.88,7,50
183976,50.68,7,50
184084,51.58,7,50
184192,50.11,7,50
184299,50.12,7,50
184407,50.11,7,50
184514,48.78,7,50
184622,48.57,7,50
184728,48.57,7,50
184835,48.56,7,50
184941,48.55,7,50
185048,48.57,7,50
185155,49.06,7,50
185262,49.07,7,50
185369,49.07,7,50
185476,49.07,7,50
185582,48.57,7,50
185690,48.58,7,50
185796,48.58,7,50
185903,48.55,7,50
186009,48.57,7,50
186117,48.58,7,50
186223,48.57,7,50
186330,48.55,7,50
186436,48.56,7,50
186543,48.57,7,50
186650,48.58,7,50
186757,48.58,7,50
186863,48.56,7,50
186970,48.71,7,50
187077,52.02,7,50
187185,54.57,7,50
187294,49.6,7,50
187402,49.78,7,50
187509,52.06,7,50
187617,51.11,7,50
187725,49.41,7,50
187832,50.02,7,50
187939,51.48,7,50
188047,51.65,7,50
188155,51.3,7,50
188263,52.13,7,50
188371,55.43,7,50
188481,55.37,7,50
188591,55.37,7,50
188700,55.37,7,50
188810,55.03,7,50
188919,54.68,7,50
189028,55.26,7,50
189137,55.47,7,50
189247,55.34,7,50
189357,55.23,7,50
189466,55.23,7,50
189576,55.36,7,50
189685,55.48,7,50
189795,55.6,7,50
189904,56.03,7,50
190014,55.95,7,50
190124,55.78,7,50
190234,55.49,7,50
190344,55.51,7,50
190453,55.46,7,50
190563,55.42,7,50
190672,55.26,7,50
190782,55.23,7,50
190892,55.36,7,50
191001,55.41,7,50
191110,55.51,7,50
191219,55.33,7,50
191329,55.08,7,50
191438,55.09,7,50
191548,55.08,7,50
191657,55.49,7,50
191767,55.37,7,50
191877,55.37,7,50
191986,55.37,7,50
192096,55.37,7,50
192205,55.14,7,50
192315,55.21,7,50
192424,55.36,7,50
192534,55.37,7,50
192644,55.28,7,50
192753,55.18,7,50
192862,51.26,7,50
192970,54.13,7,50
193079,52.29,7,50
193187,49.95,7,50
193295,50.75,7,50
193402,49.96,7,50
193510,49.93,7,50
193617,49.46,7,50
193724,49.61,7,50
193831,49.78,7,50
193939,49.6,7,50
194045,50.28,7,50
194153,49.78,7,50
194260,51.79,7,50
194369,50.12,7,50
194477,50.32,7,50
194584,50.12,7,50
194692,50.27,7,50
194799,53.16,7,50
194908,51.05,7,50
195015,54.87,7,50
195125,50.32,7,50
195232,55.19,7,50
195342,52.22,7,50
195449,55.86,7,50
195559,55.97,7,50
195668,55.61,7,50
195778,55.58,7,50
195888,55.07,7,50
195997,54.1,7,50
196106,55.09,7,50
196215,55.04,7,50
196325,55.39,7,50
196434,55.8,7,50
196544,55.35,7,50
196654,55.46,7,50
196763,53.5,7,50
196872,55.96,7,50
196981,50.27,7,50
197089,51.3,7,50
197197,49.93,7,50
197305,50.27,7,50
197411,49.93,7,50
197519,51.48,7,50
197627,50.95,7,50
197735,50.45,7,50
197843,49.95,7,50
197950,55.47,7,50
198060,51.3,7,50
198168,56.54,7,50
198278,55.95,7,50
198387,55.97,7,50
198497,55.7,7,50
198607,55.37,7,50
198717,55.54,7,50
198827,55.46,7,50
198936,55.32,7,50
199046,55.51,7,50
199155,51.34,7,50
199263,56.28,7,50
199372,56.57,7,50
199482,56.14,7,50
199591,53.76,7,50
199701,54.92,7,50
199810,49.79,7,50
199917,56.96,7,50
200028,55.46,7,50
200137,56.6,7,50
200247,51.1,7,50
200355,52.74,7,50
200464,52.74,7,50
200572,55.96,7,50
200682,49.93,7,50
200790,50.11,7,50
200897,50.12,7,50
201005,56.03,7,50
201114,53.74,7,50
201223,49.96,7,50
201330,53.85,7,50
201440,49.78,7,50
201546,49.78,7,50
201654,49.95,7,50
201762,50.27,7,50
201869,49.75,7,50
201976,53.13,7,50
202085,50.78,7,50
202193,49.76,7,50
202300,49.44,7,50
202407,50.12,7,50
202515,50.8,7,50
202622,50.12,7,50
202730,49.78,7,50
202838,50.29,7,50
202945,49.77,7,50
203053,49.94,7,50
203160,51.09,7,50
203269,49.43,7,50
203375,49.78,7,50
203483,49.78,7,50
203590,49.79,7,50
203697,49.93,7,50
203804,49.6,7,50
203912,49.78,7,50
204019,49.6,7,50
204127,50.12,7,50
204233,49.61,7,50
204341,54.46,7,50
204450,53.24,7,50
204559,50.12,7,50
204666,54.12,7,50
204775,54.37,7,50
204884,54.25,7,50
204993,49.44,7,50
205101,49.43,7,50
205207,49.95,7,50
205315,49.94,7,50
205422,49.93,7,50
205530,49.78,7,50
205636,49.94,7,50
205744,49.75,7,50
205851,49.77,7,50
205959,49.58,7,50
206065,49.58,7,50
206173,49.43,7,50
206280,50.1,7,50
206387,50.27,7,50
206494,50.28,7,50
206602,50.27,7,50
206709,50.3,7,50
206817,50.28,7,50
206924,49.79,7,50
207032,50.28,7,50
207139,49.95,7,50
207246,50.13,7,50
207353,50.29,7,50
207461,50.12,7,50
207568,49.44,7,50
207676,50.27,7,50
207783,50.12,7,50
207890,49.79,7,50
207997,50.27,7,50
208105,50.27,7,50
208212,49.75,7,50
208320,49.6,7,50
208427,49.78,7,50
208534,50.27,7,50
208642,49.42,7,50
208748,50.28,7,50
208856,49.94,7,50
208963,49.6,7,50
209071,49.44,7,50
209177,49.6,7,50
209285,49.78,7,50
209392,49.78,7,50
209500,49.45,7,50
209606,49.42,7,50
209714,49.62,7,50
209821,52.89,7,50
209929,49.93,7,50
210036,49.79,7,50
210144,50.1,7,50
210251,50.11,7,50
210359,52.32,7,50
210467,51.44,7,50
210576,49.95,7,50
210683,54.28,7,50
210793,49.44,7,50
210900,52.8,7,50
211009,50.12,7,50
211117,50.72,7,50
211224,49.46,7,50
211332,49.61,7,50
211439,50.13,7,50
211547,49.61,7,50
211653,50.48,7,50
211761,49.79,7,50
211868,49.94,7,50
211976,49.43,7,50
212083,49.93,7,50
212190,49.95,7,50
212297,49.61,7,50
212405,49.42,7,50
212511,49.45,7,50
212619,49.42,7,50
212726,49.43,7,50
212833,49.42,7,50
212940,49.41,7,50
213048,49.75,7,50
213154,49.43,7,50
213262,49.41,7,50
213368,49.43,7,50
213476,49.94,7,50
213583,50.28,7,50
213691,49.75,7,50
213798,49.94,7,50
213905,49.61,7,50
214012,49.76,7,50
0,54.59,7,55
100,55.1,7,55
208,55.09,7,55
318,55.1,7,55
428,54.59,7,55
536,54.58,7,55
646,53.9,7,55
754,53.69,7,55
863,53.71,7,55
971,53.82,7,55
1080,53.19,7,55
1188,53.19,7,55
1297,53.39,7,55
1405,53.72,7,55
1515,52.66,7,55
1623,53.69,7,55
1731,53.73,7,55
1841,53.72,7,55
1949,53.73,7,55
2058,53.72,7,55
2166,53.73,7,55
2275,54.07,7,55
2384,53.8,7,55
2493,53.86,7,55
2601,53.71,7,55
2710,54.59,7,55
2820,50.26,7,55
2927,51.94,7,55
3035,51.94,7,55
3143,53.83,7,55
3252,54.87,7,55
3360,55.27,7,55
3470,55.1,7,55
3579,55.09,7,55
3689,54.93,7,55
3798,52.11,7,55
3906,54.14,7,55
4015,55.08,7,55
4123,54.88,7,55
4233,55.08,7,55
4341,53.75,7,55
4450,55.1,7,55
4559,55.36,7,55
4669,55.52,7,55
4779,55.52,7,55
4888,55.18,7,55
4998,55.1,7,55
5106,55.16,7,55
5216,55.09,7,55
5325,55.09,7,55
5435,55.4,7,55
5544,55.1,7,55
5653,55.5,7,55
5763,55.52,7,55
5872,55.79,7,55
5982,55.52,7,55
6091,55.5,7,55
6201,55.5,7,55
6310,55.62,7,55
6420,55.82,7,55
6530,55.75,7,55
6639,55.51,7,55
6749,55.1,7,55
6858,55.1,7,55
6968,55.33,7,55
7076,55.5,7,55
7186,56.01,7,55
7297,56.22,7,55
7406,56.4,7,55
7516,56.06,7,55
7625,56.06,7,55
7735,56.07,7,55
7845,56.09,7,55
7955,56.1,7,55
8065,56.01,7,55
8174,55.76,7,55
8284,55.72,7,55
8393,55.82,7,55
8503,55.87,7,55
8612,56.04,7,55
8722,55.15,7,55
8832,55.9,7,55
8941,55.67,7,55
9051,55.67,7,55
9160,55.56,7,55
9270,55.59,7,55
9379,55.5,7,55
9489,55.78,7,55
9598,55.75,7,55
9708,56.07,7,55
9818,56.01,7,55
9927,56.02,7,55
10037,55.99,7,55
10147,55.99,7,55
10257,56.09,7,55
10366,55.86,7,55
10476,55.84,7,55
10586,56.02,7,55
10695,55.65,7,55
10805,55.64,7,55
10914,55.31,7,55
11024,55.63,7,55
11133,55.32,7,55
11243,56.0,7,55
11353,55.64,7,55
11462,55.52,7,55
11572,55.5,7,55
11681,55.16,7,55
11791,55.52,7,55
11900,55.53,7,55
12010,55.51,7,55
12120,55.24,7,55
12229,55.41,7,55
12339,55.52,7,55
12448,55.52,7,55
12558,55.28,7,55
12667,54.89,7,55
12776,54.59,7,55
12886,55.1,7,55
12995,55.52,7,55
13105,55.53,7,55
13214,55.34,7,55
13324,55.34,7,55
13433,55.59,7,55
13543,55.67,7,55
13652,55.24,7,55
13761,56.08,7,55
13872,55.48,7,55
13981,55.62,7,55
14091,55.52,7,55
14200,55.83,7,55
14310,55.53,7,55
14419,55.79,7,55
14529,55.73,7,55
14639,56.33,7,55
14748,55.36,7,55
14858,55.36,7,55
14967,55.44,7,55
15077,55.28,7,55
15186,55.16,7,55
15295,56.01,7,55
15406,55.4,7,55
15514,54.77,7,55
15624,55.38,7,55
15733,55.37,7,55
15843,55.38,7,55
15952,55.38,7,55
16062,55.38,7,55
16172,55.82,7,55
16281,55.38,7,55
16391,55.52,7,55
16500,55.36,7,55
16610,55.38,7,55
16719,55.38,7,55
16828,55.38,7,55
16937,55.38,7,55
17047,55.37,7,55
17157,55.36,7,55
17266,55.38,7,55
17376,55.38,7,55
17485,55.38,7,55
17595,55.38,7,55
17704,55.37,7,55
17814,55.38,7,55
17924,55.37,7,55
18032,55.38,7,55
18142,55.38,7,55
18251,55.36,7,55
18361,55.38,7,55
18470,55.37,7,55
18580,55.38,7,55
18690,55.38,7,55
18799,55.38,7,55
18909,55.36,7,55
19018,55.38,7,55
19128,55.36,7,55
19236,55.38,7,55
19346,55.35,7,55
19456,55.39,7,55
19565,55.37,7,55
19675,55.36,7,55
19784,55.38,7,55
19894,55.38,7,55
20003,55.36,7,55
20113,55.36,7,55
20222,55.37,7,55
20332,55.37,7,55
20442,55.59,7,55
20551,55.39,7,55
20661,55.39,7,55
20770,55.38,7,55
20880,55.35,7,55
20988,55.38,7,55
21098,55.38,7,55
21208,55.37,7,55
21317,55.38,7,55
21427,55.38,7,55
21536,55.38,7,55
21646,55.38,7,55
21755,55.38,7,55
21865,55.36,7,55
21975,55.38,7,55
22084,55.38,7,55
22193,55.39,7,55
22302,55.38,7,55
22412,55.36,7,55
22521,55.38,7,55
22631,55.38,7,55
22740,55.37,7,55
22850,55.38,7,55
22960,55.38,7,55
23069,55.37,7,55
23179,55.38,7,55
23288,55.36,7,55
23397,55.38,7,55
23506,55.39,7,55
23616,55.37,7,55
23726,55.38,7,55
23835,55.38,7,55
23945,55.38,7,55
24054,55.39,7,55
24164,55.37,7,55
24273,55.38,7,55
24383,55.39,7,55
24493,55.38,7,55
24601,55.38,7,55
24711,55.38,7,55
24820,55.36,7,55
24930,55.36,7,55
25039,55.37,7,55
25149,55.39,7,55
25259,55.39,7,55
25368,55.38,7,55
25478,55.38,7,55
25587,55.37,7,55
25697,55.38,7,55
25805,55.38,7,55
25915,55.37,7,55
26024,55.37,7,55
26134,55.36,7,55
26244,55.38,7,55
26353,55.38,7,55
26463,55.36,7,55
26572,55.38,7,55
26682,55.39,7,55
26791,55.38,7,55
26901,55.39,7,55
27011,55.37,7,55
27119,55.38,7,55
27229,55.38,7,55
27338,55.38,7,55
27448,55.37,7,55
27557,55.37,7,55
27667,55.39,7,55
27777,55.37,7,55
27886,55.38,7,55
27996,55.38,7,55
28105,55.38,7,55
28215,55.38,7,55
28324,55.38,7,55
28433,55.38,7,55
28542,55.38,7,55
28652,55.36,7,55
28762,55.36,7,55
28871,55.36,7,55
28981,55.38,7,55
29090,55.38,7,55
29200,55.38,7,55
29309,55.38,7,55
29419,55.39,7,55
29529,55.38,7,55
29637,55.38,7,55
29747,55.39,7,55
29856,58.23,5,55
29974,59.01,7,55
30086,55.39,7,55
30195,55.39,7,55
30305,55.38,7,55
30414,55.37,7,55
30524,53.57,7,55
30632,53.56,7,55
30741,52.87,7,55
30850,52.7,7,55
30958,53.04,7,55
31067,53.8,7,55
31175,53.89,7,55
31284,53.38,7,55
31393,53.76,7,55
31502,53.56,7,55
31610,53.53,7,55
31719,54.4,7,55
31828,55.28,7,55
31938,55.14,7,55
32047,55.3,7,55
32156,54.91,7,55
32266,55.24,7,55
32375,55.24,7,55
32485,55.27,7,55
32594,55.24,7,55
32703,55.23,7,55
32813,55.24,7,55
32922,55.24,7,55
33032,55.22,7,55
33141,54.75,7,55
33251,54.73,7,55
33359,55.22,7,55
33469,55.24,7,55
33579,55.25,7,55
33688,55.24,7,55
33798,55.25,7,55
33906,55.24,7,55
34016,55.25,7,55
34125,55.24,7,55
34235,55.24,7,55
34344,55.38,7,55
34454,55.38,7,55
34564,55.38,7,55
34673,55.49,7,55
34783,55.47,7,55
34892,55.27,7,55
35002,55.27,7,55
35111,55.3,7,55
35220,55.3,7,55
35330,55.38,7,55
35439,55.07,7,55
35549,55.08,7,55
35658,55.44,7,55
35768,55.28,7,55
35877,55.39,7,55
35987,55.31,7,55
36097,55.24,7,55
36205,55.16,7,55
36315,55.36,7,55
36424,55.38,7,55
36534,55.38,7,55
36643,55.38,7,55
36753,55.29,7,55
36862,55.38,7,55
36971,55.33,7,55
37081,55.34,7,55
37190,55.37,7,55
37300,55.27,7,55
37409,55.36,7,55
37519,55.38,7,55
37628,55.38,7,55
37738,55.36,7,55
37848,55.3,7,55
37957,55.26,7,55
38066,55.36,7,55
38175,55.36,7,55
38285,55.37,7,55
38394,55.38,7,55
38504,55.38,7,55
38614,55.38,7,55
38723,55.39,7,55
38833,55.38,7,55
38942,55.39,7,55
39051,55.39,7,55
39160,55.36,7,55
39270,55.38,7,55
39379,55.37,7,55
39489,55.39,7,55
39599,55.19,7,55
39708,55.38,7,55
39818,55.39,7,55
39927,55.27,7,55
40037,55.3,7,55
40145,55.37,7,55
40255,55.36,7,55
40365,55.36,7,55
40474,55.07,7,55
40584,55.18,7,55
40693,54.39,7,55
40802,54.76,7,55
40911,54.56,7,55
41021,54.39,7,55
41129,54.59,7,55
41239,54.56,7,55
41348,54.82,7,55
41457,54.74,7,55
41567,55.2,7,55
41676,55.18,7,55
41785,55.2,7,55
41894,55.34,7,55
42004,55.38,7,55
42114,55.38,7,55
42223,55.37,7,55
42333,55.26,7,55
42442,55.27,7,55
42552,54.99,7,55
42660,54.92,7,55
42770,54.54,7,55
42880,54.99,7,55
42989,54.93,7,55
43098,54.92,7,55
43207,54.41,7,55
43316,54.92,7,55
43425,54.93,7,55
43535,55.18,7,55
43644,55.0,7,55
43754,55.2,7,55
43863,55.09,7,55
43972,54.91,7,55
44082,55.02,7,55
44191,55.01,7,55
44300,54.91,7,55
44409,55.36,7,55
44519,55.36,7,55
44628,55.25,7,55
44738,55.37,7,55
44848,55.36,7,55
44957,55.39,7,55
45066,55.39,7,55
45175,55.38,7,55
45285,55.35,7,55
45394,55.38,7,55
45504,55.36,7,55
45614,55.38,7,55
45723,55.37,7,55
45833,55.21,7,55
45942,54.93,7,55
46051,55.11,7,55
46160,54.93,7,55
46270,55.36,7,55
46380,55.36,7,55
46489,55.27,7,55
46599,55.18,7,55
46707,55.36,7,55
46817,55.36,7,55
46926,55.38,7,55
47036,55.38,7,55
47145,55.36,7,55
47255,55.38,7,55
47365,55.38,7,55
47474,55.38,7,55
47584,55.36,7,55
47692,55.38,7,55
47802,55.38,7,55
47911,55.37,7,55
48021,55.36,7,55
48131,55.38,7,55
48240,55.38,7,55
48350,55.38,7,55
48459,55.36,7,55
48569,55.38,7,55
48678,55.37,7,55
48788,55.38,7,55
48897,55.37,7,55
49006,55.36,7,55
49116,55.35,7,55
49225,55.36,7,55
49335,55.38,7,55
49444,55.38,7,55
49554,55.36,7,55
49664,55.38,7,55
49773,55.38,7,55
49883,55.39,7,55
49992,55.39,7,55
50101,55.38,7,55
50210,55.38,7,55
50320,55.38,7,55
50429,55.36,7,55
50539,55.38,7,55
50649,55.38,7,55
50758,55.37,7,55
50868,55.39,7,55
50977,55.39,7,55
51087,55.38,7,55
51196,55.38,7,55
51306,55.39,7,55
51416,55.37,7,55
51524,55.38,7,55
51634,55.38,7,55
51743,55.36,7,55
51853,55.36,7,55
51962,55.38,7,55
52072,55.38,7,55
52182,55.38,7,55
52291,55.37,7,55
52401,55.38,7,55
52510,55.38,7,55
52620,55.38,7,55
52728,55.38,7,55
52838,55.39,7,55
52947,55.36,7,55
53057,55.38,7,55
53167,55.38,7,55
53276,55.36,7,55
53386,55.38,7,55
53495,55.38,7,55
53605,55.38,7,55
53714,55.38,7,55
53823,55.38,7,55
53933,55.37,7,55
54042,55.37,7,55
54152,55.37,7,55
54261,55.36,7,55
54371,55.37,7,55
54480,55.38,7,55
54590,55.38,7,55
54700,55.38,7,55
54809,55.38,7,55
54919,55.37,7,55
55027,55.35,7,55
55137,55.36,7,55
55246,55.38,7,55
55356,55.37,7,55
55465,55.38,7,55
55575,55.36,7,55
55685,55.38,7,55
55794,55.38,7,55
55904,55.38,7,55
56013,55.38,7,55
56122,55.38,7,55
56231,55.37,7,55
56341,55.38,7,55
56451,55.37,7,55
56560,55.38,7,55
56670,55.38,7,55
56779,55.38,7,55
56889,55.37,7,55
56998,55.38,7,55
57108,55.38,7,55
57218,55.38,7,55
57326,55.38,7,55
57436,55.38,7,55
57545,55.38,7,55
57655,55.36,7,55
57764,55.38,7,55
57874,55.37,7,55
57984,55.37,7,55
58093,55.37,7,55
58203,55.38,7,55
58312,55.37,7,55
58422,55.38,7,55
58531,55.37,7,55
58640,55.39,7,55
58749,55.37,7,55
58859,55.38,7,55
58969,55.36,7,55
59078,55.39,7,55
59188,55.38,7,55
59297,55.38,7,55
59407,55.38,7,55
59516,55.39,7,55
59626,55.36,7,55
59736,55.38,7,55
59845,55.36,7,55
59954,55.38,7,55
60063,55.38,7,55
60173,55.35,7,55
60282,55.38,7,55
60392,55.37,7,55
60502,55.37,7,55
60611,55.38,7,55
60721,55.38,7,55
60830,55.37,7,55
60940,55.38,7,55
61048,55.37,7,55
61158,55.38,7,55
61267,55.36,7,55
61377,55.38,7,55
61487,55.38,7,55
61596,55.38,7,55
61706,55.38,7,55
61815,55.38,7,55
61925,55.39,7,55
62034,55.36,7,55
62144,55.38,7,55
62254,55.36,7,55
62362,55.39,7,55
62472,55.37,7,55
62581,55.36,7,55
62691,55.38,7,55
62800,55.37,7,55
62910,55.38,7,55
63020,55.38,7,55
63129,55.38,7,55
63239,55.38,7,55
63348,55.38,7,55
63457,55.38,7,55
63566,55.38,7,55
63676,55.38,7,55
63785,55.36,7,55
63895,55.38,7,55
64005,55.37,7,55
64114,55.38,7,55
64224,55.36,7,55
64333,55.37,7,55
64443,55.37,7,55
64552,55.39,7,55
64661,55.38,7,55
64771,55.38,7,55
64880,55.36,7,55
64990,55.36,7,55
65099,55.35,7,55
65209,55.38,7,55
65318,55.38,7,55
65428,55.38,7,55
65538,55.38,7,55
65647,55.38,7,55
65757,55.38,7,55
65865,55.37,7,55
65975,55.38,7,55
66084,55.35,7,55
66194,55.37,7,55
66304,55.38,7,55
66413,55.38,7,55
66523,55.38,7,55
66632,55.38,7,55
66742,55.38,7,55
66851,55.38,7,55
66961,55.36,7,55
67069,55.38,7,55
67179,55.38,7,55
67289,55.36,7,55
67398,55.38,7,55
67508,55.38,7,55
67617,55.38,7,55
67727,55.38,7,55
67836,55.37,7,55
67946,55.38,7,55
68056,55.36,7,55
68164,55.37,7,55
68274,55.37,7,55
68383,55.35,7,55
68493,55.38,7,55
68602,55.38,7,55
68712,55.38,7,55
68822,55.37,7,55
68931,55.37,7,55
69041,55.35,7,55
69150,55.37,7,55
69259,55.38,7,55
69368,55.37,7,55
69478,55.35,7,55
69587,55.36,7,55
69697,55.34,7,55
69807,55.37,7,55
69916,55.37,7,55
70026,55.38,7,55
70135,55.37,7,55
70245,55.37,7,55
70354,55.37,7,55
70463,55.37,7,55
70573,55.37,7,55
70682,55.35,7,55
70792,55.35,7,55
70901,55.37,7,55
71011,55.37,7,55
71120,55.37,7,55
71230,55.38,7,55
71340,55.38,7,55
71449,55.38,7,55
71559,55.36,7,55
71667,55.37,7,55
71777,55.37,7,55
71886,55.38,7,55
71996,55.36,7,55
72105,55.38,7,55
72215,55.38,7,55
72325,55.36,7,55
72434,55.38,7,55
72544,55.38,7,55
72653,55.38,7,55
72763,55.38,7,55
72872,55.37,7,55
72981,55.38,7,55
73091,55.37,7,55
73200,55.36,7,55
73310,55.37,7,55
73419,55.37,7,55
73529,55.38,7,55
73638,55.38,7,55
73748,55.36,7,55
73858,55.38,7,55
73967,55.38,7,55
74077,55.38,7,55
74185,55.38,7,55
74295,55.37,7,55
74404,55.38,7,55
74514,55.36,7,55
74624,55.38,7,55
74733,55.38,7,55
74843,55.38,7,55
74952,55.38,7,55
75062,55.39,7,55
75171,55.38,7,55
75281,55.38,7,55
75390,55.39,7,55
75499,55.38,7,55
75609,55.38,7,55
75718,55.35,7,55
75828,55.37,7,55
75937,55.38,7,55
76047,55.38,7,55
76156,55.38,7,55
76266,55.38,7,55
76376,55.36,7,55
76485,55.37,7,55
76595,55.37,7,55
76703,55.37,7,55
76813,55.37,7,55
76922,55.36,7,55
77032,55.35,7,55
77142,55.38,7,55
77251,55.37,7,55
77361,55.38,7,55
77470,55.38,7,55
77580,55.37,7,55
77689,55.37,7,55
77798,55.37,7,55
77907,55.37,7,55
78017,55.35,7,55
78127,55.37,7,55
78236,55.37,7,55
78346,55.38,7,55
78455,55.37,7,55
78565,55.38,7,55
78674,55.38,7,55
78784,55.38,7,55
78893,55.38,7,55
79002,55.38,7,55
79112,55.35,7,55
79221,55.37,7,55
79331,55.37,7,55
79440,55.37,7,55
79550,55.37,7,55
79660,55.38,7,55
79769,55.38,7,55
79879,55.38,7,55
79987,55.38,7,55
80097,55.36,7,55
80206,55.36,7,55
80316,55.37,7,55
80425,55.37,7,55
80535,55.38,7,55
80645,55.38,7,55
80754,55.38,7,55
80864,55.37,7,55
80973,55.38,7,55
81083,55.38,7,55
81191,55.38,7,55
81301,55.37,7,55
81411,55.36,7,55
81520,55.36,7,55
81630,55.36,7,55
81739,55.38,7,55
81849,55.38,7,55
81958,55.37,7,55
82068,55.38,7,55
82177,55.38,7,55
82286,55.38,7,55
82396,55.36,7,55
82505,55.38,7,55
82615,55.37,7,55
82724,55.37,7,55
82834,55.39,7,55
82944,55.38,7,55
83053,55.38,7,55
83163,55.38,7,55
83272,55.38,7,55
83381,55.38,7,55
83490,55.37,7,55
83600,55.35,7,55
83709,55.36,7,55
83819,55.38,7,55
83929,55.37,7,55
84038,55.38,7,55
84148,55.38,7,55
84257,55.38,7,55
84367,55.37,7,55
84476,55.38,7,55
84586,55.38,7,55
84695,55.38,7,55
84804,55.36,7,55
84914,55.36,7,55
85023,55.36,7,55
85133,55.38,7,55
85242,55.38,7,55
85352,55.36,7,55
85462,55.38,7,55
85571,55.38,7,55
85681,55.38,7,55
85789,55.37,7,55
85899,55.38,7,55
86008,55.36,7,55
86118,55.36,7,55
86227,55.38,7,55
86337,55.38,7,55
86447,55.37,7,55
86556,55.38,7,55
86666,55.38,7,55
86775,55.38,7,55
86885,55.37,7,55
86993,55.38,7,55
87103,55.38,7,55
87213,55.36,7,55
87322,55.38,7,55
87432,55.37,7,55
87541,55.37,7,55
87651,55.38,7,55
87760,55.37,7,55
87870,55.38,7,55
87980,55.37,7,55
88088,55.38,7,55
88198,55.38,7,55
88307,55.36,7,55
88417,55.36,7,55
88526,55.38,7,55
88636,55.38,7,55
88745,55.37,7,55
88855,55.38,7,55
88965,55.38,7,55
89074,55.36,7,55
89184,55.38,7,55
89293,55.37,7,55
89402,55.38,7,55
89511,55.38,7,55
89621,55.37,7,55
89731,55.36,7,55
89840,55.38,7,55
89950,55.38,7,55
90059,55.38,7,55
90169,55.38,7,55
90278,55.38,7,55
90388,55.38,7,55
90498,55.38,7,55
90606,55.38,7,55
90716,55.37,7,55
90825,55.36,7,55
90935,55.38,7,55
91044,55.38,7,55
91154,55.38,7,55
91264,55.38,7,55
91373,55.37,7,55
91483,55.38,7,55
91592,55.38,7,55
91702,55.38,7,55
91810,55.38,7,55
91920,55.39,6,55
92035,55.38,4,55
92155,55.27,7,55
92265,55.01,7,55
92374,55.0,7,55
92483,54.23,7,55
92593,54.07,7,55
92701,54.18,7,55
92810,54.24,7,55
92919,53.91,7,55
93028,53.9,7,55
93137,55.03,7,55
93246,55.38,7,55
93356,55.38,7,55
93465,55.37,7,55
93575,55.36,7,55
93684,55.36,7,55
93794,55.39,7,55
93903,55.38,7,55
94013,55.37,7,55
94123,55.38,7,55
94232,55.37,7,55
94342,55.37,7,55
94450,55.38,7,55
94560,55.38,7,55
94669,55.36,7,55
94779,55.38,7,55
94888,55.38,7,55
94998,55.36,7,55
95108,55.38,7,55
95217,55.38,7,55
95327,55.38,7,55
95436,55.38,7,55
95546,55.37,7,55
95654,55.38,7,55
95764,55.36,7,55
95874,55.38,7,55
95983,55.36,7,55
96093,55.37,7,55
96202,55.36,7,55
96312,55.37,7,55
96421,55.37,7,55
96531,55.38,7,55
96641,55.38,7,55
96750,55.38,7,55
96859,55.37,7,55
96968,55.38,7,55
97078,55.37,7,55
97187,55.35,7,55
97297,55.37,7,55
97406,55.38,7,55
97516,55.38,7,55
97626,55.38,7,55
97735,55.37,7,55
97845,55.38,7,55
97954,55.37,7,55
98063,55.38,7,55
98172,55.38,7,55
98282,55.39,7,55
98392,55.36,7,55
98501,55.38,7,55
98611,55.38,7,55
98720,55.36,7,55
98830,55.36,7,55
98939,55.38,7,55
99049,55.27,7,55
99158,55.35,7,55
99267,55.36,7,55
99377,55.36,7,55
99486,55.36,7,55
99596,55.38,7,55
99705,55.38,7,55
99815,55.37,7,55
99924,55.38,7,55
100034,55.37,7,55
100144,55.37,7,55
100253,55.38,7,55
100363,55.36,7,55
100472,55.37,7,55
100581,55.38,7,55
100690,55.38,7,55
100800,55.38,7,55
100910,55.38,7,55
101019,55.38,7,55
101129,55.37,7,55
101238,55.36,7,55
101348,55.38,7,55
101457,55.37,7,55
101567,55.37,7,55
101677,55.36,7,55
101786,55.37,7,55
101896,55.38,7,55
102005,55.35,7,55
102115,55.37,7,55
102224,55.37,7,55
102334,55.27,7,55
102444,55.36,7,55
102552,55.38,7,55
102662,55.38,7,55
102771,55.37,7,55
102881,55.38,7,55
102990,55.35,7,55
103100,55.35,7,55
103209,55.35,7,55
103319,55.38,7,55
103429,55.35,7,55
103538,55.38,7,55
103648,55.35,7,55
103757,55.37,7,55
103867,55.38,7,55
103976,55.37,7,55
104086,55.36,7,55
104196,54.91,7,55
104305,54.83,7,55
104414,55.12,7,55
104523,55.27,7,55
104633,55.0,7,55
104742,55.36,7,55
104852,55.38,7,55
104962,55.37,7,55
105071,55.37,7,55
105181,55.37,7,55
105290,55.35,7,55
105400,55.37,7,55
105508,55.38,7,55
105618,55.39,7,55
105728,55.39,7,55
105837,55.36,7,55
105947,55.38,7,55
106056,55.38,7,55
106166,55.36,7,55
106275,55.36,7,55
106385,55.37,7,55
106494,55.38,7,55
106604,55.38,7,55
106714,55.38,7,55
106823,55.36,7,55
106933,55.36,7,55
107042,55.36,7,55
107152,55.38,7,55
107261,55.38,7,55
107371,55.38,7,55
107481,55.38,7,55
107590,55.38,7,55
107700,55.37,7,55
107809,55.38,7,55
107918,55.38,7,55
108027,55.38,7,55
108137,55.38,7,55
108247,55.38,7,55
108356,55.36,7,55
108466,55.36,7,55
108575,55.36,7,55
108685,55.38,7,55
108794,55.36,7,55
108904,55.37,7,55
109014,55.38,7,55
109123,55.37,7,55
109233,55.37,7,55
109342,55.34,7,55
109452,55.37,7,55
109561,55.37,7,55
109671,55.35,7,55
109780,55.37,7,55
109890,55.36,7,55
110000,55.37,7,55
110109,55.36,7,55
110218,55.37,7,55
110327,55.36,7,55
110437,55.37,7,55
110546,55.37,7,55
110656,55.37,7,55
110766,55.35,7,55
110875,55.36,7,55
110985,55.38,7,55
111094,55.37,7,55
111204,55.37,7,55
111313,55.37,7,55
111423,55.38,7,55
111533,55.38,7,55
111642,55.37,7,55
111752,55.37,7,55
111861,55.37,7,55
111971,55.38,7,55
112080,55.37,7,55
112190,55.37,7,55
112300,55.38,7,55
112409,55.37,7,55
112519,55.38,7,55
112627,55.38,7,55
112737,55.39,7,55
112846,55.38,7,55
112956,55.37,7,55
113065,55.38,7,55
113175,55.36,7,55
113285,55.36,7,55
113394,55.38,7,55
113504,55.38,7,55
113613,55.38,7,55
113723,55.38,7,55
113832,55.38,7,55
113942,55.38,7,55
114052,55.37,7,55
114161,55.38,7,55
114271,55.38,7,55
114380,55.38,7,55
114490,55.38,7,55
114599,55.38,7,55
114709,55.38,7,55
114819,55.38,7,55
114927,55.38,7,55
115037,55.38,7,55
115146,55.38,7,55
115256,55.35,7,55
115365,55.36,7,55
115475,55.37,7,55
115585,55.36,7,55
115694,55.36,7,55
115804,55.37,7,55
115913,55.37,7,55
116023,55.37,7,55
116132,55.37,7,55
116242,55.38,7,55
116352,55.38,7,55
116461,55.37,7,55
116571,55.35,7,55
116680,55.36,7,55
116790,55.37,7,55
116899,55.38,7,55
117009,55.38,7,55
117117,55.38,7,55
117227,55.37,7,55
117337,55.38,7,55
117446,55.38,7,55
117556,55.36,7,55
117665,55.36,7,55
117775,55.36,7,55
117884,55.38,7,55
117994,55.38,7,55
118104,55.38,7,55
118213,55.36,7,55
118323,55.38,7,55
118432,55.37,7,55
118542,55.37,7,55
118651,55.38,7,55
118761,55.38,7,55
118871,55.36,7,55
118980,55.38,7,55
119090,55.38,7,55
119199,55.38,7,55
119309,55.38,7,55
119418,55.36,7,55
119527,55.38,7,55
119636,55.38,7,55
119746,55.35,7,55
119856,55.37,7,55
119965,55.36,7,55
120075,55.37,7,55
120184,55.36,7,55
120294,55.35,7,55
120403,55.38,7,55
120513,55.38,7,55
120623,55.36,7,55
120732,55.37,7,55
120842,55.37,7,55
120951,55.37,7,55
121061,55.35,7,55
121170,55.37,7,55
121280,55.37,7,55
121390,55.37,7,55
121499,55.35,7,55
121609,55.37,7,55
121718,55.37,7,55
121828,55.38,7,55
121937,55.35,7,55
122046,55.37,7,55
122156,55.37,7,55
122265,55.37,7,55
122375,55.35,7,55
122484,55.36,7,55
122594,55.37,7,55
122703,55.38,6,55
122817,55.38,7,55
122927,55.36,7,55
123036,55.38,7,55
123146,55.38,7,55
123255,55.36,7,55
123365,55.37,7,55
123474,55.37,7,55
123584,55.37,7,55
123694,55.36,7,55
123803,55.38,7,55
123912,55.38,7,55
124021,55.38,7,55
124131,55.38,7,55
124240,55.37,7,55
124350,55.35,7,55
124460,55.36,7,55
124569,55.36,7,55
124679,55.38,7,55
124788,55.38,7,55
124898,55.38,7,55
125007,55.37,7,55
125117,55.37,7,55
125227,55.37,7,55
125336,55.38,7,55
125446,55.38,7,55
125555,55.36,7,55
125665,55.37,7,55
125774,55.37,7,55
125884,55.36,7,55
125993,55.37,7,55
126103,55.37,7,55
126213,55.37,7,55
126321,55.38,7,55
126431,55.37,7,55
126540,55.37,7,55
126650,55.35,7,55
126759,55.37,7,55
126869,55.38,7,55
126979,55.35,7,55
127088,55.35,7,55
127198,55.38,7,55
127307,55.37,7,55
127417,55.38,7,55
127526,55.38,7,55
127636,55.38,7,55
127746,55.37,7,55
127855,55.38,7,55
127965,55.38,7,55
128074,55.38,7,55
128184,55.38,7,55
128293,55.38,7,55
128403,55.38,7,55
128513,55.38,7,55
128621,55.38,7,55
128731,55.38,7,55
128840,55.38,7,55
128950,55.35,7,55
129059,55.36,7,55
129169,55.38,7,55
129278,55.37,7,55
129388,55.36,7,55
129498,55.35,7,55
129607,55.36,7,55
129717,55.38,7,55
129826,55.38,7,55
129936,55.38,7,55
130045,55.37,7,55
130155,55.36,7,55
130265,55.37,7,55
130374,55.38,7,55
130484,55.38,7,55
130593,55.38,7,55
130703,55.36,7,55
130812,55.38,7,55
130922,55.38,7,55
131032,55.37,7,55
131141,55.38,7,55
131251,55.38,7,55
131359,55.38,7,55
131469,55.38,7,55
131578,55.38,7,55
131688,55.35,7,55
131798,55.36,7,55
131907,55.38,7,55
132017,55.36,7,55
132126,55.36,7,55
132236,55.38,7,55
132345,55.38,7,55
132455,55.37,7,55
132564,55.38,7,55
132674,55.38,7,55
132784,55.38,7,55
132893,55.38,7,55
133003,55.38,7,55
133112,55.37,7,55
133222,57.01,7,55
133331,56.4,7,55
133442,56.16,7,55
133552,56.05,7,55
133661,56.08,7,55
133772,56.5,7,55
133881,56.14,7,55
133991,56.05,7,55
134100,56.08,7,55
134211,56.08,7,55
134321,56.06,7,55
134430,56.06,7,55
134540,56.07,7,55
134650,56.07,7,55
134760,56.06,7,55
134870,56.05,7,55
134979,56.06,7,55
135090,56.16,7,55
135199,56.47,7,55
135309,56.47,7,55
135419,56.51,7,55
135529,56.49,7,55
135639,56.45,7,55
135749,57.06,7,55
135859,57.26,7,55
135969,56.9,7,55
136080,56.92,7,55
136189,57.17,7,55
136300,57.33,7,55
136411,57.32,7,55
136520,56.92,7,55
136631,56.27,7,55
136740,56.9,7,55
136851,56.58,7,55
136961,56.83,7,55
137071,56.51,7,55
137181,56.51,7,55
137291,56.46,7,55
137401,56.46,7,55
137511,56.26,7,55
137621,56.32,7,55
137731,56.05,7,55
137841,56.09,7,55
137951,56.09,7,55
138060,56.32,7,55
138170,56.49,7,55
138280,56.49,7,55
138390,56.47,7,55
138501,56.46,7,55
138610,55.92,7,55
138720,55.65,7,55
138829,55.52,7,55
138939,55.51,7,55
139048,55.51,7,55
139158,55.51,7,55
139268,55.52,7,55
139377,55.52,7,55
139487,55.52,7,55
139596,55.51,7,55
139706,55.51,7,55
139815,55.52,7,55
139925,55.51,7,55
140035,55.43,7,55
140144,55.33,7,55
140254,55.43,7,55
140363,55.17,7,55
140473,55.09,7,55
140582,55.08,7,55
140692,55.15,7,55
140802,55.07,7,55
140911,55.09,7,55
141021,55.09,7,55
141129,55.08,7,55
141239,55.09,7,55
141348,55.08,7,55
141458,55.07,7,55
141568,55.09,7,55
141677,55.09,7,55
141786,55.09,7,55
141895,55.1,7,55
142005,55.1,7,55
142114,55.1,7,55
142224,55.09,7,55
142333,55.09,7,55
142443,55.09,7,55
142552,55.09,7,55
142661,55.08,7,55
142771,54.87,7,55
142880,54.58,7,55
142990,54.59,7,55
143098,54.59,7,55
143208,54.58,7,55
143316,54.58,7,55
143426,54.58,7,55
143536,54.58,7,55
143644,54.57,7,55
143754,54.57,7,55
143863,54.58,7,55
143972,54.55,7,55
144081,54.57,7,55
144190,54.78,7,55
144300,55.07,7,55
144409,55.09,7,55
144519,55.08,7,55
144628,55.08,7,55
144738,55.09,7,55
144846,55.09,7,55
144956,55.09,7,55
145065,55.09,7,55
145175,55.07,7,55
145285,55.09,7,55
145393,55.09,7,55
145503,55.09,7,55
145612,55.09,7,55
145722,55.09,7,55
145831,55.07,7,55
145941,54.88,7,55
146050,55.07,7,55
146159,54.66,7,55
146269,54.59,7,55
146377,54.59,7,55
146487,54.59,7,55
146596,54.57,7,55
146705,54.58,7,55
146814,54.59,7,55
146924,54.56,7,55
147033,54.58,7,55
147142,54.56,7,55
147252,54.58,7,55
147360,54.59,7,55
147470,54.57,7,55
147578,54.58,7,55
147688,54.58,7,55
147798,54.57,7,55
147906,54.59,7,55
148016,54.59,7,55
148125,54.58,7,55
148234,54.58,7,55
148343,54.58,7,55
148453,54.58,7,55
148561,54.58,7,55
148671,54.58,7,55
148781,54.58,7,55
148889,54.59,7,55
148999,54.57,7,55
149107,54.58,7,55
149217,54.59,7,55
149326,54.59,7,55
149435,54.59,7,55
149544,54.58,7,55
149654,54.58,7,55
149763,54.57,7,55
149872,54.57,7,55
149982,54.57,7,55
150090,54.56,7,55
150200,54.58,7,55
150309,54.57,7,55
150418,54.58,7,55
150528,54.58,7,55
150636,54.58,7,55
150746,54.59,7,55
150855,54.58,7,55
150964,54.59,7,55
151073,54.58,7,55
151183,54.59,7,55
151291,55.1,7,55
151401,54.87,7,55
151511,54.77,7,55
151620,55.1,7,55
151729,55.09,7,55
151838,55.09,7,55
151948,55.09,7,55
152057,55.06,7,55
152167,55.09,7,55
152276,55.09,7,55
152385,55.09,7,55
152495,55.09,7,55
152604,55.09,7,55
152714,55.09,7,55
152823,55.1,7,55
152933,55.09,7,55
153041,55.09,7,55
153151,55.09,7,55
153261,55.1,7,55
153370,55.07,7,55
153480,55.09,7,55
153589,55.09,7,55
153698,55.09,7,55
153807,55.09,7,55
153917,55.07,7,55
154027,55.09,7,55
154136,55.41,7,55
154246,55.51,7,55
154355,55.51,7,55
154465,55.52,7,55
154574,55.52,7,55
154684,55.51,7,55
154793,55.51,7,55
154903,55.51,7,55
155013,55.5,7,55
155122,55.51,7,55
155232,55.52,7,55
155341,55.51,7,55
155451,55.52,7,55
155560,55.94,7,55
155670,56.33,7,55
155780,56.35,7,55
155890,56.45,7,55
156000,56.46,7,55
156110,56.46,7,55
156220,56.45,7,55
156329,56.37,7,55
156440,56.29,7,55
156550,56.15,7,55
156659,56.06,7,55
156769,56.35,7,55
156879,56.42,7,55
156989,56.47,7,55
157100,56.51,7,55
157209,56.42,7,55
157319,56.35,7,55
157429,56.49,7,55
157539,56.47,7,55
157648,56.92,7,55
157759,56.72,7,55
157870,56.51,7,55
157979,56.23,7,55
158089,55.31,7,55
158198,53.36,7,55
158308,52.68,7,55
158415,52.69,7,55
158524,52.83,7,55
158632,52.68,7,55
158741,53.52,7,55
158850,54.58,7,55
158959,53.7,7,55
159068,52.17,7,55
159176,53.37,7,55
159285,52.83,7,55
159393,52.7,7,55
159502,51.83,7,55
159610,53.04,7,55
159719,53.21,7,55
159827,52.59,7,55
159936,51.84,7,55
160044,51.84,7,55
160152,52.77,7,55
160261,52.28,7,55
160368,53.03,7,55
160477,51.87,7,55
160585,51.73,7,55
160693,50.97,7,55
160801,51.83,7,55
160909,51.14,7,55
161016,50.99,7,55
161125,50.64,7,55
161232,50.65,7,55
161340,50.8,7,55
161447,51.14,7,55
161555,49.96,7,55
161662,50.6,7,55
161770,49.67,7,55
161878,52.01,7,55
161985,51.19,7,55
162094,51.34,7,55
162201,51.32,7,55
162309,51.31,7,55
162417,51.33,7,55
162525,51.48,7,55
162633,51.83,7,55
162741,51.31,7,55
162848,50.8,7,55
162956,50.64,7,55
163064,50.63,7,55
163172,50.81,7,55
163279,51.17,7,55
163387,50.8,7,55
163494,50.46,7,55
163602,51.67,7,55
163710,51.66,7,55
163818,51.48,7,55
163927,50.97,7,55
164034,51.17,7,55
164142,51.49,7,55
164249,50.99,7,55
164358,50.8,7,55
164465,52.14,7,55
164573,51.51,7,55
164681,52.07,7,55
164789,51.86,7,55
164897,52.07,7,55
165006,52.04,7,55
165113,51.9,7,55
165222,51.72,7,55
165329,52.17,7,55
165438,51.9,7,55
165545,51.92,7,55
165654,51.83,7,55
165763,52.31,7,55
165870,52.88,7,55
165979,52.55,7,55
166087,51.62,7,55
166196,51.66,7,55
166303,51.33,7,55
166412,51.8,7,55
166519,52.04,7,55
166628,51.32,7,55
166735,52.49,7,55
166844,52.38,7,55
166952,52.77,7,55
167061,52.45,7,55
167170,52.83,7,55
167278,52.87,7,55
167387,53.44,7,55
167495,51.66,7,55
167603,53.18,7,55
167711,52.56,7,55
167820,51.9,7,55
167928,51.48,7,55
168036,52.25,7,55
168144,52.83,7,55
168253,50.47,7,55
168360,51.59,7,55
168468,52.24,7,55
168577,51.42,7,55
168685,52.38,7,55
168793,50.95,7,55
168901,51.06,7,55
169009,51.51,7,55
169116,51.63,7,55
169225,52.34,7,55
169333,51.85,7,55
169441,51.14,7,55
169548,50.31,7,55
169656,50.82,7,55
169764,51.98,7,55
169872,52.25,7,55
169980,52.07,7,55
170089,51.43,7,55
170196,51.76,7,55
170305,52.28,7,55
170413,52.37,7,55
170521,52.01,7,55
170630,52.52,7,55
170738,52.19,7,55
170846,52.51,7,55
170954,52.62,7,55
171063,52.14,7,55
171171,52.17,7,55
171279,52.28,7,55
171387,52.48,7,55
171496,52.9,7,55
171604,52.62,7,55
171713,52.11,7,55
171821,52.14,7,55
171929,51.94,7,55
172038,52.04,7,55
172145,51.5,7,55
172254,51.76,7,55
172361,51.77,7,55
172470,51.35,7,55
172577,51.49,7,55
172686,51.32,7,55
172793,51.32,7,55
172901,51.32,7,55
173009,51.34,7,55
173117,52.11,7,55
173225,51.66,7,55
173333,51.94,7,55
173442,51.42,7,55
173549,51.44,7,55
173658,51.32,7,55
173765,51.83,7,55
173873,52.04,7,55
173981,52.18,7,55
174090,51.49,7,55
174197,52.0,7,55
174306,51.32,7,55
174413,52.53,7,55
174522,52.36,7,55
174630,52.87,7,55
174739,53.03,7,55
174848,51.94,7,55
174955,51.59,7,55
175064,51.24,7,55
175171,51.66,7,55
175280,52.68,7,55
175388,51.67,7,55
175496,51.14,7,55
175603,51.01,7,55
175712,51.0,7,55
175819,51.32,7,55
175927,51.49,7,55
176035,51.33,7,55
176143,51.31,7,55
176251,52.1,7,55
176359,52.86,7,55
176467,52.87,7,55
176576,51.35,7,55
176684,51.14,7,55
176792,53.21,7,55
176901,51.11,7,55
177008,52.12,7,55
177117,53.21,7,55
177225,51.9,7,55
177334,52.69,7,55
177442,52.82,7,55
177550,52.72,7,55
177658,52.11,7,55
177767,51.31,7,55
177874,52.17,7,55
177983,51.14,7,55
178091,52.03,7,55
178199,52.7,7,55
178308,53.21,7,55
178416,51.17,7,55
178524,52.21,7,55
178632,52.35,7,55
178740,52.35,7,55
178848,51.83,7,55
178957,51.69,7,55
179064,52.17,7,55
179173,51.96,7,55
179281,51.68,7,55
179389,51.48,7,55
179497,51.64,7,55
179605,52.27,7,55
179714,51.93,7,55
179821,52.02,7,55
179930,52.34,7,55
180038,51.58,7,55
180146,51.83,7,55
180254,51.85,7,55
180362,51.83,7,55
180470,52.11,7,55
180578,51.68,7,55
180686,52.34,7,55
180795,52.35,7,55
180902,52.01,7,55
181011,52.18,7,55
181120,51.49,7,55
181227,52.18,7,55
181336,52.18,7,55
181444,52.51,7,55
181552,52.33,7,55
181660,52.0,7,55
181769,52.01,7,55
181876,51.6,7,55
181985,51.84,7,55
182092,51.49,7,55
182201,51.32,7,55
182308,51.44,7,55
182417,52.52,7,55
182525,52.18,7,55
182633,52.02,7,55
182742,52.35,7,55
182850,52.69,7,55
182959,53.26,7,55
183067,52.82,7,55
183176,53.04,7,55
183284,52.7,7,55
183393,52.11,7,55
183500,52.52,7,55
183609,52.68,7,55
183717,51.49,7,55
183826,51.68,7,55
183933,52.04,7,55
184042,52.62,7,55
184151,51.87,7,55
184258,51.49,7,55
184367,52.1,7,55
184474,52.15,7,55
184583,50.76,7,55
184690,50.74,7,55
184798,50.94,7,55
184905,51.34,7,55
185014,50.69,7,55
185121,52.39,7,55
185230,51.42,7,55
185337,52.3,7,55
185446,52.34,7,55
185554,52.2,7,55
185662,52.0,7,55
185771,52.83,7,55
185879,51.14,7,55
185987,51.35,7,55
186095,50.96,7,55
186203,51.77,7,55
186310,51.85,7,55
186419,52.05,7,55
186527,52.72,7,55
186636,51.99,7,55
186743,52.02,7,55
186852,51.8,7,55
186959,50.97,7,55
187067,51.74,7,55
187175,51.14,7,55
187283,50.97,7,55
187392,51.85,7,55
187499,52.04,7,55
187608,51.48,7,55
187715,51.31,7,55
187824,50.96,7,55
187931,51.48,7,55
188039,51.83,7,55
188147,51.68,7,55
188255,51.56,7,55
188363,51.34,7,55
188471,51.32,7,55
188578,51.79,7,55
188687,51.56,7,55
188794,51.66,7,55
188903,51.73,7,55
189010,51.62,7,55
189119,52.01,7,55
189227,51.66,7,55
189335,51.17,7,55
189443,52.52,7,55
189551,51.77,7,55
189659,51.84,7,55
189767,50.51,7,55
189875,51.15,7,55
189983,51.28,7,55
190091,50.83,7,55
190198,52.79,7,55
190307,51.08,7,55
190414,50.46,7,55
190522,53.24,7,55
190630,52.86,7,55
190739,52.84,7,55
190848,52.52,7,55
190956,51.49,7,55
191064,51.52,7,55
191172,51.49,7,55
191280,52.21,7,55
191388,52.18,7,55
191497,51.84,7,55
191604,51.49,7,55
191713,51.65,7,55
191820,51.83,7,55
191929,51.31,7,55
192036,51.48,7,55
192145,51.83,7,55
192252,52.17,7,55
192361,52.01,7,55
192470,51.86,7,55
192577,52.01,7,55
192686,52.1,7,55
192793,53.03,7,55
192902,52.87,7,55
193010,52.18,7,55
193119,52.11,7,55
193227,52.28,7,55
193335,52.01,7,55
193443,52.17,7,55
193552,52.17,7,55
193659,52.17,7,55
193768,52.11,7,55
193876,51.83,7,55
193984,51.76,7,55
194093,51.86,7,55
194200,51.72,7,55
194309,51.9,7,55
194416,51.69,7,55
194525,51.49,7,55
194632,51.68,7,55
194741,51.31,7,55
194848,52.2,7,55
194957,52.17,7,55
195065,52.17,7,55
195173,51.49,7,55
195281,51.32,7,55
195389,51.66,7,55
195496,50.43,7,55
195604,51.0,7,55
195713,51.07,7,55
195820,50.58,7,55
195928,50.82,7,55
196035,50.98,7,55
196144,51.0,7,55
196251,50.49,7,55
196359,50.63,7,55
196466,50.14,7,55
196574,50.46,7,55
196681,51.48,7,55
196790,51.66,7,55
196897,51.14,7,55
197005,51.68,7,55
197113,51.49,7,55
197221,52.17,7,55
197329,52.01,7,55
197437,51.83,7,55
197545,51.76,7,55
197654,51.31,7,55
197762,51.83,7,55
197869,51.66,7,55
197978,52.0,7,55
198086,51.51,7,55
198194,51.32,7,55
198301,51.78,7,55
198410,52.17,7,55
198518,51.34,7,55
198626,51.66,7,55
198734,51.83,7,55
198842,52.17,7,55
198950,52.0,7,55
199058,52.0,7,55
199166,51.49,7,55
199274,51.34,7,55
199383,52.73,7,55
199491,52.01,7,55
199599,51.14,7,55
199707,51.31,7,55
199815,52.17,7,55
199923,51.84,7,55
200031,51.49,7,55
200139,51.83,7,55
200247,51.83,7,55
200355,52.0,7,55
200463,51.65,7,55
200571,51.93,7,55
200679,52.11,7,55
200787,51.32,7,55
200895,51.68,7,55
201004,51.5,7,55
201111,50.49,7,55
201219,51.79,7,55
201327,50.85,7,55
201435,50.87,7,55
201542,51.69,7,55
201651,50.45,7,55
201758,52.34,7,55
201867,51.83,7,55
201974,51.14,7,55
202083,51.52,7,55
202190,51.33,7,55
202298,51.32,7,55
202406,51.52,7,55
202514,52.1,7,55
202622,52.0,7,55
202730,51.68,7,55
202839,52.18,7,55
202947,51.5,7,55
203055,52.18,7,55
203163,52.18,7,55
203271,52.18,7,55
203379,51.66,7,55
203488,52.18,7,55
203595,52.31,7,55
203704,52.35,7,55
203812,52.7,7,55
203921,52.19,7,55
204029,52.03,7,55
204137,51.32,7,55
204246,51.33,7,55
204353,51.14,7,55
204461,50.63,7,55
204568,50.97,7,55
204676,49.64,7,55
204783,49.96,7,55
204891,51.49,7,55
204998,51.15,7,55
205107,51.31,7,55
205214,50.65,7,55
205322,50.48,7,55
205429,50.48,7,55
205537,50.83,7,55
205644,50.63,7,55
205752,50.97,7,55
205859,50.14,7,55
205967,51.51,7,55
206075,50.99,7,55
206183,51.49,7,55
206290,51.16,7,55
206399,51.16,7,55
206507,50.31,7,55
206614,50.97,7,55
206722,51.49,7,55
206830,51.68,7,55
206938,51.32,7,55
207045,50.64,7,55
207153,51.82,7,55
207261,52.17,7,55
207370,51.34,7,55
207477,51.32,7,55
207585,52.01,7,55
207693,51.14,7,55
207801,51.31,7,55
207909,50.99,7,55
208017,50.81,7,55
208124,51.31,7,55
208232,51.32,7,55
208340,51.5,7,55
208448,51.32,7,55
208556,51.49,7,55
208664,51.49,7,55
208772,51.32,7,55
208880,51.35,7,55
208988,51.31,7,55
209095,51.66,7,55
209204,51.49,7,55
209311,51.49,7,55
209420,51.34,7,55
209527,52.0,7,55
209636,51.51,7,55
209743,51.33,7,55
209851,51.32,7,55
209959,51.14,7,55
210067,51.14,7,55
210174,51.66,7,55
210283,51.32,7,55
210391,51.14,7,55
210498,51.15,7,55
210607,50.83,7,55
210714,51.15,7,55
210822,51.32,7,55
210929,51.31,7,55
211038,51.5,7,55
211145,50.48,7,55
211253,50.48,7,55
211360,50.48,7,55
211468,49.96,7,55
211575,50.48,7,55
211683,50.14,7,55
211790,50.13,7,55
211898,51.32,7,55
212005,51.66,7,55
212114,51.14,7,55
212221,50.46,7,55
212329,50.46,7,55
212436,50.46,7,55
212544,50.82,7,55
212652,50.48,7,55
212759,50.45,7,55
212867,50.48,7,55
212974,50.48,7,55
213082,51.14,7,55
213189,51.32,7,55
213298,51.49,7,55
213405,50.98,7,55
213513,50.8,7,55
213620,51.68,7,55
213729,51.49,7,55
213836,52.17,7,55
213945,51.17,7,55
214052,50.63,7,55
214160,50.63,7,55
214267,51.14,7,55
214375,51.31,7,55
214483,51.13,7,55
214591,50.64,7,55
214699,50.96,7,55
214806,51.31,7,55
214915,51.48,7,55
215022,51.32,7,55
215131,51.31,7,55
215238,51.48,7,55
215346,50.97,7,55
215454,51.67,7,55
215562,51.48,7,55
215669,51.32,7,55
215778,51.31,7,55
215885,52.0,7,55
0,66.93,7,60
100,56.94,7,60
210,56.67,7,60
320,55.37,7,60
430,57.89,7,60
540,55.26,7,60
649,54.61,7,60
758,54.8,7,60
868,55.87,7,60
977,56.91,7,60
1087,58.44,7,60
1198,61.37,7,60
1309,60.92,7,60
1422,59.98,7,60
1532,59.99,7,60
1644,56.94,7,60
1755,60.44,7,60
1865,60.36,7,60
1977,60.78,7,60
2088,60.36,7,60
2200,61.29,7,60
2312,62.02,7,60
2424,60.87,7,60
2536,62.07,7,60
2649,58.41,7,60
2759,59.96,7,60
2870,63.02,7,60
2982,62.94,7,60
3095,62.52,7,60
3208,62.62,7,60
3319,62.0,7,60
3432,63.13,7,60
3545,63.41,7,60
3657,62.65,7,60
3770,61.58,7,60
3881,65.69,7,60
3995,65.13,7,60
4108,65.92,7,60
4221,67.08,7,60
4336,59.46,7,60
4447,67.36,7,60
4561,66.09,7,60
4675,68.52,7,60
4790,65.57,7,60
4902,66.09,7,60
5016,62.66,7,60
5129,62.62,7,60
5241,61.94,7,60
5353,65.24,7,60
5467,66.78,7,60
5580,68.31,7,60
5695,65.95,7,60
5809,57.81,7,60
5919,64.61,7,60
6033,62.05,7,60
6146,62.14,7,60
6257,62.43,7,60
6370,61.68,7,60
6481,61.5,7,60
6594,62.37,7,60
6706,61.77,7,60
6818,61.53,7,60
6930,61.6,7,60
7042,61.45,7,60
7154,62.3,7,60
7266,62.62,7,60
7378,62.43,7,60
7491,66.7,7,60
7605,63.3,7,60
7717,61.92,7,60
7830,63.08,7,60
7943,62.82,7,60
8055,61.79,7,60
8167,62.1,7,60
8280,65.92,7,60
8393,67.08,7,60
8507,65.04,7,60
8621,61.86,7,60
8732,61.53,7,60
8845,63.28,7,60
8957,63.64,7,60
9070,63.6,7,60
9183,63.96,7,60
9295,62.48,7,60
9408,61.87,7,60
9521,63.16,7,60
9632,64.79,7,60
9746,64.48,7,60
9859,65.83,7,60
9973,67.43,7,60
10087,66.47,7,60
10201,63.64,7,60
10314,63.48,7,60
10427,67.62,7,60
10542,67.9,7,60
10656,66.94,7,60
10770,65.77,7,60
10884,66.94,7,60
10998,67.65,7,60
11113,67.37,7,60
11227,64.7,7,60
11340,64.3,7,60
11453,64.3,7,60
11567,67.08,7,60
11680,65.02,7,60
11794,64.98,7,60
11908,67.64,7,60
12022,67.14,7,60
12136,63.72,7,60
12249,64.58,7,60
12362,62.33,7,60
12474,64.59,7,60
12588,66.44,7,60
12701,66.28,7,60
12816,55.98,7,60
12925,63.13,7,60
13038,63.63,7,60
13151,63.27,7,60
13263,64.44,7,60
13377,64.14,7,60
13490,64.12,7,60
13602,64.29,7,60
13716,68.89,7,60
13831,68.52,7,60
13945,68.67,7,60
14061,68.31,7,60
14176,68.15,7,60
14290,67.65,7,60
14405,66.71,7,60
14519,66.44,7,60
14633,66.37,7,60
14747,66.27,7,60
14861,66.61,7,60
14976,66.39,7,60
15089,66.61,7,60
15203,63.62,7,60
15316,63.62,7,60
15429,64.39,7,60
15543,63.96,7,60
15655,63.67,7,60
15768,64.46,7,60
15882,65.65,7,60
15995,65.21,7,60
16109,65.32,7,60
16223,65.78,7,60
16336,65.45,7,60
16450,65.3,7,60
16564,64.79,7,60
16676,64.19,7,60
16790,63.87,7,60
16903,63.6,7,60
17015,63.51,7,60
17128,63.62,7,60
17242,63.43,7,60
17354,63.7,7,60
17467,64.28,7,60
17581,64.8,7,60
17693,64.88,7,60
17807,64.64,7,60
17921,64.72,7,60
18033,64.23,7,60
18147,64.45,7,60
18259,66.37,7,60
18374,66.69,7,60
18488,68.69,7,60
18603,68.63,7,60
18717,65.15,7,60
18831,64.53,7,60
18945,65.49,7,60
19058,65.38,7,60
19172,66.12,7,60
19286,67.15,7,60
19400,67.69,7,60
19514,67.4,7,60
19629,66.91,7,60
19743,66.82,7,60
19857,66.31,7,60
19972,65.72,7,60
20085,63.85,7,60
20198,63.87,7,60
20311,63.68,7,60
20424,63.89,7,60
20537,63.5,7,60
20649,63.61,7,60
20763,63.44,7,60
20876,63.02,7,60
20988,63.19,7,60
21101,63.12,7,60
21214,63.1,7,60
21326,64.39,7,60
21439,65.4,7,60
21553,62.68,7,60
21665,63.59,7,60
21778,63.55,7,60
21892,63.96,7,60
22004,65.57,7,60
22118,66.74,7,60
22232,64.81,7,60
22344,60.61,7,60
22456,64.72,7,60
22569,66.07,7,60
22683,65.81,7,60
22797,66.75,7,60
22910,66.15,7,60
23024,64.04,7,60
23137,63.77,7,60
23249,60.3,7,60
23361,55.31,7,60
23471,59.98,7,60
23582,60.32,7,60
23694,63.67,7,60
23806,63.6,7,60
23920,65.31,7,60
24034,64.38,7,60
24146,65.3,7,60
24260,63.88,7,60
24374,63.29,7,60
24486,64.36,7,60
24599,65.13,7,60
24713,68.39,7,60
24827,68.33,7,60
24942,67.34,7,60
25057,68.12,7,60
25171,61.79,7,60
25283,68.23,7,60
25398,62.77,7,60
25510,60.43,7,60
25622,62.19,7,60
25735,72.79,7,60
25851,66.61,7,60
25965,61.29,7,60
26078,63.43,7,60
26190,72.77,7,60
26307,71.51,7,60
26423,63.7,7,60
26535,61.43,7,60
26647,60.18,7,60
26759,55.66,7,60
26868,55.46,7,60
26978,55.48,7,60
27087,55.34,7,60
27197,55.3,7,60
27307,56.42,7,60
27417,58.54,7,60
27528,62.25,7,60
27640,62.12,7,60
27753,60.94,7,60
27865,63.55,7,60
27978,60.94,7,60
28090,61.03,7,60
28201,62.85,7,60
28314,65.07,7,60
28428,61.35,7,60
28539,61.26,7,60
28651,59.64,7,60
28763,61.31,7,60
28874,61.27,7,60
28986,61.07,7,60
29097,61.03,7,60
29210,61.11,7,60
29322,60.66,7,60
29433,61.1,7,60
29545,61.02,7,60
29657,61.06,7,60
29769,60.8,7,60
29881,60.63,7,60
29992,60.27,7,60
30104,60.46,7,60
30216,61.11,7,60
30327,61.06,7,60
30439,59.96,7,60
30551,61.23,7,60
30662,60.49,7,60
30774,59.89,7,60
30885,60.01,7,60
30997,58.85,7,60
31108,58.41,7,60
31218,58.39,7,60
31330,58.73,7,60
31440,59.56,7,60
31552,57.87,7,60
31662,58.33,7,60
31773,58.73,7,60
31884,58.71,7,60
31994,56.82,7,60
32105,56.28,7,60
32215,59.44,7,60
32326,60.28,7,60
32437,58.9,7,60
32548,56.36,7,60
32658,56.6,7,60
32769,57.4,7,60
32878,57.07,7,60
32989,57.37,7,60
33099,58.5,7,60
33210,59.82,7,60
33321,58.58,7,60
33432,58.04,7,60
33543,58.36,7,60
33653,57.92,7,60
33764,57.61,7,60
33874,59.0,7,60
33985,58.18,7,60
34096,60.37,7,60
34207,57.32,7,60
34318,57.09,7,60
34427,57.36,7,60
34538,57.43,7,60
34649,57.57,7,60
34760,59.66,7,60
34871,60.2,7,60
34982,60.29,7,60
35094,60.41,7,60
35206,60.34,7,60
35317,59.63,7,60
35428,58.52,7,60
35539,58.95,7,60
35650,57.93,7,60
35761,59.69,7,60
35872,59.35,7,60
35983,59.29,7,60
36094,59.46,7,60
36205,59.32,7,60
36317,59.39,7,60
36427,59.39,7,60
36539,58.91,7,60
36649,58.69,7,60
36761,59.0,7,60
36872,58.98,7,60
36982,59.01,7,60
37094,59.17,7,60
37204,59.12,7,60
37316,58.97,7,60
37427,59.14,7,60
37537,59.06,7,60
37649,58.92,7,60
37760,59.15,7,60
37870,59.06,7,60
37982,59.11,7,60
38092,59.15,7,60
38204,59.17,7,60
38315,59.04,7,60
38426,59.43,7,60
38537,59.69,7,60
38648,59.68,7,60
38759,59.74,7,60
38871,59.76,7,60
38982,59.75,7,60
39093,59.57,7,60
39204,59.41,7,60
39316,59.64,7,60
39427,59.69,7,60
39538,59.6,7,60
39649,59.55,7,60
39760,59.62,7,60
39872,59.38,7,60
39983,59.38,7,60
40094,59.45,7,60
40205,59.49,7,60
40316,59.37,7,60
40427,59.41,7,60
40539,59.63,7,60
40650,59.3,7,60
40761,59.62,7,60
40872,59.56,7,60
40983,59.56,7,60
41095,59.32,7,60
41205,59.41,7,60
41317,58.63,7,60
41427,59.38,7,60
41539,59.36,7,60
41650,59.59,7,60
41761,59.55,7,60
41872,59.81,7,60
41984,59.86,7,60
42095,60.2,7,60
42207,59.64,7,60
42317,59.18,7,60
42429,59.64,7,60
42540,59.3,7,60
42651,59.64,7,60
42762,59.42,7,60
42873,59.55,7,60
42985,59.84,7,60
43096,59.89,7,60
43207,59.78,7,60
43319,59.87,7,60
43429,59.74,7,60
43541,59.73,7,60
43653,59.73,7,60
43763,59.64,7,60
43875,59.89,7,60
43986,59.47,7,60
44097,59.53,7,60
44209,59.63,7,60
44320,59.73,7,60
44431,59.64,7,60
44542,59.48,7,60
44653,59.48,7,60
44765,59.73,7,60
44876,59.64,7,60
44987,59.64,7,60
45099,59.61,7,60
45210,59.63,7,60
45321,59.38,7,60
45432,59.72,7,60
45544,59.55,7,60
45655,59.63,7,60
45766,59.62,7,60
45877,59.56,7,60
45988,59.48,7,60
46100,59.72,7,60
46211,59.54,7,60
46322,59.81,7,60
46433,59.86,7,60
46544,59.44,7,60
46656,59.46,7,60
46767,59.72,7,60
46878,59.83,7,60
46990,59.56,7,60
47100,59.74,7,60
47212,59.87,7,60
47324,59.73,7,60
47435,59.95,7,60
47546,59.94,7,60
47657,60.24,7,60
47769,59.71,7,60
47881,59.78,7,60
47991,59.72,7,60
48103,59.31,7,60
48215,59.67,7,60
48325,59.78,7,60
48437,59.74,7,60
48548,59.82,7,60
48659,59.71,7,60
48771,59.99,7,60
48882,59.8,7,60
48993,59.72,7,60
49104,59.88,7,60
49216,59.97,7,60
49328,60.28,7,60
49439,59.66,7,60
49550,60.21,7,60
49661,59.68,7,60
49773,59.72,7,60
49884,59.82,7,60
49995,59.72,7,60
50107,59.62,7,60
50217,59.73,7,60
50329,59.72,7,60
50441,59.72,7,60
50551,59.75,7,60
50663,59.71,7,60
50775,59.55,7,60
50885,59.21,7,60
50997,59.95,7,60
51107,60.06,7,60
51219,59.97,7,60
51331,59.74,7,60
51442,59.89,7,60
51553,59.57,7,60
51664,59.72,7,60
51776,59.28,7,60
51887,59.18,7,60
51998,59.24,7,60
52109,59.71,7,60
52220,59.21,7,60
52331,59.42,7,60
52443,59.12,7,60
52553,59.3,7,60
52665,59.63,7,60
52775,59.4,7,60
52887,59.29,7,60
52998,59.3,7,60
53109,59.28,7,60
53220,59.31,7,60
53331,59.3,7,60
53442,59.31,7,60
53554,59.29,7,60
53664,59.32,7,60
53776,59.38,7,60
53886,59.32,7,60
53998,59.3,7,60
54109,59.31,7,60
54220,59.29,7,60
54331,59.32,7,60
54443,59.29,7,60
54553,59.31,7,60
54665,59.3,7,60
54775,59.29,7,60
54887,59.28,7,60
54998,59.3,7,60
55109,59.29,7,60
55220,59.3,7,60
55331,59.3,7,60
55442,59.29,7,60
55554,59.29,7,60
55664,59.29,7,60
55776,59.29,7,60
55886,59.29,7,60
55998,59.29,7,60
56109,59.29,7,60
56220,59.28,7,60
56331,59.29,7,60
56442,59.29,7,60
56553,59.29,7,60
56665,59.28,7,60
56775,59.32,7,60
56887,59.29,7,60
56997,59.55,7,60
57109,59.69,7,60
57221,59.69,7,60
57331,59.72,7,60
57443,59.63,7,60
57554,59.32,7,60
57665,59.63,7,60
57777,59.72,7,60
57887,59.63,7,60
57999,59.37,7,60
58110,57.93,7,60
58221,57.1,7,60
58331,55.85,7,60
58441,55.31,7,60
58550,54.88,7,60
58659,54.38,7,60
58769,54.62,7,60
58877,54.47,7,60
58987,54.51,7,60
59096,54.36,7,60
59205,53.85,7,60
59314,54.7,7,60
59423,54.74,7,60
59533,55.28,7,60
59641,57.5,7,60
59752,59.06,7,60
59864,59.15,7,60
59974,59.15,7,60
60085,59.17,7,60
60196,59.14,7,60
60307,59.16,7,60
60419,59.16,7,60
60529,59.12,7,60
60641,59.16,7,60
60751,58.9,7,60
60862,58.83,7,60
60974,58.75,7,60
61084,58.73,7,60
61195,58.71,7,60
61306,58.75,7,60
61417,58.75,7,60
61528,58.83,7,60
61638,58.9,7,60
61750,59.09,7,60
61860,58.47,7,60
61971,59.38,7,60
62083,58.75,7,60
62193,58.39,7,60
62304,58.64,7,60
62414,58.77,7,60
62526,59.16,7,60
62637,59.14,7,60
62748,59.08,7,60
62859,59.07,7,60
62969,58.32,7,60
63081,58.23,7,60
63192,59.07,7,60
63302,58.95,7,60
63413,59.01,7,60
63524,59.21,7,60
63635,59.27,7,60
63747,59.06,7,60
63857,59.04,7,60
63968,59.14,7,60
64079,59.01,7,60
64190,58.99,7,60
64302,59.02,7,60
64412,59.01,7,60
64523,59.03,7,60
64634,59.03,7,60
64745,59.01,7,60
64856,59.03,7,60
64967,59.07,7,60
65078,59.06,7,60
65189,59.05,7,60
65300,59.07,7,60
65412,59.15,7,60
65522,59.12,7,60
65633,59.08,7,60
65744,59.14,7,60
65855,59.12,7,60
65967,59.03,7,60
66077,59.16,7,60
66189,59.08,7,60
66299,58.99,7,60
66410,59.02,7,60
66522,59.03,7,60
66632,59.02,7,60
66743,59.04,7,60
66854,59.01,7,60
66965,59.01,7,60
67077,59.03,7,60
67187,59.01,7,60
67298,58.84,7,60
67409,58.59,7,60
67520,58.6,7,60
67631,58.6,7,60
67741,58.59,7,60
67852,58.6,7,60
67963,58.94,7,60
68074,58.98,7,60
68185,59.01,7,60
68296,59.16,7,60
68407,59.01,7,60
68518,59.17,7,60
68629,59.11,7,60
68740,59.08,7,60
68851,59.12,7,60
68962,58.7,7,60
69072,58.8,7,60
69184,58.66,7,60
69295,58.39,7,60
69405,58.45,7,60
69516,58.2,7,60
69626,58.5,7,60
69738,59.2,7,60
69849,59.66,7,60
69960,59.15,7,60
70071,58.22,7,60
70181,58.83,7,60
70292,58.68,7,60
70404,58.61,7,60
70514,58.6,7,60
70625,58.66,7,60
70735,58.6,7,60
70847,58.76,7,60
70958,58.83,7,60
71068,58.59,7,60
71179,58.6,7,60
71290,58.6,7,60
71401,58.6,7,60
71512,58.89,7,60
71622,58.87,7,60
71734,58.89,7,60
71844,58.46,7,60
71955,58.44,7,60
72066,58.46,7,60
72176,58.48,7,60
72288,58.46,7,60
72398,58.46,7,60
72509,58.46,7,60
72620,58.42,7,60
72730,58.45,7,60
72841,58.45,7,60
72951,58.46,7,60
73063,58.55,7,60
73174,58.87,7,60
73284,58.87,7,60
73395,58.86,7,60
73506,58.66,7,60
73617,58.65,7,60
73728,58.92,7,60
73839,58.8,7,60
73950,58.76,7,60
74060,58.77,7,60
74171,58.65,7,60
74283,58.77,7,60
74393,58.69,7,60
74504,58.44,7,60
74614,58.74,7,60
74726,58.66,7,60
74836,58.54,7,60
74947,58.92,7,60
75059,58.77,7,60
75169,58.74,7,60
75280,58.52,7,60
75390,58.87,7,60
75502,58.72,7,60
75613,58.74,7,60
75723,58.71,7,60
75834,59.44,7,60
75945,59.43,7,60
76056,59.35,7,60
76168,59.01,7,60
76278,58.77,7,60
76390,59.28,7,60
76500,59.31,7,60
76612,59.14,7,60
76723,58.53,7,60
76833,58.38,7,60
76944,58.34,7,60
77056,58.12,7,60
77166,58.03,7,60
77277,58.12,7,60
77387,58.45,7,60
77498,58.46,7,60
77608,58.46,7,60
77719,58.53,7,60
77830,58.85,7,60
77941,58.89,7,60
78052,57.84,7,60
78162,57.33,7,60
78273,57.5,7,60
78383,57.93,7,60
78493,58.58,7,60
78604,59.57,7,60
78715,59.58,7,60
78827,59.17,7,60
78938,59.15,7,60
79048,58.43,7,60
79160,58.12,7,60
79270,57.97,7,60
79381,58.54,7,60
79492,58.15,7,60
79602,57.96,7,60
79713,58.27,7,60
79823,58.0,7,60
79934,58.61,7,60
80045,59.46,7,60
80156,58.2,7,60
80267,57.47,7,60
80377,57.36,7,60
80487,57.43,7,60
80598,56.59,7,60
80708,57.53,7,60
80818,58.89,7,60
80929,59.08,7,60
81040,59.03,7,60
81150,58.97,7,60
81262,60.05,7,60
81374,60.56,7,60
81485,60.15,7,60
81596,60.15,7,60
81708,60.12,7,60
81819,59.7,7,60
81931,59.1,7,60
82041,59.47,7,60
82153,60.05,7,60
82265,59.71,7,60
82375,59.38,7,60
82487,59.2,7,60
82597,58.95,7,60
82709,59.14,7,60
82820,58.89,7,60
82930,58.88,7,60
83042,58.91,7,60
83152,58.86,7,60
83263,59.05,7,60
83375,59.13,7,60
83485,59.28,7,60
83597,59.24,7,60
83707,59.51,7,60
83819,59.17,7,60
83930,58.83,7,60
84040,58.83,7,60
84152,59.14,7,60
84262,59.05,7,60
84374,58.98,7,60
84485,58.88,7,60
84595,59.16,7,60
84707,59.13,7,60
84817,58.67,7,60
84928,58.61,7,60
85040,58.35,7,60
85150,58.17,7,60
85261,58.44,7,60
85371,58.85,7,60
85482,58.78,7,60
85594,58.8,7,60
85704,58.46,7,60
85815,58.47,7,60
85925,58.45,7,60
86036,58.45,7,60
86147,58.71,7,60
86258,58.44,7,60
86369,58.46,7,60
86479,58.46,7,60
86590,58.45,7,60
86701,58.44,7,60
86811,58.46,7,60
86922,58.46,7,60
87033,58.45,7,60
87144,58.46,7,60
87255,58.46,7,60
87365,58.44,7,60
87476,58.44,7,60
87586,58.46,7,60
87698,58.46,7,60
87809,58.46,7,60
87919,58.46,7,60
88030,58.44,7,60
88140,58.61,7,60
88251,58.78,7,60
88363,58.75,7,60
88473,58.77,7,60
88584,58.58,7,60
88694,58.61,7,60
88806,58.6,7,60
88916,58.68,7,60
89027,59.02,7,60
89138,59.19,7,60
89249,59.15,7,60
89360,59.08,7,60
89472,59.14,7,60
89582,59.13,7,60
89694,58.99,7,60
89804,59.12,7,60
89915,59.16,7,60
90027,59.15,7,60
90137,58.99,7,60
90249,58.91,7,60
90359,58.71,7,60
90470,58.73,7,60
90580,58.18,7,60
90692,57.59,7,60
90802,58.2,7,60
90912,58.29,7,60
91024,58.09,7,60
91133,58.89,7,60
91243,58.74,7,60
91354,58.94,7,60
91464,59.01,7,60
91576,58.99,7,60
91686,58.72,7,60
91797,58.98,7,60
91909,59.06,7,60
92019,59.01,7,60
92130,59.23,7,60
92241,59.19,7,60
92352,59.07,7,60
92464,58.39,7,60
92574,58.9,7,60
92685,58.67,7,60
92795,58.43,7,60
92906,58.48,7,60
93018,58.64,7,60
93128,58.14,7,60
93239,56.68,7,60
93348,56.1,7,60
93459,56.08,7,60
93569,55.91,7,60
93678,55.68,7,60
93788,55.66,7,60
93897,55.49,7,60
94007,55.89,7,60
94116,55.74,7,60
94226,55.8,7,60
94336,55.74,7,60
94445,55.73,7,60
94556,55.5,7,60
94664,55.82,7,60
94775,55.74,7,60
94884,55.68,7,60
94994,55.73,7,60
95104,55.82,7,60
95213,55.8,7,60
95323,55.93,7,60
95432,55.92,7,60
95542,55.8,7,60
95651,55.91,7,60
95761,55.91,7,60
95870,55.83,7,60
95980,55.94,7,60
96091,55.91,7,60
96200,55.93,7,60
96310,55.93,7,60
96419,55.91,7,60
96529,55.81,7,60
96638,55.57,7,60
96748,55.5,7,60
96858,55.82,7,60
96967,55.74,7,60
97077,55.74,7,60
97186,55.91,7,60
97297,55.59,7,60
97406,55.91,7,60
97516,55.82,7,60
97626,55.74,7,60
97735,55.93,7,60
97845,55.91,7,60
97954,56.07,7,60
98064,55.97,7,60
98173,55.99,7,60
98283,56.07,7,60
98394,55.74,7,60
98503,55.76,7,60
98613,55.66,7,60
98722,55.82,7,60
98832,55.51,7,60
98941,55.82,7,60
99051,55.83,7,60
99161,55.99,7,60
99270,55.82,7,60
99381,55.51,7,60
99489,55.74,7,60
99600,55.74,7,60
99709,55.83,7,60
99819,55.93,7,60
99929,55.82,7,60
100038,55.91,7,60
100148,55.93,7,60
100257,55.91,7,60
100367,55.8,7,60
100477,55.68,7,60
100587,56.09,7,60
100697,55.91,7,60
100806,55.81,7,60
100916,55.74,7,60
101025,55.73,7,60
101135,55.91,7,60
101245,55.91,7,60
101355,55.93,7,60
101465,55.93,7,60
101574,55.75,7,60
101684,55.85,7,60
101793,55.97,7,60
101904,55.91,7,60
102013,55.85,7,60
102123,56.02,7,60
102233,56.0,7,60
102342,55.93,7,60
102453,55.83,7,60
102562,55.57,7,60
102672,55.51,7,60
102781,55.6,7,60
102891,56.06,7,60
103001,56.02,7,60
103110,56.02,7,60
103221,55.99,7,60
103330,56.08,7,60
103440,56.0,7,60
103549,56.25,7,60
103660,56.21,7,60
103770,56.34,7,60
103879,56.25,7,60
103990,55.94,7,60
104099,55.91,7,60
104209,55.98,7,60
104318,55.74,7,60
104428,55.82,7,60
104539,55.68,7,60
104648,55.99,7,60
104758,55.99,7,60
104867,55.66,7,60
104977,55.74,7,60
105086,55.97,7,60
105196,56.02,7,60
105307,55.99,7,60
105416,56.07,7,60
105526,56.35,7,60
105636,55.94,7,60
105746,56.19,7,60
105856,56.24,7,60
105965,56.15,7,60
106076,56.25,7,60
106185,56.17,7,60
106295,56.32,7,60
106405,56.33,7,60
106515,56.22,7,60
106625,56.31,7,60
106735,56.07,7,60
106845,56.16,7,60
106954,56.22,7,60
107064,56.39,7,60
107174,56.51,7,60
107284,56.45,7,60
107395,56.36,7,60
107504,56.35,7,60
107614,56.53,7,60
107724,56.58,7,60
107834,55.51,7,60
107943,55.66,7,60
108053,55.59,7,60
108164,55.51,7,60
108273,55.67,7,60
108383,55.83,7,60
108492,55.59,7,60
108602,55.66,7,60
108711,55.5,7,60
108821,55.6,7,60
108931,55.5,7,60
109040,55.67,7,60
109150,55.79,7,60
109259,55.74,7,60
109369,55.93,7,60
109479,55.82,7,60
109589,55.76,7,60
109699,55.76,7,60
109808,55.91,7,60
109918,55.91,7,60
110027,55.98,7,60
110138,55.88,7,60
110247,55.92,7,60
110357,55.91,7,60
110467,55.89,7,60
110576,55.92,7,60
110687,55.91,7,60
110796,55.98,7,60
110906,55.82,7,60
111015,55.81,7,60
111125,55.9,7,60
111235,55.54,7,60
111344,55.9,7,60
111455,55.93,7,60
111564,55.93,7,60
111674,56.22,7,60
111783,56.31,7,60
111893,56.33,7,60
112004,56.34,7,60
112113,56.24,7,60
112224,56.5,7,60
112333,56.09,7,60
112443,56.26,7,60
112553,56.64,7,60
112663,56.74,7,60
112774,56.42,7,60
112883,56.17,7,60
112993,56.25,7,60
113103,56.42,7,60
113213,56.4,7,60
113323,56.37,7,60
113433,56.41,7,60
113543,56.3,7,60
113652,56.36,7,60
113763,56.42,7,60
113872,56.42,7,60
113982,55.98,7,60
114093,55.92,7,60
114202,56.31,7,60
114312,56.07,7,60
114421,56.01,7,60
114532,56.28,7,60
114641,56.43,7,60
114751,56.09,7,60
114862,56.28,7,60
114971,56.36,7,60
115081,56.36,7,60
115191,56.41,7,60
115301,56.14,7,60
115410,56.39,7,60
115521,56.11,7,60
115631,56.0,7,60
115740,56.16,7,60
115851,56.05,7,60
115960,56.0,7,60
116070,55.98,7,60
116179,56.0,7,60
116289,56.1,7,60
116400,56.09,7,60
116509,55.97,7,60
116619,56.06,7,60
116728,56.1,7,60
116839,55.93,7,60
116948,56.38,7,60
117058,56.08,7,60
117169,56.03,7,60
117278,56.17,7,60
117388,55.92,7,60
117497,55.72,7,60
117607,55.68,7,60
117716,56.25,7,60
117827,55.93,7,60
117937,55.92,7,60
118046,55.91,7,60
118156,55.74,7,60
118266,55.91,7,60
118376,55.93,7,60
118486,55.93,7,60
118595,56.1,7,60
118705,55.51,7,60
118814,55.66,7,60
118924,55.68,7,60
119034,55.93,7,60
119144,55.66,7,60
119254,55.82,7,60
119363,55.99,7,60
119473,56.08,7,60
119582,55.93,7,60
119693,55.93,7,60
119802,56.0,7,60
119912,55.68,7,60
120022,55.81,7,60
120131,55.5,7,60
120241,55.75,7,60
120350,56.1,7,60
120461,56.08,7,60
120570,55.75,7,60
120680,55.91,7,60
120790,55.82,7,60
120900,55.98,7,60
121010,55.98,7,60
121119,55.59,7,60
121229,55.88,7,60
121338,55.51,7,60
121448,55.58,7,60
121558,55.66,7,60
121667,55.77,7,60
121777,55.5,7,60
121887,55.51,7,60
121997,55.5,7,60
122106,55.51,7,60
122216,55.51,7,60
122326,55.5,7,60
122435,55.5,7,60
122545,55.58,7,60
122654,55.5,7,60
122764,55.51,7,60
122873,55.5,7,60
122983,55.51,7,60
123092,55.51,7,60
123202,55.51,7,60
123312,55.51,7,60
123421,55.51,7,60
123531,55.65,7,60
123640,55.51,7,60
123750,55.51,7,60
123859,55.51,7,60
123969,55.51,7,60
124079,55.65,7,60
124188,55.59,7,60
124298,55.51,7,60
124407,55.51,7,60
124517,55.5,7,60
124626,55.5,7,60
124736,55.5,7,60
124846,55.59,7,60
124955,55.5,7,60
125065,55.64,7,60
125174,55.57,7,60
125284,55.49,7,60
125393,55.48,7,60
125503,55.48,7,60
125613,55.51,7,60
125722,55.51,7,60
125832,55.5,7,60
125941,55.51,7,60
126051,55.51,7,60
126160,55.5,7,60
126270,55.73,7,60
126381,55.59,7,60
126490,55.51,7,60
126600,55.51,7,60
126709,55.51,7,60
126819,55.5,7,60
126928,55.5,7,60
127038,55.51,7,60
127148,55.5,7,60
127257,55.48,7,60
127367,55.5,7,60
127476,55.56,7,60
127586,55.5,7,60
127695,55.51,7,60
127805,55.51,7,60
127915,55.51,7,60
128024,55.5,7,60
128134,55.5,7,60
128243,55.5,7,60
128353,55.5,7,60
128462,55.5,7,60
128572,55.5,7,60
128681,55.51,7,60
128791,55.51,7,60
128901,55.51,7,60
129010,55.51,7,60
129120,55.51,7,60
129229,55.51,7,60
129339,55.5,7,60
129448,55.5,7,60
129558,55.5,7,60
129668,55.73,7,60
129777,55.51,7,60
129887,55.51,7,60
129996,55.51,7,60
130106,55.5,7,60
130215,55.67,7,60
130325,55.58,7,60
130435,55.51,7,60
130544,55.49,7,60
130654,55.56,7,60
130763,55.9,7,60
130873,55.5,7,60
130982,55.58,7,60
131093,55.51,7,60
131203,55.51,7,60
131312,55.51,7,60
131422,55.51,7,60
131531,55.74,7,60
131641,55.66,7,60
131750,55.66,7,60
131860,55.51,7,60
131970,55.51,7,60
132079,55.5,7,60
132189,55.51,7,60
132298,55.51,7,60
132408,55.5,7,60
132517,55.5,7,60
132627,55.5,7,60
132737,55.5,7,60
132846,55.49,7,60
132956,55.49,7,60
133065,55.48,7,60
133175,55.51,7,60
133284,55.51,7,60
133394,55.51,7,60
133504,55.51,7,60
133613,55.5,7,60
133723,55.5,7,60
133832,55.5,7,60
133942,55.48,7,60
134051,55.59,7,60
134161,55.84,7,60
134270,55.51,7,60
134380,55.49,7,60
134490,55.5,7,60
134599,55.57,7,60
134709,55.49,7,60
134818,55.51,7,60
134928,55.48,7,60
135037,55.5,7,60
135147,55.51,7,60
135257,55.74,7,60
135366,55.65,7,60
135477,55.83,7,60
135586,55.85,7,60
135696,55.72,7,60
135805,55.82,7,60
135915,55.67,7,60
136025,55.5,7,60
136134,55.5,7,60
136244,55.68,7,60
136353,55.5,7,60
136463,55.57,7,60
136572,55.48,7,60
136682,55.48,7,60
136792,55.48,7,60
136901,55.64,7,60
137011,55.64,7,60
137120,55.72,7,60
137231,55.49,7,60
137340,55.49,7,60
137450,55.59,7,60
137560,55.82,7,60
137669,55.68,7,60
137779,55.84,7,60
137888,56.08,7,60
137998,55.84,7,60
138107,55.9,7,60
138218,55.9,7,60
138328,55.9,7,60
138437,55.91,7,60
138547,55.5,7,60
138656,55.5,7,60
138766,55.9,7,60
138875,55.57,7,60
138985,55.5,7,60
139095,55.5,7,60
139204,55.51,7,60
139314,55.59,7,60
139424,55.5,7,60
139534,55.67,7,60
139643,55.76,7,60
139753,55.49,7,60
139863,55.51,7,60
139972,55.51,7,60
140082,55.5,7,60
140191,55.5,7,60
140301,55.82,7,60
140410,55.8,7,60
140520,55.96,7,60
140630,55.93,7,60
140740,55.91,7,60
140850,55.57,7,60
140959,55.58,7,60
141069,55.5,7,60
141178,55.68,7,60
141288,55.99,7,60
141398,55.74,7,60
141507,55.59,7,60
141617,55.76,7,60
141727,55.74,7,60
141837,55.5,7,60
141946,55.5,7,60
142056,55.5,7,60
142166,55.48,7,60
142275,55.5,7,60
142385,55.51,7,60
142494,55.5,7,60
142604,55.5,7,60
142713,55.5,7,60
142823,55.5,7,60
142932,55.5,7,60
143042,55.51,7,60
143152,55.5,7,60
143261,55.5,7,60
143371,55.51,7,60
143480,55.51,7,60
143590,55.51,7,60
143699,55.49,7,60
143809,55.48,7,60
143919,55.59,7,60
144028,55.5,7,60
144138,55.58,7,60
144247,55.67,7,60
144357,55.5,7,60
144466,55.5,7,60
144576,55.5,7,60
144686,55.59,7,60
144795,55.8,7,60
144905,55.71,7,60
145014,55.81,7,60
145124,55.8,7,60
145234,55.82,7,60
145344,55.5,7,60
145454,55.51,7,60
145563,55.74,7,60
145673,55.76,7,60
145782,55.98,7,60
145892,55.5,7,60
146001,55.73,7,60
146111,55.93,7,60
146222,55.91,7,60
146331,55.82,7,60
146441,55.93,7,60
146550,55.82,7,60
146660,55.5,7,60
146769,55.56,7,60
146879,55.51,7,60
146989,55.51,7,60
147098,55.5,7,60
147208,55.59,7,60
147318,55.59,7,60
147428,55.59,7,60
147537,55.5,7,60
147647,55.59,7,60
147757,55.65,7,60
147866,55.66,7,60
147976,55.58,7,60
148085,55.51,7,60
148195,55.51,7,60
148304,55.51,7,60
148414,55.5,7,60
148524,55.5,7,60
148633,55.5,7,60
148743,55.51,7,60
148852,55.5,7,60
148962,55.5,7,60
149071,55.5,7,60
149181,55.48,7,60
149291,55.49,7,60
149400,55.48,7,60
149510,55.48,7,60
149619,55.48,7,60
149729,55.48,7,60
149838,55.48,7,60
149948,55.48,7,60
150057,55.49,7,60
150167,55.49,7,60
150277,55.49,7,60
150386,55.49,7,60
150496,55.51,7,60
150605,55.5,7,60
150715,55.51,7,60
150824,55.5,7,60
150934,55.5,7,60
151044,55.5,7,60
151153,55.5,7,60
151263,55.5,7,60
151372,55.5,7,60
151482,55.5,7,60
151591,55.5,7,60
151701,55.5,7,60
151811,55.5,7,60
151920,55.51,7,60
152030,55.51,7,60
152139,55.49,7,60
152250,55.51,7,60
152359,55.51,7,60
152469,55.51,7,60
152579,56.51,7,60
152688,56.92,7,60
152799,56.82,7,60
152908,56.33,7,60
153018,57.87,7,60
153128,57.89,7,60
153239,57.75,7,60
153350,57.84,7,60
153460,57.89,7,60
153571,57.82,7,60
153681,57.82,7,60
153792,57.76,7,60
153903,57.76,7,60
154012,57.87,7,60
154123,57.69,7,60
154233,57.82,7,60
154344,57.93,7,60
154455,57.89,7,60
154565,57.9,7,60
154676,57.88,7,60
154786,57.9,7,60
154897,57.87,7,60
155008,57.91,7,60
155118,57.97,7,60
155229,57.99,7,60
155339,57.99,7,60
155450,57.75,7,60
155560,57.76,7,60
155671,57.76,7,60
155782,57.73,7,60
155892,57.62,7,60
156003,57.7,7,60
156112,57.78,7,60
156223,57.59,7,60
156334,57.27,7,60
156444,57.61,7,60
156555,57.62,7,60
156665,57.6,7,60
156776,57.62,7,60
156886,57.62,7,60
156996,57.62,7,60
157107,57.55,7,60
157217,57.62,7,60
157328,57.82,7,60
157438,57.75,7,60
157549,57.62,7,60
157660,57.62,7,60
157769,57.73,7,60
157880,57.61,7,60
157990,57.62,7,60
158101,57.75,7,60
158212,57.76,7,60
158322,57.91,7,60
158433,57.76,7,60
158543,57.75,7,60
158654,57.79,7,60
158765,57.73,7,60
158875,57.89,7,60
158986,58.07,7,60
159096,58.01,7,60
159207,57.77,7,60
159318,57.98,7,60
159428,58.04,7,60
159539,57.94,7,60
159649,58.05,7,60
159760,57.93,7,60
159870,58.08,7,60
159981,57.95,7,60
160092,57.98,7,60
160202,57.97,7,60
160313,57.85,7,60
160423,58.1,7,60
160534,58.01,7,60
160645,58.1,7,60
160755,58.15,7,60
160866,58.04,7,60
160976,58.04,7,60
161087,58.18,7,60
161198,58.13,7,60
161308,58.18,7,60
161419,58.3,7,60
161529,58.16,7,60
161641,58.21,7,60
161752,58.22,7,60
161862,58.07,7,60
161973,58.35,7,60
162083,58.35,7,60
162194,58.55,7,60
162305,58.42,7,60
162416,58.49,7,60
162527,58.54,7,60
162637,58.41,7,60
162748,58.41,7,60
162859,58.24,7,60
162969,58.3,7,60
163081,58.17,7,60
163191,58.16,7,60
163302,57.96,7,60
163412,57.87,7,60
163523,57.79,7,60
163634,57.98,7,60
163744,57.98,7,60
163855,57.89,7,60
163965,58.04,7,60
164076,58.04,7,60
164187,57.7,7,60
164297,57.7,7,60
164408,58.16,7,60
164518,58.3,7,60
164629,58.23,7,60
164740,58.06,7,60
164850,58.72,7,60
164961,58.53,7,60
165072,58.42,7,60
165183,59.12,7,60
165294,58.97,7,60
165405,58.74,7,60
165516,58.75,7,60
165626,58.93,7,60
165738,56.56,7,60
165848,57.76,7,60
165958,56.76,7,60
166068,59.21,7,60
166179,57.67,7,60
166290,59.78,7,60
166402,59.37,7,60
166512,57.82,7,60
166623,59.85,7,60
166734,58.07,7,60
166845,59.83,7,60
166956,59.51,7,60
167067,59.83,7,60
167179,60.43,7,60
167290,60.91,7,60
167402,61.07,7,60
167514,60.27,7,60
167625,61.14,7,60
167737,61.73,7,60
167849,61.84,7,60
167961,61.71,7,60
168074,61.82,7,60
168185,61.47,7,60
168298,61.97,7,60
168410,61.69,7,60
168522,66.6,7,60
168636,61.54,7,60
168748,65.27,7,60
168861,66.43,7,60
168975,62.79,7,60
169088,61.96,7,60
169200,61.62,7,60
169313,61.05,7,60
169424,62.42,7,60
169537,60.8,7,60
169649,61.71,7,60
169761,61.3,7,60
169873,61.03,7,60
169985,60.54,7,60
170096,61.03,7,60
170208,61.55,7,60
170320,60.96,7,60
170432,61.04,7,60
170544,60.8,7,60
170656,60.46,7,60
170768,60.6,7,60
170880,60.28,7,60
170991,60.29,7,60
171103,60.37,7,60
171214,60.05,7,60
171325,59.87,7,60
171437,60.41,7,60
171548,60.71,7,60
171660,60.87,7,60
171772,60.59,7,60
171884,60.3,7,60
171996,60.05,7,60
172106,59.88,7,60
172218,59.57,7,60
172329,59.29,7,60
172440,59.31,7,60
172552,59.13,7,60
172662,59.04,7,60
172774,58.96,7,60
172884,59.13,7,60
172996,58.93,7,60
173107,59.11,7,60
173218,59.04,7,60
173329,59.57,7,60
173441,59.48,7,60
173551,58.9,7,60
173663,59.16,7,60
173773,59.1,7,60
173885,58.9,7,60
173996,58.89,7,60
174107,59.19,7,60
174218,59.5,7,60
174329,58.73,7,60
174440,58.99,7,60
174551,59.58,7,60
174662,59.3,7,60
174774,59.07,7,60
174884,59.13,7,60
174995,59.18,7,60
175107,59.15,7,60
175217,59.25,7,60
175329,59.58,7,60
175440,59.57,7,60
175551,59.18,7,60
175663,59.58,7,60
175773,59.5,7,60
175885,59.17,7,60
175996,58.92,7,60
176107,58.9,7,60
176218,59.17,7,60
176329,59.17,7,60
176440,59.15,7,60
176551,59.15,7,60
176662,59.09,7,60
176774,58.83,7,60
176884,58.64,7,60
176995,58.93,7,60
177106,59.13,7,60
177217,58.9,7,60
177329,59.15,7,60
177439,58.98,7,60
177551,59.04,7,60
177661,59.27,7,60
177772,59.44,7,60
177884,59.44,7,60
177995,59.44,7,60
178106,59.01,7,60
178217,59.11,7,60
178328,59.19,7,60
178440,59.01,7,60
178550,58.99,7,60
178661,59.18,7,60
178772,58.89,7,60
178883,58.8,7,60
178995,58.79,7,60
179105,58.9,7,60
179216,58.56,7,60
179328,56.6,7,60
179437,56.32,7,60
179548,59.17,7,60
179658,58.9,7,60
179769,57.77,7,60
179879,57.36,7,60
179990,57.65,7,60
180101,57.78,7,60
180211,57.98,7,60
180322,57.85,7,60
180432,57.85,7,60
180543,57.03,7,60
180654,56.88,7,60
180763,58.02,7,60
180874,57.84,7,60
180984,58.1,7,60
181095,58.18,7,60
181206,58.21,7,60
181316,58.03,7,60
181428,58.04,7,60
181538,58.13,7,60
181649,58.07,7,60
181760,57.63,7,60
181869,57.89,7,60
181980,58.47,7,60
182091,58.32,7,60
182202,58.21,7,60
182312,57.89,7,60
182423,58.06,7,60
182534,58.18,7,60
182644,58.18,7,60
182755,57.92,7,60
182865,57.98,7,60
182976,57.85,7,60
183087,57.62,7,60
183197,57.62,7,60
183308,57.62,7,60
183418,57.61,7,60
183528,57.64,7,60
183639,57.48,7,60
183749,57.48,7,60
183860,57.65,7,60
183970,57.76,7,60
184081,57.76,7,60
184192,57.76,7,60
184301,57.76,7,60
184412,57.82,7,60
184522,57.63,7,60
184633,57.41,7,60
184743,57.55,7,60
184854,57.56,7,60
184965,57.04,7,60
185074,57.03,7,60
185185,57.05,7,60
185295,57.44,7,60
185405,57.35,7,60
185516,57.31,7,60
185626,57.25,7,60
185736,57.01,7,60
185846,57.05,7,60
185957,56.76,7,60
186066,56.64,7,60
186177,56.88,7,60
186287,56.62,7,60
186397,56.44,7,60
186507,56.51,7,60
186617,55.81,7,60
186727,56.18,7,60
186836,56.85,7,60
186947,56.94,7,60
187057,56.88,7,60
187167,56.62,7,60
187277,56.64,7,60
187387,57.01,7,60
187497,56.53,7,60
187608,56.7,7,60
187717,56.79,7,60
187828,56.2,7,60
187937,56.19,7,60
188047,56.4,7,60
188157,56.39,7,60
188267,56.14,7,60
188377,56.81,7,60
188487,56.81,7,60
188598,56.7,7,60
188707,56.73,7,60
188818,56.77,7,60
188928,55.83,7,60
189037,55.71,7,60
189147,55.4,7,60
189257,55.28,7,60
189367,56.1,7,60
189476,56.16,7,60
189586,55.68,7,60
189696,55.42,7,60
189805,56.99,7,60
189916,56.72,7,60
190025,55.43,7,60
190135,55.46,7,60
190244,55.17,7,60
190354,55.19,7,60
190464,55.3,7,60
190573,55.06,7,60
190683,55.08,7,60
190792,55.09,7,60
190901,55.08,7,60
191010,55.08,7,60
191120,55.26,7,60
191229,55.23,7,60
191339,55.2,7,60
191449,55.22,7,60
191558,55.22,7,60
191668,55.3,7,60
191777,55.54,7,60
191887,55.68,7,60
191996,56.05,7,60
192106,55.48,7,60
192216,55.78,7,60
192325,56.81,7,60
192436,56.26,7,60
192545,56.56,7,60
192655,56.47,7,60
192765,55.25,7,60
192875,55.82,7,60
192985,56.53,7,60
193094,56.72,7,60
193205,56.46,7,60
193314,56.47,7,60
193425,56.59,7,60
193534,56.65,7,60
193645,56.88,7,60
193755,56.67,7,60
193865,56.62,7,60
193975,56.63,7,60
194085,56.63,7,60
194195,56.67,7,60
194306,56.59,7,60
194415,56.48,7,60
194526,56.19,7,60
194635,55.36,7,60
194745,55.91,7,60
194854,55.36,7,60
194964,55.39,7,60
195074,56.58,7,60
195184,57.37,7,60
195294,57.58,7,60
195404,57.08,7,60
195515,57.74,7,60
195625,56.87,7,60
195735,56.78,7,60
195846,56.61,7,60
195955,55.39,7,60
196065,56.96,7,60
196175,55.51,7,60
196285,56.51,7,60
196396,56.97,7,60
196505,56.64,7,60
196616,55.92,7,60
196725,55.91,7,60
196835,57.15,7,60
196945,56.87,7,60
197056,55.66,7,60
197166,55.11,7,60
197275,55.22,7,60
197384,55.22,7,60
197493,55.21,7,60
197603,55.22,7,60
197712,55.22,7,60
197822,55.22,7,60
197932,55.95,7,60
198041,55.49,7,60
198151,55.33,7,60
198260,55.97,7,60
198370,55.54,7,60
198479,55.43,7,60
198589,55.56,7,60
198700,57.08,7,60
198809,58.01,7,60
198920,58.02,7,60
199030,58.2,7,60
199141,58.16,7,60
199251,58.18,7,60
199363,58.17,7,60
199474,58.17,7,60
199584,58.3,7,60
199695,58.06,7,60
199805,58.3,7,60
199916,58.3,7,60
200027,58.44,7,60
200137,58.27,7,60
200249,58.18,7,60
200359,58.18,7,60
200470,58.15,7,60
200581,58.17,7,60
200691,58.17,7,60
200802,58.18,7,60
200912,58.02,7,60
201023,58.03,7,60
201134,58.03,7,60
201244,58.03,7,60
201355,58.04,7,60
201465,58.25,7,60
201576,57.99,7,60
201687,57.71,7,60
201797,57.81,7,60
201908,57.96,7,60
202018,57.64,7,60
202129,57.53,7,60
202240,57.75,7,60
202350,57.82,7,60
202461,57.76,7,60
202571,57.75,7,60
202682,57.76,7,60
202791,57.71,7,60
202902,57.64,7,60
203013,57.66,7,60
203123,57.59,7,60
203234,57.75,7,60
203344,57.76,7,60
203455,57.76,7,60
203566,57.76,7,60
203676,57.81,7,60
203786,57.78,7,60
203896,57.76,7,60
204007,57.82,7,60
204118,57.7,7,60
204228,57.62,7,60
204339,57.61,7,60
204449,57.54,7,60
204560,57.14,7,60
204669,57.33,7,60
204780,57.31,7,60
204891,57.18,7,60
205001,57.17,7,60
205111,57.36,7,60
205221,57.16,7,60
205332,57.15,7,60
205442,57.21,7,60
205552,57.19,7,60
205663,57.19,7,60
205772,57.19,7,60
205883,56.89,7,60
205993,55.69,7,60
206103,56.17,7,60
206213,56.86,7,60
206323,57.22,7,60
206433,56.25,7,60
206543,56.31,7,60
206653,55.64,7,60
206763,55.43,7,60
206872,56.88,7,60
206983,55.88,7,60
207092,55.56,7,60
207202,55.19,7,60
207311,55.65,7,60
207421,57.18,7,60
207532,56.66,7,60
207641,57.02,7,60
207752,56.5,7,60
207861,56.73,7,60
207971,57.59,7,60
208081,56.76,7,60
208192,57.46,7,60
208303,57.04,7,60
208412,57.13,7,60
208523,57.05,7,60
208632,57.3,7,60
208743,57.05,7,60
208854,56.6,7,60
208963,57.04,7,60
209074,57.38,7,60
209184,56.99,7,60
209294,57.04,7,60
209404,56.85,7,60
209514,56.8,7,60
209625,56.78,7,60
209734,56.64,7,60
209845,56.8,7,60
209954,56.59,7,60
210065,56.47,7,60
210174,56.67,7,60
210285,56.29,7,60
210395,56.82,7,60
210505,56.91,7,60
210615,56.93,7,60
210725,56.9,7,60
210835,56.92,7,60
210946,56.9,7,60
211056,56.81,7,60
211166,56.76,7,60
211276,56.79,7,60
211386,56.81,7,60
211496,56.77,7,60
211606,56.43,7,60
211717,56.34,7,60
211826,56.25,7,60
211936,56.51,7,60
212046,56.76,7,60
212156,56.79,7,60
212267,56.82,7,60
212376,56.76,7,60
212487,56.47,7,60
212596,56.47,7,60
212707,56.49,7,60
212816,56.73,7,60
212927,56.78,7,60
213037,56.63,7,60
213147,56.89,7,60
213257,56.62,7,60
213367,56.65,7,60
213477,56.63,7,60
213587,56.8,7,60
213697,56.62,7,60
213808,56.96,7,60
213917,56.65,7,60
214028,56.96,7,60
214137,57.25,7,60
214248,57.37,7,60
214359,57.19,7,60
214468,57.21,7,60
214579,57.08,7,60
214689,56.84,7,60
214799,57.19,7,60
214909,56.86,7,60
215019,56.82,7,60
215130,56.86,7,60
215239,56.79,7,60
215350,57.05,7,60
215460,57.05,7,60
215570,56.62,7,60
215681,56.71,7,60
215790,57.04,7,60
215901,57.07,7,60
216010,57.04,7,60
216121,56.11,7,60
216230,56.48,7,60
216341,56.63,7,60
216451,57.27,7,60
216561,56.91,7,60
216671,56.9,7,60
216781,57.56,7,60
216892,57.47,7,60
217003,57.46,7,60
217112,57.46,7,60
217223,57.47,7,60
217333,57.47,7,60
217444,57.41,7,60
217554,57.41,7,60
217664,57.44,7,60
217775,57.33,7,60
217885,57.31,7,60
217996,57.33,7,60
218105,57.1,7,60
218216,57.33,7,60
218327,57.42,7,60
218437,56.99,7,60
218547,57.36,7,60
218657,57.33,7,60
218768,57.16,7,60
218877,57.14,7,60
218988,57.33,7,60
219099,56.99,7,60
219209,56.93,7,60
219319,57.33,7,60
219429,57.08,7,60
219540,56.93,7,60
219650,56.89,7,60
219760,56.9,7,60
0,62.96,7,65
100,62.4,7,65
211,62.74,7,65
324,62.83,7,65
437,62.54,7,65
548,56.68,7,65
659,55.2,7,65
768,56.85,7,65
878,57.62,7,65
989,55.08,7,65
1097,54.12,7,65
1207,54.13,7,65
1315,54.38,7,65
1425,54.39,7,65
1533,54.44,7,65
1643,54.06,7,65
1752,53.86,7,65
1860,54.05,7,65
1970,54.15,7,65
2078,54.21,7,65
2187,54.22,7,65
2296,54.22,7,65
2405,54.23,7,65
2513,54.47,7,65
2623,54.75,7,65
2732,54.06,7,65
2841,54.05,7,65
2950,53.89,7,65
3059,54.06,7,65
3168,54.74,7,65
3276,54.57,7,65
3386,54.7,7,65
3495,54.91,7,65
3604,54.74,7,65
3714,54.72,7,65
3822,54.74,7,65
3932,54.75,7,65
4041,54.73,7,65
4150,54.74,7,65
4259,54.74,7,65
4368,54.73,7,65
4477,54.72,7,65
4587,54.84,7,65
4696,54.74,7,65
4805,54.74,7,65
4914,54.75,7,65
5023,54.73,7,65
5133,54.74,7,65
5241,54.75,7,65
5351,54.73,7,65
5459,54.75,7,65
5569,54.74,7,65
5679,54.75,7,65
5787,54.74,7,65
5897,54.74,7,65
6005,54.75,7,65
6115,54.75,7,65
6224,54.73,7,65
6333,54.74,7,65
6443,54.74,7,65
6551,54.74,7,65
6661,54.72,7,65
6770,54.75,7,65
6879,54.74,7,65
6988,54.73,7,65
7097,54.74,7,65
7206,54.74,7,65
7316,54.73,7,65
7425,54.74,7,65
7534,54.65,7,65
7643,54.53,7,65
7752,54.65,7,65
7862,54.47,7,65
7970,54.59,7,65
8080,54.64,7,65
8188,54.65,7,65
8298,54.53,7,65
8407,54.67,7,65
8516,54.4,7,65
8625,54.15,7,65
8734,54.21,7,65
8843,54.52,7,65
8952,54.29,7,65
9061,54.03,7,65
9170,54.39,7,65
9279,54.34,7,65
9389,53.89,7,65
9497,53.98,7,65
9606,53.88,7,65
9715,53.89,7,65
9824,53.89,7,65
9932,53.85,7,65
10041,53.88,7,65
10150,53.88,7,65
10259,53.88,7,65
10368,53.88,7,65
10476,53.88,7,65
10586,53.89,7,65
10694,53.87,7,65
10803,53.88,7,65
10912,53.87,7,65
11021,53.85,7,65
11129,53.89,7,65
11239,53.88,7,65
11347,53.88,7,65
11456,53.88,7,65
11565,53.89,7,65
11674,53.89,7,65
11783,53.89,7,65
11891,53.89,7,65
12001,53.89,7,65
12109,53.95,7,65
12218,53.89,7,65
12327,53.96,7,65
12436,53.89,7,65
12545,53.89,7,65
12654,53.95,7,65
12763,53.89,7,65
12871,53.89,7,65
12981,53.89,7,65
13089,53.88,7,65
13198,53.85,7,65
13307,53.88,7,65
13416,53.88,7,65
13524,54.07,7,65
13634,54.23,7,65
13743,54.16,7,65
13851,54.23,7,65
13961,54.07,7,65
14069,54.23,7,65
14179,54.16,7,65
14287,53.88,7,65
14396,53.89,7,65
14505,53.96,7,65
14614,53.89,7,65
14723,53.88,7,65
14832,53.88,7,65
14941,53.88,7,65
15049,54.05,7,65
15159,54.22,7,65
15267,53.88,7,65
15377,53.89,7,65
15485,54.05,7,65
15594,53.88,7,65
15704,53.89,7,65
15812,53.88,7,65
15921,53.87,7,65
16030,53.89,7,65
16139,53.88,7,65
16247,53.86,7,65
16356,53.88,7,65
16465,53.87,7,65
16574,53.85,7,65
16683,53.88,7,65
16792,53.88,7,65
16901,53.85,7,65
17009,53.88,7,65
17119,53.88,7,65
17227,53.88,7,65
17336,53.89,7,65
17445,53.89,7,65
17554,53.89,7,65
17662,53.88,7,65
17771,53.88,7,65
17881,53.89,7,65
17989,53.86,7,65
18098,53.89,7,65
18207,53.89,7,65
18316,53.87,7,65
18424,53.89,7,65
18534,53.89,7,65
18642,53.87,7,65
18751,53.89,7,65
18861,53.88,7,65
18969,53.89,7,65
19078,53.89,7,65
19186,53.88,7,65
19296,53.89,7,65
19404,53.86,7,65
19513,53.89,7,65
19622,53.89,7,65
19731,53.87,7,65
19840,53.88,7,65
19949,53.89,7,65
20058,54.04,7,65
20166,54.2,7,65
20276,53.89,7,65
20384,53.87,7,65
20493,53.88,7,65
20602,53.89,7,65
20711,53.88,7,65
20820,53.89,7,65
20929,53.88,7,65
21038,53.88,7,65
21146,53.89,7,65
21256,53.88,7,65
21364,53.88,7,65
21473,53.88,7,65
21582,53.88,7,65
21691,53.88,7,65
21799,53.88,7,65
21909,53.88,7,65
22018,53.88,7,65
22126,53.88,7,65
22235,53.89,7,65
22344,53.89,7,65
22453,53.89,7,65
22561,53.89,7,65
22671,53.89,7,65
22779,53.88,7,65
22888,53.86,7,65
22998,53.89,7,65
23106,53.89,7,65
23215,53.89,7,65
23323,53.89,7,65
23433,53.88,7,65
23541,53.86,7,65
23650,53.88,7,65
23759,54.05,7,65
23868,53.88,7,65
23976,53.89,7,65
24086,54.06,7,65
24195,53.89,7,65
24303,53.89,7,65
24413,53.88,7,65
24521,53.85,7,65
24630,53.88,7,65
24739,53.89,7,65
24848,53.88,7,65
24956,53.89,7,65
25066,53.89,7,65
25175,53.89,7,65
25283,53.88,7,65
25392,53.89,7,65
25501,53.89,7,65
25610,53.88,7,65
25718,53.88,7,65
25828,53.89,7,65
25936,53.86,7,65
26045,53.89,7,65
26155,53.89,7,65
26263,53.88,7,65
26372,53.89,7,65
26481,53.89,7,65
26590,53.88,7,65
26698,53.89,7,65
26807,53.89,7,65
26916,53.89,7,65
27025,53.88,7,65
27133,53.88,7,65
27243,53.89,7,65
27352,53.89,7,65
27460,53.89,7,65
27570,53.89,7,65
27678,53.88,7,65
27787,53.89,7,65
27896,54.21,7,65
28005,53.96,7,65
28114,53.88,7,65
28223,53.89,7,65
28332,53.89,7,65
28441,53.89,7,65
28550,53.88,7,65
28658,53.86,7,65
28767,53.89,7,65
28876,53.88,7,65
28985,53.86,7,65
29093,53.89,7,65
29203,53.88,7,65
29312,53.88,7,65
29420,53.88,7,65
29530,53.89,7,65
29638,53.88,7,65
29747,53.86,7,65
29855,53.89,7,65
29965,53.89,7,65
30073,53.88,7,65
30182,53.89,7,65
30291,53.89,7,65
30400,53.86,7,65
30509,53.88,7,65
30618,53.89,7,65
30727,53.86,7,65
30835,53.89,7,65
30945,53.89,7,65
31053,53.89,7,65
31162,53.89,7,65
31271,53.89,7,65
31380,53.89,7,65
31489,53.88,7,65
31597,53.88,7,65
31707,53.98,7,65
31815,53.88,7,65
31925,54.53,7,65
32033,54.4,7,65
32143,53.54,7,65
32251,54.09,7,65
32360,53.88,7,65
32470,53.89,7,65
32578,53.85,7,65
32687,53.68,7,65
32795,53.54,7,65
32905,53.53,7,65
33013,53.68,7,65
33122,53.8,7,65
33230,53.8,7,65
33340,53.54,7,65
33448,53.95,7,65
33557,53.96,7,65
33666,61.31,7,65
33777,63.02,7,65
33890,62.85,7,65
34002,62.95,7,65
34115,63.02,7,65
34228,63.08,7,65
34340,63.07,7,65
34453,63.07,7,65
34566,63.11,7,65
34678,63.23,7,65
34791,63.24,7,65
34905,63.24,7,65
35017,63.13,7,65
35130,63.1,7,65
35243,63.1,7,65
35355,63.1,7,65
35468,62.98,7,65
35580,62.97,7,65
35693,63.05,7,65
35806,63.1,7,65
35918,63.1,7,65
36031,63.08,7,65
36144,62.94,7,65
36256,62.96,7,65
36369,63.04,7,65
36482,63.09,7,65
36594,63.11,7,65
36707,63.11,7,65
36819,63.1,7,65
36932,63.02,7,65
37045,63.08,7,65
37157,62.97,7,65
37270,62.71,7,65
37383,62.71,7,65
37494,62.7,7,65
37607,62.53,7,65
37720,62.52,7,65
37832,62.96,7,65
37945,63.05,7,65
38057,62.96,7,65
38170,63.08,7,65
38283,63.11,7,65
38395,63.11,7,65
38508,63.07,7,65
38621,62.96,7,65
38733,62.96,7,65
38846,62.96,7,65
38959,62.95,7,65
39071,62.94,7,65
39184,62.96,7,65
39297,62.96,7,65
39409,62.96,7,65
39522,62.97,7,65
39634,62.94,7,65
39746,62.99,7,65
39859,62.97,7,65
39971,62.96,7,65
40084,62.96,7,65
40197,62.96,7,65
40309,62.96,7,65
40422,62.94,7,65
40535,62.96,7,65
40647,62.94,7,65
40760,62.95,7,65
40872,62.94,7,65
40985,62.91,7,65
41098,62.94,7,65
41210,62.95,7,65
41323,62.96,7,65
41436,62.95,7,65
41548,62.96,7,65
41661,62.95,7,65
41774,62.96,7,65
41886,62.95,7,65
41999,62.96,7,65
42112,62.96,7,65
42224,62.96,7,65
42337,62.95,7,65
42449,62.96,7,65
42562,62.96,7,65
42675,62.96,7,65
42787,62.93,7,65
42900,62.96,7,65
43012,62.96,7,65
43124,62.96,7,65
43237,62.97,7,65
43350,62.97,7,65
43462,62.96,7,65
43575,62.96,7,65
43687,62.96,7,65
43800,62.95,7,65
43913,62.94,7,65
44025,62.96,7,65
44138,63.02,7,65
44251,62.94,7,65
44363,62.96,7,65
44476,62.96,7,65
44589,62.96,7,65
44701,62.9,7,65
44814,62.96,7,65
44926,62.96,7,65
45039,62.97,7,65
45152,62.97,7,65
45264,62.97,7,65
45377,62.97,7,65
45490,62.96,7,65
45602,63.08,7,65
45715,62.96,7,65
45828,62.96,7,65
45940,62.96,7,65
46053,62.96,7,65
46166,62.97,7,65
46278,63.05,7,65
46391,63.01,7,65
46503,62.97,7,65
46616,62.96,7,65
46729,63.05,7,65
46840,63.1,7,65
46954,63.1,7,65
47067,63.09,7,65
47179,63.1,7,65
47292,63.1,7,65
47405,63.1,7,65
47517,63.09,7,65
47630,63.1,7,65
47742,63.09,7,65
47855,63.13,7,65
47968,63.09,7,65
48080,63.1,7,65
48193,63.05,7,65
48306,62.96,7,65
48418,62.96,7,65
48531,62.97,7,65
48644,62.82,7,65
48756,62.81,7,65
48869,62.81,7,65
48980,62.95,7,65
49093,62.95,7,65
49206,62.96,7,65
49318,62.96,7,65
49431,62.96,7,65
49544,62.93,7,65
49656,62.93,7,65
49769,63.15,7,65
49882,62.99,7,65
49994,62.93,7,65
50107,62.94,7,65
50220,62.96,7,65
50332,62.96,7,65
50445,62.97,7,65
50557,63.1,7,65
50670,63.08,7,65
50783,63.08,7,65
50895,63.06,7,65
51008,63.09,7,65
51121,63.09,7,65
51233,63.08,7,65
51346,63.08,7,65
51459,63.1,7,65
51571,63.06,7,65
51684,63.1,7,65
51796,63.08,7,65
51909,63.1,7,65
52022,63.09,7,65
52134,63.08,7,65
52247,63.0,7,65
52360,62.96,7,65
52472,62.96,7,65
52585,62.97,7,65
52698,62.95,7,65
52810,62.94,7,65
52923,62.96,7,65
53036,62.82,7,65
53148,62.96,7,65
53261,62.85,7,65
53372,62.95,7,65
53485,62.87,7,65
53598,62.96,7,65
53710,62.96,7,65
53823,62.96,7,65
53936,62.94,7,65
54048,62.94,7,65
54161,62.93,7,65
54274,62.93,7,65
54386,62.96,7,65
54499,62.98,7,65
54611,63.17,7,65
54724,62.99,7,65
54837,62.93,7,65
54949,62.96,7,65
55062,63.02,7,65
55175,62.82,7,65
55287,62.82,7,65
55400,62.83,7,65
55513,62.81,7,65
55625,62.82,7,65
55738,62.82,7,65
55849,62.82,7,65
55962,62.82,7,65
56075,62.8,7,65
56187,62.82,7,65
56300,62.82,7,65
56413,62.82,7,65
56525,62.82,7,65
56638,62.81,7,65
56751,62.76,7,65
56863,62.65,7,65
56975,62.59,7,65
57088,62.68,7,65
57200,62.7,7,65
57313,62.68,7,65
57425,62.67,7,65
57538,62.61,7,65
57651,62.54,7,65
57762,62.54,7,65
57875,62.67,7,65
57988,62.86,7,65
58100,62.81,7,65
58213,62.87,7,65
58326,62.95,7,65
58438,62.95,7,65
58551,62.97,7,65
58663,62.95,7,65
58775,62.95,7,65
58888,62.95,7,65
59000,62.95,7,65
59113,62.95,7,65
59226,62.96,7,65
59338,63.0,7,65
59451,63.16,7,65
59564,62.79,7,65
59676,62.81,7,65
59789,62.72,7,65
59901,62.67,7,65
60014,62.67,7,65
60127,62.58,7,65
60239,62.44,7,65
60351,62.41,7,65
60464,62.38,7,65
60576,62.37,7,65
60688,62.39,7,65
60801,62.5,7,65
60913,62.68,7,65
61026,62.81,7,65
61138,62.82,7,65
61251,62.81,7,65
61364,62.81,7,65
61476,62.65,7,65
61588,62.73,7,65
61701,62.61,7,65
61813,62.73,7,65
61926,62.85,7,65
62039,63.09,7,65
62151,63.13,7,65
62264,63.33,7,65
62376,63.35,7,65
62489,63.37,7,65
62602,63.39,7,65
62714,63.38,7,65
62828,63.37,7,65
62941,63.38,7,65
63053,63.38,7,65
63166,63.38,7,65
63279,63.36,7,65
63391,63.36,7,65
63504,63.38,7,65
63617,63.47,7,65
63730,63.42,7,65
63843,63.53,7,65
63955,63.51,7,65
64068,63.5,7,65
64181,63.52,7,65
64294,63.52,7,65
64407,63.66,7,65
64520,63.65,7,65
64632,63.64,7,65
64746,63.65,7,65
64859,63.66,7,65
64971,63.65,7,65
65084,63.64,7,65
65197,63.67,7,65
65310,64.08,7,65
65423,64.06,7,65
65537,64.08,7,65
65649,64.06,7,65
65762,64.09,7,65
65875,64.09,7,65
65988,64.15,7,65
66102,64.15,7,65
66214,64.18,7,65
66327,64.22,7,65
66441,64.21,7,65
66553,64.21,7,65
66667,64.2,7,65
66780,64.21,7,65
66893,64.2,7,65
67006,64.21,7,65
67120,64.22,7,65
67232,64.22,7,65
67346,64.24,7,65
67459,64.22,7,65
67571,64.41,7,65
67685,64.65,7,65
67799,64.55,7,65
67911,64.62,7,65
68025,64.64,7,65
68137,64.67,7,65
68251,64.63,7,65
68365,64.61,7,65
68477,64.66,7,65
68591,64.63,7,65
68705,64.65,7,65
68817,64.89,7,65
68931,64.97,7,65
69045,64.97,7,65
69157,64.66,7,65
69271,64.63,7,65
69385,64.64,7,65
69497,64.91,7,65
69611,64.72,7,65
69725,64.64,7,65
69837,64.23,7,65
69951,64.22,7,65
70064,64.23,7,65
70177,64.21,7,65
70290,64.03,7,65
70404,64.06,7,65
70516,64.19,7,65
70630,64.23,7,65
70743,64.19,7,65
70855,64.23,7,65
70969,64.55,7,65
71081,64.66,7,65
71195,64.64,7,65
71309,64.72,7,65
71421,64.66,7,65
71535,64.82,7,65
71649,65.11,7,65
71762,65.32,7,65
71875,65.29,7,65
71989,65.19,7,65
72102,65.44,7,65
72216,65.61,7,65
72330,65.62,7,65
72443,65.41,7,65
72557,65.49,7,65
72671,65.09,7,65
72784,64.81,7,65
72898,65.04,7,65
73012,65.2,7,65
73124,65.19,7,65
73238,65.19,7,65
73352,65.2,7,65
73465,65.12,7,65
73579,65.2,7,65
73693,65.21,7,65
73805,65.2,7,65
73919,65.19,7,65
74033,65.46,7,65
74146,65.3,7,65
74260,65.22,7,65
74374,65.31,7,65
74487,65.29,7,65
74601,65.23,7,65
74715,65.63,7,65
74828,65.63,7,65
74942,65.63,7,65
75056,65.63,7,65
75169,65.38,7,65
75283,65.22,7,65
75397,65.2,7,65
75509,65.21,7,65
75623,65.28,7,65
75737,65.19,7,65
75850,65.13,7,65
75964,65.21,7,65
76078,65.2,7,65
76191,65.19,7,65
76305,65.21,7,65
76418,65.21,7,65
76531,65.29,7,65
76645,65.52,7,65
76759,65.52,7,65
76872,65.62,7,65
76986,66.03,7,65
77100,66.05,7,65
77214,66.16,7,65
77328,66.37,7,65
77442,66.03,7,65
77555,66.08,7,65
77670,66.39,7,65
77784,66.47,7,65
77897,67.14,7,65
78012,67.25,7,65
78127,66.91,7,65
78240,68.08,7,65
78355,68.44,7,65
78470,68.62,7,65
78584,68.36,7,65
78700,66.75,7,65
78814,67.16,7,65
78928,66.82,7,65
79042,66.73,7,65
79157,66.62,7,65
79270,66.37,7,65
79385,66.06,7,65
79499,65.66,7,65
79612,65.63,7,65
79726,65.28,7,65
79840,65.19,7,65
79953,65.37,7,65
80067,65.46,7,65
80180,65.46,7,65
80293,65.46,7,65
80407,65.23,7,65
80521,65.28,7,65
80634,65.17,7,65
80748,64.81,7,65
80862,64.65,7,65
80974,64.63,7,65
81088,64.23,7,65
81202,64.23,7,65
81314,64.21,7,65
81427,64.23,7,65
81541,64.21,7,65
81653,64.2,7,65
81767,64.11,7,65
81880,63.99,7,65
81993,63.67,7,65
82106,63.66,7,65
82219,63.53,7,65
82331,63.52,7,65
82445,63.51,7,65
82557,63.52,7,65
82670,63.51,7,65
82783,63.51,7,65
82895,63.52,7,65
83008,63.27,7,65
83122,63.36,7,65
83234,63.51,7,65
83347,63.5,7,65
83460,63.36,7,65
83572,63.37,7,65
83685,63.38,7,65
83799,63.44,7,65
83911,63.43,7,65
84024,63.24,7,65
84136,63.24,7,65
84249,63.2,7,65
84362,63.17,7,65
84474,63.07,7,65
84587,63.19,7,65
84700,62.93,7,65
84812,62.95,7,65
84925,62.94,7,65
85038,62.94,7,65
85150,62.93,7,65
85263,63.17,7,65
85376,62.9,7,65
85488,62.82,7,65
85601,62.81,7,65
85713,62.81,7,65
85826,62.82,7,65
85939,62.84,7,65
86051,62.67,7,65
86164,62.67,7,65
86276,62.67,7,65
86388,62.67,7,65
86501,62.65,7,65
86614,62.61,7,65
86726,62.52,7,65
86839,62.52,7,65
86950,62.54,7,65
87063,62.53,7,65
87176,62.45,7,65
87288,62.39,7,65
87401,62.37,7,65
87513,62.38,7,65
87625,62.38,7,65
87738,62.47,7,65
87849,62.52,7,65
87962,62.54,7,65
88075,62.52,7,65
88187,62.53,7,65
88300,62.54,7,65
88412,62.61,7,65
88524,62.67,7,65
88637,62.76,7,65
88750,62.94,7,65
88862,62.68,7,65
88975,62.79,7,65
89088,62.82,7,65
89200,63.12,7,65
89313,62.81,7,65
89425,62.8,7,65
89537,62.82,7,65
89650,62.8,7,65
89762,62.8,7,65
89875,62.82,7,65
89988,62.82,7,65
90100,62.82,7,65
90213,62.82,7,65
90326,62.82,7,65
90438,62.81,7,65
90551,62.83,7,65
90663,62.73,7,65
90775,62.73,7,65
90888,62.67,7,65
91000,62.68,7,65
91113,62.68,7,65
91226,62.81,7,65
91338,62.82,7,65
91451,62.82,7,65
91564,62.8,7,65
91675,62.82,7,65
91788,62.81,7,65
91900,62.79,7,65
92013,62.67,7,65
92126,62.68,7,65
92238,62.7,7,65
92351,62.66,7,65
92464,62.64,7,65
92575,62.56,7,65
92688,62.79,7,65
92801,62.82,7,65
92913,62.82,7,65
93026,62.8,7,65
93138,62.81,7,65
93251,62.81,7,65
93364,62.67,7,65
93475,62.67,7,65
93588,62.67,7,65
93701,62.67,7,65
93813,62.98,7,65
93926,62.82,7,65
94039,62.84,7,65
94151,62.79,7,65
94264,62.65,7,65
94376,62.67,7,65
94488,62.67,7,65
94601,62.79,7,65
94713,62.83,7,65
94826,62.76,7,65
94939,62.8,7,65
95051,62.78,7,65
95164,62.67,7,65
95277,62.67,7,65
95388,62.67,7,65
95501,62.67,7,65
95613,62.66,7,65
95726,62.67,7,65
95839,62.67,7,65
95951,62.67,7,65
96064,62.67,7,65
96176,62.65,7,65
96288,62.56,7,65
96401,62.54,7,65
96514,62.51,7,65
96626,62.56,7,65
96739,62.76,7,65
96850,62.67,7,65
96963,62.67,7,65
97076,62.68,7,65
97188,62.79,7,65
97301,62.81,7,65
97414,62.81,7,65
97526,62.81,7,65
97639,62.81,7,65
97751,62.82,7,65
97863,62.79,7,65
97976,62.8,7,65
98088,62.83,7,65
98201,62.82,7,65
98314,62.82,7,65
98426,62.7,7,65
98539,62.68,7,65
98652,62.7,7,65
98763,62.67,7,65
98876,62.67,7,65
98989,62.7,7,65
99101,62.47,7,65
99214,62.55,7,65
99326,62.79,7,65
99438,62.73,7,65
99551,62.65,7,65
99663,62.79,7,65
99776,62.65,7,65
99889,62.71,7,65
100001,62.82,7,65
100114,62.82,7,65
100227,62.73,7,65
100339,62.67,7,65
100452,62.67,7,65
100563,62.67,7,65
100676,62.67,7,65
100789,62.68,7,65
100901,62.65,7,65
101014,62.67,7,65
101127,62.67,7,65
101239,62.81,7,65
101352,62.79,7,65
101465,62.82,7,65
101577,62.81,7,65
101690,62.82,7,65
101803,62.99,7,65
101915,62.96,7,65
102028,62.95,7,65
102140,62.9,7,65
102253,62.82,7,65
102366,62.65,7,65
102478,62.68,7,65
102590,62.67,7,65
102703,62.81,7,65
102815,62.77,7,65
102928,62.7,7,65
103041,62.71,7,65
103153,62.76,7,65
103266,62.73,7,65
103378,62.73,7,65
103491,62.8,7,65
103604,62.81,7,65
103716,62.55,7,65
103829,62.7,7,65
103942,62.82,7,65
104053,62.48,7,65
104166,62.42,7,65
104279,62.65,7,65
104391,62.8,7,65
104504,62.82,7,65
104616,62.81,7,65
104729,63.07,7,65
104842,62.98,7,65
104954,62.56,7,65
105067,62.52,7,65
105180,62.67,7,65
105292,62.58,7,65
105404,62.55,7,65
105517,62.67,7,65
105629,62.67,7,65
105742,62.67,7,65
105854,62.65,7,65
105967,62.56,7,65
106080,62.79,7,65
106192,62.62,7,65
106305,62.67,7,65
106417,62.65,7,65
106529,62.67,7,65
106642,62.67,7,65
106755,62.74,7,65
106867,62.6,7,65
106980,62.52,7,65
107092,62.52,7,65
107205,62.4,7,65
107317,62.38,7,65
107429,62.38,7,65
107542,62.38,7,65
107655,62.37,7,65
107767,62.41,7,65
107879,62.41,7,65
107992,62.38,7,65
108104,62.56,7,65
108217,62.5,7,65
108329,62.53,7,65
108441,62.53,7,65
108554,62.52,7,65
108666,62.8,7,65
108779,62.8,7,65
108892,62.67,7,65
109004,62.72,7,65
109117,62.76,7,65
109230,62.67,7,65
109342,62.64,7,65
109454,62.87,7,65
109566,62.96,7,65
109679,62.95,7,65
109792,63.24,7,65
109905,63.1,7,65
110018,63.08,7,65
110131,63.09,7,65
110243,63.08,7,65
110356,63.1,7,65
110469,62.96,7,65
110581,62.84,7,65
110694,62.71,7,65
110807,62.48,7,65
110919,62.74,7,65
111032,62.8,7,65
111143,62.64,7,65
111256,62.76,7,65
111369,62.68,7,65
111481,62.67,7,65
111594,62.67,7,65
111707,62.67,7,65
111819,62.67,7,65
111932,62.68,7,65
112045,62.67,7,65
112157,62.44,7,65
112269,62.65,7,65
112381,62.62,7,65
112494,62.81,7,65
112607,62.73,7,65
112719,62.57,7,65
112832,62.65,7,65
112945,62.68,7,65
113057,62.71,7,65
113170,62.8,7,65
113283,62.82,7,65
113395,62.47,7,65
113507,62.7,7,65
113619,62.48,7,65
113732,62.58,7,65
113845,62.72,7,65
113957,62.67,7,65
114070,62.68,7,65
114183,62.82,7,65
114295,62.49,7,65
114408,62.81,7,65
114521,63.02,7,65
114633,62.93,7,65
114746,62.81,7,65
114859,62.81,7,65
114971,62.81,7,65
115084,62.9,7,65
115196,62.96,7,65
115309,63.15,7,65
115422,63.1,7,65
115534,63.11,7,65
115647,63.11,7,65
115760,63.37,7,65
115872,63.13,7,65
115985,63.36,7,65
116098,63.08,7,65
116210,63.1,7,65
116323,63.09,7,65
116436,63.1,7,65
116549,63.1,7,65
116662,63.11,7,65
116774,63.33,7,65
116887,63.03,7,65
117000,62.96,7,65
117112,62.96,7,65
117225,62.96,7,65
117338,62.95,7,65
117450,62.78,7,65
117563,62.79,7,65
117676,62.79,7,65
117788,62.81,7,65
117901,62.82,7,65
118013,62.83,7,65
118126,62.73,7,65
118239,62.38,7,65
118350,62.79,7,65
118463,62.71,7,65
118576,62.76,7,65
118688,62.96,7,65
118801,62.93,7,65
118914,62.94,7,65
119026,62.89,7,65
119139,62.74,7,65
119251,62.84,7,65
119364,63.02,7,65
119477,62.91,7,65
119589,62.91,7,65
119702,62.81,7,65
119815,62.88,7,65
119927,62.97,7,65
120040,62.81,7,65
120153,62.7,7,65
120265,62.81,7,65
120378,62.95,7,65
120491,62.74,7,65
120603,62.65,7,65
120716,62.72,7,65
120828,62.7,7,65
120941,62.8,7,65
121054,62.65,7,65
121166,62.55,7,65
121278,62.73,7,65
121391,62.56,7,65
121503,62.55,7,65
121616,62.73,7,65
121729,62.82,7,65
121841,62.82,7,65
121954,62.82,7,65
122066,62.82,7,65
122179,62.79,7,65
122292,62.7,7,65
122404,62.85,7,65
122517,63.13,7,65
122630,63.27,7,65
122742,63.38,7,65
122855,63.36,7,65
122968,63.37,7,65
123080,63.36,7,65
123194,63.17,7,65
123307,63.53,7,65
123419,63.47,7,65
123532,63.32,7,65
123644,63.37,7,65
123757,63.56,7,65
123871,63.53,7,65
123983,63.53,7,65
124096,63.49,7,65
124209,63.5,7,65
124322,63.49,7,65
124435,63.52,7,65
124548,63.62,7,65
124660,63.47,7,65
124774,63.67,7,65
124887,63.67,7,65
124999,63.39,7,65
125112,63.64,7,65
125225,63.67,7,65
125338,63.67,7,65
125451,63.67,7,65
125563,63.88,7,65
125677,63.78,7,65
125790,63.76,7,65
125902,63.76,7,65
126016,63.69,7,65
126129,63.65,7,65
126241,63.66,7,65
126355,63.73,7,65
126468,63.67,7,65
126580,63.68,7,65
126694,63.51,7,65
126807,63.67,7,65
126919,63.66,7,65
127032,63.7,7,65
127145,64.1,7,65
127258,63.81,7,65
127372,63.79,7,65
127484,63.67,7,65
127597,63.66,7,65
127711,63.66,7,65
127823,63.81,7,65
127936,63.57,7,65
128049,63.39,7,65
128162,63.38,7,65
128275,63.53,7,65
128388,63.63,7,65
128500,63.39,7,65
128614,63.56,7,65
128727,63.53,7,65
128839,63.77,7,65
128952,63.56,7,65
129065,63.33,7,65
129178,63.38,7,65
129291,63.38,7,65
129403,63.36,7,65
129516,63.36,7,65
129629,63.38,7,65
129742,63.38,7,65
129855,63.38,7,65
129968,63.37,7,65
130080,63.36,7,65
130193,63.36,7,65
130306,63.7,7,65
130419,63.41,7,65
130532,63.38,7,65
130644,63.29,7,65
130757,63.23,7,65
130870,63.25,7,65
130983,63.23,7,65
131096,63.16,7,65
131209,63.24,7,65
131321,63.48,7,65
131434,63.68,7,65
131547,63.76,7,65
131660,63.59,7,65
131773,63.34,7,65
131886,63.57,7,65
131998,63.64,7,65
132112,63.65,7,65
132225,63.67,7,65
132337,63.42,7,65
132450,63.39,7,65
132563,63.39,7,65
132676,63.39,7,65
132789,63.58,7,65
132901,63.16,7,65
133014,63.36,7,65
133127,63.41,7,65
133240,63.11,7,65
133353,63.11,7,65
133466,63.1,7,65
133578,63.27,7,65
133691,63.22,7,65
133804,63.31,7,65
133916,63.23,7,65
134030,63.15,7,65
134142,63.22,7,65
134255,63.15,7,65
134368,63.24,7,65
134480,63.06,7,65
134593,63.24,7,65
134706,63.33,7,65
134818,63.1,7,65
134931,63.1,7,65
135044,63.02,7,65
135156,63.19,7,65
135270,63.2,7,65
135383,63.19,7,65
135495,63.09,7,65
135608,62.96,7,65
135720,62.96,7,65
135833,62.96,7,65
135946,63.16,7,65
136058,63.35,7,65
136171,63.78,7,65
136285,63.8,7,65
136397,63.55,7,65
136510,63.54,7,65
136623,63.39,7,65
136736,63.4,7,65
136849,63.24,7,65
136962,63.07,7,65
137074,63.25,7,65
137187,63.32,7,65
137299,63.28,7,65
137412,63.36,7,65
137526,63.24,7,65
137638,63.24,7,65
137751,63.08,7,65
137864,62.96,7,65
137976,63.04,7,65
138089,62.99,7,65
138202,63.05,7,65
138314,62.96,7,65
138427,62.96,7,65
138540,62.98,7,65
138652,62.94,7,65
138765,62.94,7,65
138877,62.95,7,65
138990,63.05,7,65
139103,63.06,7,65
139215,62.94,7,65
139328,63.1,7,65
139441,63.1,7,65
139553,63.13,7,65
139666,63.07,7,65
139780,62.83,7,65
139892,62.79,7,65
140005,62.73,7,65
140116,62.79,7,65
140229,62.82,7,65
140342,62.82,7,65
140454,62.81,7,65
140567,62.85,7,65
140680,62.93,7,65
140792,62.94,7,65
140905,62.95,7,65
141018,62.86,7,65
141130,62.8,7,65
141243,62.7,7,65
141356,62.68,7,65
141468,62.67,7,65
141581,62.81,7,65
141693,62.82,7,65
141806,62.81,7,65
141919,62.81,7,65
142031,62.81,7,65
142144,62.81,7,65
142257,62.8,7,65
142368,62.82,7,65
142481,62.81,7,65
142594,62.81,7,65
142706,62.81,7,65
142819,62.99,7,65
142931,62.94,7,65
143044,62.95,7,65
143157,62.95,7,65
143269,62.86,7,65
143382,62.79,7,65
143495,62.81,7,65
143607,62.8,7,65
143720,62.72,7,65
143833,62.71,7,65
143945,62.82,7,65
144058,63.12,7,65
144171,63.09,7,65
144283,63.42,7,65
144396,63.5,7,65
144509,63.45,7,65
144622,63.12,7,65
144735,63.05,7,65
144847,62.96,7,65
144960,63.04,7,65
145073,62.94,7,65
145185,62.92,7,65
145298,62.73,7,65
145411,62.93,7,65
145523,63.04,7,65
145636,63.32,7,65
145748,63.13,7,65
145861,62.94,7,65
145974,62.94,7,65
146086,63.04,7,65
146199,63.07,7,65
146312,63.12,7,65
146424,63.24,7,65
146537,63.33,7,65
146651,63.24,7,65
146763,63.23,7,65
146876,63.06,7,65
146989,63.11,7,65
147101,62.95,7,65
147214,62.83,7,65
147326,62.81,7,65
147439,62.82,7,65
147552,62.55,7,65
147664,62.71,7,65
147777,62.79,7,65
147890,62.73,7,65
148002,62.76,7,65
148114,62.87,7,65
148227,62.96,7,65
148339,62.98,7,65
148452,62.82,7,65
148564,62.81,7,65
148677,62.76,7,65
148790,62.79,7,65
148902,62.78,7,65
149015,62.67,7,65
149128,62.72,7,65
149240,62.88,7,65
149353,62.68,7,65
149466,62.67,7,65
149578,62.52,7,65
149691,62.53,7,65
149803,62.67,7,65
149915,62.66,7,65
150028,62.67,7,65
150140,62.68,7,65
150253,62.67,7,65
150366,62.76,7,65
150478,62.8,7,65
150591,62.79,7,65
150704,62.98,7,65
150816,62.81,7,65
150929,62.72,7,65
151042,62.65,7,65
151153,62.53,7,65
151266,62.53,7,65
151378,62.66,7,65
151491,62.67,7,65
151604,62.64,7,65
151716,62.53,7,65
151829,62.53,7,65
151942,62.53,7,65
152053,62.52,7,65
152166,62.61,7,65
152279,62.73,7,65
152391,62.64,7,65
152504,62.52,7,65
152616,62.5,7,65
152729,62.47,7,65
152841,62.31,7,65
152953,62.34,7,65
153066,62.38,7,65
153179,62.62,7,65
153291,62.62,7,65
153403,62.67,7,65
153516,62.67,7,65
153628,62.5,7,65
153741,62.66,7,65
153853,62.81,7,65
153966,62.81,7,65
154079,62.81,7,65
154191,62.81,7,65
154304,62.82,7,65
154417,62.66,7,65
154529,62.67,7,65
154642,62.88,7,65
154755,62.88,7,65
154867,62.67,7,65
154979,62.63,7,65
155091,62.55,7,65
155204,62.68,7,65
155317,62.82,7,65
155429,62.93,7,65
155542,62.96,7,65
155655,62.96,7,65
155767,62.96,7,65
155880,62.95,7,65
155993,62.67,7,65
156105,62.78,7,65
156218,62.67,7,65
156331,62.42,7,65
156443,62.24,7,65
156555,62.67,7,65
156667,62.66,7,65
156780,62.67,7,65
156893,62.68,7,65
157005,62.68,7,65
157118,62.65,7,65
157231,62.53,7,65
157343,62.54,7,65
157455,62.54,7,65
157568,62.54,7,65
157680,62.53,7,65
157793,62.53,7,65
157905,62.52,7,65
158018,62.52,7,65
158130,62.51,7,65
158242,62.55,7,65
158355,62.52,7,65
158468,62.59,7,65
158580,62.38,7,65
158693,62.33,7,65
158804,62.26,7,65
158917,61.99,7,65
159030,62.25,7,65
159141,62.25,7,65
159254,62.23,7,65
159367,62.17,7,65
159479,62.15,7,65
159591,62.25,7,65
159704,62.24,7,65
159816,62.38,7,65
159929,62.4,7,65
160040,62.42,7,65
160153,62.68,7,65
160266,62.54,7,65
160378,62.53,7,65
160491,62.54,7,65
160604,62.54,7,65
160715,62.53,7,65
160828,62.55,7,65
160941,62.54,7,65
161053,62.54,7,65
161166,62.54,7,65
161278,62.54,7,65
161391,62.54,7,65
161503,62.73,7,65
161615,62.36,7,65
161728,62.34,7,65
161841,62.35,7,65
161953,62.26,7,65
162065,62.67,7,65
162178,62.67,7,65
162290,62.79,7,65
162403,62.83,7,65
162515,62.81,7,65
162628,62.82,7,65
162741,62.81,7,65
162853,62.82,7,65
162966,62.81,7,65
163079,62.82,7,65
163191,63.22,7,65
163304,63.06,7,65
163417,62.96,7,65
163529,62.96,7,65
163642,62.96,7,65
163755,63.05,7,65
163867,63.33,7,65
163980,63.08,7,65
164092,63.08,7,65
164205,63.08,7,65
164318,63.07,7,65
164430,63.0,7,65
164543,63.06,7,65
164656,63.12,7,65
164768,63.44,7,65
164882,63.25,7,65
164995,63.26,7,65
165107,63.24,7,65
165220,63.25,7,65
165332,63.23,7,65
165445,63.22,7,65
165558,63.6,7,65
165671,63.67,7,65
165784,63.56,7,65
165897,63.37,7,65
166009,63.39,7,65
166123,63.48,7,65
166236,63.63,7,65
166348,63.51,7,65
166461,63.52,7,65
166575,63.52,7,65
166687,63.68,7,65
166800,63.71,7,65
166913,63.82,7,65
167026,63.59,7,65
167139,63.51,7,65
167251,63.51,7,65
167364,63.52,7,65
167478,63.7,7,65
167590,63.53,7,65
167703,63.67,7,65
167817,63.67,7,65
167929,63.66,7,65
168042,63.73,7,65
168156,63.67,7,65
168268,63.83,7,65
168381,64.05,7,65
168495,63.83,7,65
168607,63.78,7,65
168720,64.06,7,65
168834,64.04,7,65
168946,64.21,7,65
169060,64.22,7,65
169172,64.21,7,65
169286,64.56,7,65
169399,64.64,7,65
169512,64.65,7,65
169626,64.64,7,65
169739,64.49,7,65
169852,64.35,7,65
169966,64.38,7,65
170079,64.88,7,65
170192,65.23,7,65
170306,65.8,7,65
170420,66.26,7,65
170533,65.73,7,65
170647,65.64,7,65
170761,65.13,7,65
170874,64.81,7,65
170988,64.38,7,65
171102,64.61,7,65
171214,64.38,7,65
171328,64.46,7,65
171442,64.33,7,65
171554,64.46,7,65
171668,64.21,7,65
171781,64.6,7,65
171894,64.75,7,65
172008,64.64,7,65
172121,64.66,7,65
172234,64.13,7,65
172348,64.09,7,65
172461,63.9,7,65
172573,63.65,7,65
172687,63.67,7,65
172800,63.65,7,65
172912,63.65,7,65
173026,63.68,7,65
173138,63.67,7,65
173251,63.64,7,65
173364,63.5,7,65
173477,63.51,7,65
173590,63.5,7,65
173703,63.53,7,65
173815,63.38,7,65
173929,63.36,7,65
174042,63.38,7,65
174154,63.37,7,65
174267,63.48,7,65
174380,63.61,7,65
174493,63.38,7,65
174606,63.61,7,65
174718,63.65,7,65
174831,63.59,7,65
174945,63.52,7,65
175057,63.34,7,65
175170,63.22,7,65
175283,63.22,7,65
175395,63.24,7,65
175508,63.24,7,65
175622,63.24,7,65
175734,63.35,7,65
175847,63.3,7,65
175960,63.22,7,65
176072,63.42,7,65
176185,63.11,7,65
176297,63.11,7,65
176411,63.09,7,65
176524,63.1,7,65
176636,63.07,7,65
176749,63.09,7,65
176862,63.09,7,65
176974,62.98,7,65
177087,62.98,7,65
177200,62.99,7,65
177312,62.96,7,65
177425,62.93,7,65
177538,62.82,7,65
177650,62.81,7,65
177763,62.9,7,65
177875,62.96,7,65
177988,62.96,7,65
178101,63.19,7,65
178213,62.95,7,65
178326,62.96,7,65
178439,62.95,7,65
178551,62.95,7,65
178664,62.95,7,65
178777,62.95,7,65
178889,63.12,7,65
179002,63.09,7,65
179115,63.09,7,65
179227,63.08,7,65
179340,63.09,7,65
179452,62.94,7,65
179565,62.58,7,65
179678,62.7,7,65
179790,62.68,7,65
179903,62.68,7,65
180016,62.71,7,65
180128,62.82,7,65
180241,62.82,7,65
180354,62.82,7,65
180466,62.85,7,65
180579,62.96,7,65
180691,63.04,7,65
180804,63.16,7,65
180917,63.1,7,65
181029,63.09,7,65
181142,63.09,7,65
181255,63.1,7,65
181367,63.1,7,65
181480,63.16,7,65
181593,63.06,7,65
181705,63.07,7,65
181818,63.1,7,65
181931,63.44,7,65
182043,63.24,7,65
182157,63.24,7,65
182269,63.23,7,65
182382,63.21,7,65
182495,63.12,7,65
182607,63.1,7,65
182720,63.19,7,65
182833,63.08,7,65
182945,63.08,7,65
183058,63.12,7,65
183171,62.99,7,65
183283,63.16,7,65
183397,63.25,7,65
183510,62.96,7,65
183622,62.96,7,65
183735,62.96,7,65
183847,62.93,7,65
183960,62.95,7,65
184073,62.88,7,65
184185,62.77,7,65
184298,62.65,7,65
184411,62.81,7,65
184523,62.82,7,65
184636,63.06,7,65
184749,63.1,7,65
184861,63.3,7,65
184974,63.24,7,65
185086,63.24,7,65
185199,63.25,7,65
185312,63.54,7,65
185424,63.42,7,65
185538,63.16,7,65
185651,63.01,7,65
185763,62.95,7,65
185876,63.04,7,65
185989,63.24,7,65
186101,63.37,7,65
186214,63.8,7,65
186327,63.89,7,65
186440,63.64,7,65
186553,63.39,7,65
186665,63.24,7,65
186778,63.24,7,65
186892,63.32,7,65
187004,63.7,7,65
187117,63.93,7,65
187230,63.97,7,65
187343,63.66,7,65
187456,63.64,7,65
187569,63.98,7,65
187682,63.52,7,65
187795,63.51,7,65
187908,63.73,7,65
188021,63.39,7,65
188134,63.47,7,65
188247,63.24,7,65
188359,63.3,7,65
188472,63.25,7,65
188584,63.1,7,65
188697,63.1,7,65
188811,63.08,7,65
188923,63.27,7,65
189036,63.22,7,65
189149,63.24,7,65
189261,63.25,7,65
189374,63.62,7,65
189487,63.54,7,65
189600,63.4,7,65
189713,63.67,7,65
189826,63.61,7,65
189938,63.73,7,65
190052,63.51,7,65
190164,63.51,7,65
190277,63.67,7,65
190391,63.81,7,65
190503,63.46,7,65
190616,63.37,7,65
190729,63.38,7,65
190841,63.5,7,65
190955,63.95,7,65
191068,63.93,7,65
191181,63.93,7,65
191294,63.85,7,65
191407,63.92,7,65
191520,63.95,7,65
191633,63.78,7,65
191746,63.72,7,65
191859,63.62,7,65
191972,63.78,7,65
192084,63.67,7,65
192198,63.67,7,65
192311,63.64,7,65
192423,63.65,7,65
192537,63.67,7,65
192650,63.67,7,65
192762,63.65,7,65
192875,63.67,7,65
192989,63.66,7,65
193101,63.98,7,65
193214,64.09,7,65
193328,64.13,7,65
193440,64.15,7,65
193554,64.04,7,65
193667,63.65,7,65
193780,63.66,7,65
193893,63.66,7,65
194006,63.65,7,65
194118,63.65,7,65
194232,63.66,7,65
194344,63.73,7,65
194457,63.91,7,65
194571,64.08,7,65
194683,64.06,7,65
194797,63.67,7,65
194910,64.06,7,65
195022,64.15,7,65
195136,64.21,7,65
195249,64.23,7,65
195362,64.2,7,65
195475,64.14,7,65
195589,64.21,7,65
195701,64.06,7,65
195815,64.04,7,65
195928,64.2,7,65
196041,64.21,7,65
196154,64.12,7,65
196268,64.21,7,65
196380,64.21,7,65
196494,64.21,7,65
196606,64.61,7,65
196720,64.55,7,65
196834,64.44,7,65
196946,64.32,7,65
197060,64.53,7,65
197173,64.69,7,65
197286,64.67,7,65
197400,64.38,7,65
197513,64.23,7,65
197626,64.58,7,65
197740,64.34,7,65
197853,64.36,7,65
197966,64.35,7,65
198079,64.37,7,65
198193,64.63,7,65
198306,64.25,7,65
198419,64.2,7,65
198533,64.23,7,65
198645,60.68,7,65
198757,57.12,7,65
198867,64.95,7,65
198981,65.22,7,65
199095,65.82,7,65
199208,66.03,7,65
199322,66.02,7,65
199436,66.37,7,65
199550,66.03,7,65
199664,65.21,7,65
199778,64.69,7,65
199891,64.78,7,65
200004,64.66,7,65
200118,64.47,7,65
200231,64.58,7,65
200344,64.78,7,65
200458,65.13,7,65
200571,65.19,7,65
200685,65.2,7,65
200799,64.8,7,65
200912,64.78,7,65
201025,64.6,7,65
201139,64.78,7,65
201252,64.78,7,65
201365,64.8,7,65
201479,64.46,7,65
201592,64.58,7,65
201705,64.24,7,65
201819,63.81,7,65
201931,64.06,7,65
202045,64.38,7,65
202158,64.37,7,65
202271,64.35,7,65
202384,64.37,7,65
202498,64.61,7,65
202611,64.38,7,65
202724,64.04,7,65
202838,64.12,7,65
202950,64.06,7,65
203064,63.66,7,65
203176,63.64,7,65
203289,63.86,7,65
203403,63.88,7,65
203515,63.69,7,65
203628,63.94,7,65
203742,63.52,7,65
203854,63.52,7,65
203967,63.64,7,65
204080,63.38,7,65
204193,63.37,7,65
204306,63.39,7,65
204419,63.36,7,65
204531,63.7,7,65
204645,63.25,7,65
204758,63.24,7,65
204870,63.23,7,65
204983,63.24,7,65
205095,63.2,7,65
205208,63.1,7,65
205321,63.19,7,65
205433,63.22,7,65
205546,63.09,7,65
205660,63.09,7,65
205772,63.08,7,65
205885,63.09,7,65
205998,63.15,7,65
206110,63.01,7,65
206223,62.81,7,65
206336,62.81,7,65
206448,62.67,7,65
206561,62.67,7,65
206673,62.54,7,65
206785,62.53,7,65
206898,62.58,7,65
207010,62.67,7,65
207123,62.67,7,65
207236,62.67,7,65
207348,62.67,7,65
207461,62.67,7,65
207574,62.53,7,65
207685,62.53,7,65
207798,62.53,7,65
207910,62.58,7,65
208023,62.66,7,65
208136,62.66,7,65
208248,62.73,7,65
208361,62.52,7,65
208473,62.53,7,65
208585,62.55,7,65
208698,62.52,7,65
208811,62.54,7,65
208923,62.72,7,65
209036,62.53,7,65
209148,62.22,7,65
209260,62.3,7,65
209373,62.24,7,65
209485,62.26,7,65
209598,62.4,7,65
209710,62.53,7,65
209822,62.81,7,65
209935,62.71,7,65
210048,62.53,7,65
210160,62.53,7,65
210273,62.67,7,65
210385,62.67,7,65
210498,62.67,7,65
210610,62.66,7,65
210722,62.53,7,65
210835,62.53,7,65
210948,62.53,7,65
211060,62.52,7,65
211173,62.53,7,65
211286,62.53,7,65
211397,62.44,7,65
211510,62.38,7,65
211622,62.39,7,65
211735,62.38,7,65
211848,62.3,7,65
211959,62.41,7,65
212072,62.39,7,65
212185,62.38,7,65
212297,62.4,7,65
212410,62.37,7,65
212521,62.41,7,65
212634,62.39,7,65
212747,62.28,7,65
212859,62.43,7,65
212971,62.4,7,65
213084,62.39,7,65
213196,62.59,7,65
213309,62.52,7,65
213422,62.53,7,65
213534,62.53,7,65
213646,62.54,7,65
213758,62.56,7,65
213871,62.53,7,65
213984,62.53,7,65
214096,62.68,7,65
214209,62.67,7,65
214322,62.67,7,65
214434,62.67,7,65
214546,62.67,7,65
214659,62.64,7,65
214771,62.65,7,65
214884,62.67,7,65
214996,62.67,7,65
215109,62.68,7,65
215222,62.81,7,65
215334,62.82,7,65
215447,62.95,7,65
215560,62.93,7,65
215672,63.08,7,65
215785,63.1,7,65
215898,63.1,7,65
216010,63.12,7,65
216123,63.28,7,65
216236,63.22,7,65
216348,63.25,7,65
216461,63.24,7,65
216574,63.24,7,65
216687,63.22,7,65
216800,63.25,7,65
216912,63.24,7,65
217025,63.24,7,65
217138,63.22,7,65
217250,63.32,7,65
217363,63.44,7,65
217477,63.38,7,65
217589,63.37,7,65
217702,63.7,7,65
217815,63.58,7,65
217928,63.53,7,65
218041,63.53,7,65
218153,63.5,7,65
218266,63.72,7,65
218380,63.84,7,65
218492,63.65,7,65
218605,63.65,7,65
218719,63.66,7,65
218831,63.66,7,65
218944,63.99,7,65
219058,64.1,7,65
219170,64.13,7,65
219283,64.1,7,65
219397,64.08,7,65
219509,64.0,7,65
219623,64.09,7,65
219736,64.08,7,65
219849,64.09,7,65
219962,64.05,7,65
220075,64.1,7,65
220188,64.07,7,65
220301,64.06,7,65
220414,63.92,7,65
220527,64.06,7,65
220641,63.92,7,65
220753,63.65,7,65
220866,63.65,7,65
220980,63.67,7,65
221092,63.67,7,65
221205,63.64,7,65
221318,63.67,7,65
221431,63.67,7,65
221544,63.65,7,65
221657,63.65,7,65
221770,63.66,7,65
221883,63.67,7,65
221996,63.64,7,65
222108,63.65,7,65
222222,63.66,7,65
222334,63.65,7,65
222447,63.66,7,65
222561,63.66,7,65
222673,63.78,7,65
222786,63.94,7,65
222900,63.85,7,65
0,78.54,7,70
100,69.91,7,70
215,69.18,7,70
330,69.1,7,70
445,69.09,7,70
560,69.73,7,70
675,70.19,7,70
791,69.71,7,70
906,68.8,7,70
1020,68.31,7,70
1136,68.0,7,70
1250,67.89,7,70
1364,67.88,7,70
1479,67.89,7,70
1594,68.03,7,70
1709,68.53,7,70
1823,68.57,7,70
1938,68.58,7,70
2053,68.65,7,70
2168,68.65,7,70
2283,68.64,7,70
2398,68.63,7,70
2512,68.63,7,70
2627,68.64,7,70
2743,68.73,7,70
2857,69.09,7,70
2972,69.09,7,70
3088,69.63,7,70
3203,70.0,7,70
3318,69.91,7,70
3433,69.75,7,70
3549,69.33,7,70
3664,69.57,7,70
3779,69.39,7,70
3895,69.32,7,70
4009,69.4,7,70
4124,69.54,7,70
4240,69.87,7,70
4356,69.78,7,70
4470,69.69,7,70
4586,69.64,7,70
4702,69.64,7,70
4816,69.48,7,70
4932,69.1,7,70
5047,69.1,7,70
5163,69.55,7,70
5277,69.93,7,70
5393,70.02,7,70
5508,70.3,7,70
5623,69.92,7,70
5739,69.47,7,70
5855,69.42,7,70
5969,69.31,7,70
6085,69.55,7,70
6200,69.82,7,70
6316,69.66,7,70
6430,69.57,7,70
6546,69.65,7,70
6662,70.27,7,70
6776,70.45,7,70
6892,70.38,7,70
7008,70.63,7,70
7123,70.09,7,70
7239,70.38,7,70
7355,70.14,7,70
7470,65.18,7,70
7583,66.81,7,70
7697,63.94,7,70
7811,75.83,7,70
7928,77.37,7,70
8047,64.55,7,70
8161,73.43,7,70
8278,66.17,7,70
8391,64.98,7,70
8505,71.71,7,70
8621,67.35,7,70
8734,70.83,7,70
8850,70.82,7,70
8966,70.71,7,70
9081,70.72,7,70
9197,70.28,7,70
9313,69.91,7,70
9428,69.35,7,70
9543,69.25,7,70
9658,69.19,7,70
9774,69.64,7,70
9888,70.18,7,70
10004,70.18,7,70
10120,70.45,7,70
10235,70.45,7,70
10351,70.73,7,70
10466,70.45,7,70
10580,69.92,7,70
10695,69.82,7,70
10811,69.45,7,70
10926,68.82,7,70
11041,68.74,7,70
11156,68.65,7,70
11271,69.03,7,70
11386,68.97,7,70
11501,69.1,7,70
11616,69.54,7,70
11731,69.46,7,70
11847,69.45,7,70
11962,69.54,7,70
12078,69.53,7,70
12192,69.26,7,70
12308,69.1,7,70
12423,69.17,7,70
12538,68.98,7,70
12653,69.09,7,70
12769,69.12,7,70
12883,68.97,7,70
12998,69.03,7,70
13114,69.1,7,70
13229,69.56,7,70
13344,69.45,7,70
13459,69.19,7,70
13575,69.1,7,70
13689,69.28,7,70
13805,69.73,7,70
13920,70.01,7,70
14035,70.01,7,70
14151,69.92,7,70
14267,69.82,7,70
14382,69.64,7,70
14497,69.35,7,70
14613,69.21,7,70
14728,69.54,7,70
14843,69.55,7,70
14958,69.55,7,70
15074,69.1,7,70
15188,69.08,7,70
15304,68.88,7,70
15419,69.1,7,70
15534,69.56,7,70
15649,69.55,7,70
15765,69.55,7,70
15880,69.08,7,70
15995,68.89,7,70
16110,61.44,7,70
16222,69.12,7,70
16337,69.1,7,70
16452,69.1,7,70
16568,69.29,7,70
16683,69.37,7,70
16798,69.46,7,70
16913,69.56,7,70
17029,69.55,7,70
17144,69.55,7,70
17259,69.45,7,70
17375,69.47,7,70
17489,70.15,7,70
17605,70.72,7,70
17721,70.68,7,70
17837,70.91,7,70
17952,70.63,7,70
18068,70.38,7,70
18184,70.37,7,70
18299,70.29,7,70
18415,70.46,7,70
18531,70.1,7,70
18647,69.64,7,70
18762,69.31,7,70
18877,69.58,7,70
18993,69.82,7,70
19108,69.83,7,70
19223,69.79,7,70
19339,69.78,7,70
19454,69.76,7,70
19569,69.57,7,70
19685,69.41,7,70
19801,69.71,7,70
19915,70.02,7,70
20031,70.46,7,70
20147,69.85,7,70
20262,69.4,7,70
20377,69.36,7,70
20492,69.28,7,70
20608,69.2,7,70
20722,69.02,7,70
20838,69.21,7,70
20953,69.04,7,70
21067,69.66,7,70
21182,70.01,7,70
21298,69.58,7,70
21413,69.94,7,70
21528,69.83,7,70
21644,69.74,7,70
21760,70.0,7,70
21875,70.36,7,70
21991,70.46,7,70
22106,70.39,7,70
22221,69.92,7,70
22337,69.58,7,70
22453,69.31,7,70
22567,69.64,7,70
22683,69.38,7,70
22799,69.58,7,70
22914,69.62,7,70
23029,70.18,7,70
23145,70.0,7,70
23260,69.86,7,70
23375,69.85,7,70
23491,69.59,7,70
23607,69.68,7,70
23721,69.72,7,70
23837,70.09,7,70
23953,69.81,7,70
24068,69.98,7,70
24183,69.88,7,70
24299,70.07,7,70
24415,70.01,7,70
24529,69.91,7,70
24645,69.56,7,70
24761,69.56,7,70
24876,69.66,7,70
24991,69.57,7,70
25107,69.83,7,70
25222,69.54,7,70
25337,69.55,7,70
25452,69.55,7,70
25568,69.47,7,70
25683,69.47,7,70
25798,69.57,7,70
25914,69.56,7,70
26029,69.7,7,70
26144,70.0,7,70
26260,70.16,7,70
26376,70.11,7,70
26491,70.14,7,70
26606,70.13,7,70
26722,69.66,7,70
26838,69.55,7,70
26953,69.3,7,70
27068,69.09,7,70
27184,69.12,7,70
27298,66.61,7,70
27412,69.6,7,70
27527,69.65,7,70
27642,69.65,7,70
27758,70.0,7,70
27874,70.48,7,70
27990,70.24,7,70
28104,69.99,7,70
28220,69.81,7,70
28336,69.78,7,70
28451,69.71,7,70
28566,70.0,7,70
28682,70.71,7,70
28797,70.45,7,70
28913,69.92,7,70
29029,69.95,7,70
29145,69.55,7,70
29259,69.55,7,70
29375,69.6,7,70
29490,70.07,7,70
29605,70.02,7,70
29721,69.47,7,70
29837,69.56,7,70
29952,69.56,7,70
30067,69.47,7,70
30182,69.21,7,70
30298,69.41,7,70
30412,69.5,7,70
30528,69.48,7,70
30644,69.95,7,70
30758,69.96,7,70
30874,69.69,7,70
30990,69.39,7,70
31105,69.1,7,70
31220,69.12,7,70
31335,69.21,7,70
31451,69.38,7,70
31565,69.86,7,70
31681,70.15,7,70
31797,69.76,7,70
31912,69.56,7,70
32027,69.25,7,70
32143,69.61,7,70
32258,70.0,7,70
32373,69.82,7,70
32489,69.64,7,70
32604,69.55,7,70
32719,69.1,7,70
32834,60.74,7,70
32947,68.6,7,70
33061,68.34,7,70
33176,68.36,7,70
33291,68.62,7,70
33405,68.83,7,70
33521,69.03,7,70
33636,69.11,7,70
33751,69.13,7,70
33866,69.22,7,70
33981,66.54,7,70
34095,69.26,7,70
34210,69.5,7,70
34325,69.61,7,70
34441,69.65,7,70
34556,69.79,7,70
34671,69.55,7,70
34787,69.61,7,70
34903,70.07,7,70
35017,70.05,7,70
35133,70.45,7,70
35249,70.54,7,70
35364,70.09,7,70
35480,69.86,7,70
35596,69.79,7,70
35710,69.48,7,70
35826,64.2,7,70
35939,69.4,7,70
36055,69.65,7,70
36169,69.56,7,70
36285,69.5,7,70
36401,69.59,7,70
36515,69.27,7,70
36631,69.47,7,70
36746,69.79,7,70
36861,70.07,7,70
36977,69.99,7,70
37092,69.67,7,70
37208,69.79,7,70
37323,70.28,7,70
37439,70.98,7,70
37555,70.55,7,70
37670,69.64,7,70
37786,69.46,7,70
37901,69.63,7,70
38017,69.61,7,70
38131,69.2,7,70
38247,69.18,7,70
38362,69.19,7,70
38477,69.33,7,70
38592,69.33,7,70
38708,69.1,7,70
38822,68.91,7,70
38937,68.85,7,70
39053,69.11,7,70
39168,69.49,7,70
39283,69.86,7,70
39398,70.16,7,70
39514,69.94,7,70
39629,69.58,7,70
39745,69.4,7,70
39860,69.23,7,70
39975,69.1,7,70
40090,69.1,7,70
40206,69.1,7,70
40321,69.03,7,70
40435,69.1,7,70
40551,68.95,7,70
40666,69.02,7,70
40781,69.01,7,70
40896,64.35,7,70
41009,68.75,7,70
41124,68.85,7,70
41239,68.77,7,70
41354,68.68,7,70
41468,68.92,7,70
41584,68.65,7,70
41699,68.18,7,70
41814,68.19,7,70
41928,68.36,7,70
42043,68.46,7,70
42158,68.64,7,70
42273,68.65,7,70
42388,68.65,7,70
42503,68.99,7,70
42618,58.71,7,70
42729,69.06,7,70
42845,68.85,7,70
42959,68.63,7,70
43074,68.63,7,70
43189,68.59,7,70
43304,68.5,7,70
43419,68.19,7,70
43534,68.49,7,70
43649,68.73,7,70
43763,68.65,7,70
43879,68.65,7,70
43994,69.0,7,70
44108,68.67,7,70
44223,68.73,7,70
44339,68.65,7,70
44453,68.65,7,70
44568,68.56,7,70
44684,68.58,7,70
44798,68.65,7,70
44913,68.65,7,70
45028,68.65,7,70
45143,68.67,7,70
45258,68.87,7,70
45373,68.83,7,70
45488,68.64,7,70
45603,68.64,7,70
45718,68.35,7,70
45833,68.17,7,70
45947,68.33,7,70
46062,68.57,7,70
46177,68.89,7,70
46292,69.1,7,70
46407,68.95,7,70
46522,68.64,7,70
46638,68.65,7,70
46752,68.65,7,70
46867,68.65,7,70
46982,68.64,7,70
47096,68.29,7,70
47212,68.19,7,70
47327,68.19,7,70
47441,68.19,7,70
47556,68.18,7,70
47671,68.19,7,70
47785,68.19,7,70
47900,68.18,7,70
48015,68.18,7,70
48130,68.18,7,70
48244,68.38,7,70
48359,68.14,7,70
48474,68.47,7,70
48588,68.47,7,70
48704,68.29,7,70
48819,68.08,7,70
48933,68.18,7,70
49048,68.23,7,70
49163,68.32,7,70
49277,68.21,7,70
49392,68.18,7,70
49507,68.18,7,70
49622,68.17,7,70
49736,68.25,7,70
49851,68.18,7,70
49966,68.17,7,70
50080,68.31,7,70
50195,68.03,7,70
50310,68.05,7,70
50424,68.04,7,70
50539,68.05,7,70
50654,68.07,7,70
50768,68.29,7,70
50883,68.21,7,70
50999,68.28,7,70
51113,68.64,7,70
51228,68.65,7,70
51343,68.65,7,70
51458,68.65,7,70
51573,68.63,7,70
51688,68.63,7,70
51803,68.18,7,70
51917,68.38,7,70
52032,68.26,7,70
52147,68.18,7,70
52261,68.19,7,70
52377,68.29,7,70
52492,68.64,7,70
52606,68.65,7,70
52721,68.64,7,70
52836,68.65,7,70
52952,68.74,7,70
53066,68.73,7,70
53181,68.69,7,70
53296,68.67,7,70
53411,68.64,7,70
53526,68.65,7,70
53641,68.74,7,70
53755,69.19,7,70
53871,69.2,7,70
53986,69.2,7,70
54102,68.86,7,70
54216,68.67,7,70
54331,68.65,7,70
54446,68.7,7,70
54561,68.69,7,70
54676,68.73,7,70
54791,69.1,7,70
54906,69.2,7,70
55021,68.75,7,70
55136,68.74,7,70
55251,68.76,7,70
55366,68.71,7,70
55481,68.28,7,70
55596,68.18,7,70
55711,68.17,7,70
55826,68.48,7,70
55941,68.65,7,70
56055,68.68,7,70
56170,68.98,7,70
56285,69.0,7,70
56400,68.72,7,70
56515,68.73,7,70
56630,68.7,7,70
56745,68.64,7,70
56860,68.57,7,70
56975,68.18,7,70
57090,68.18,7,70
57204,68.4,7,70
57319,68.56,7,70
57435,68.56,7,70
57549,68.55,7,70
57664,68.46,7,70
57779,68.38,7,70
57893,68.4,7,70
58008,68.47,7,70
58124,68.19,7,70
58238,68.57,7,70
58353,68.56,7,70
58468,68.61,7,70
58583,68.64,7,70
58698,68.28,7,70
58813,68.19,7,70
58928,68.27,7,70
59042,68.58,7,70
59157,68.56,7,70
59272,67.2,7,70
59385,52.71,7,70
59494,47.3,7,70
59601,68.65,7,70
59715,68.65,7,70
59830,68.62,7,70
59944,68.32,7,70
60060,68.06,7,70
60175,68.04,7,70
60290,68.04,7,70
60404,68.05,7,70
60519,68.04,7,70
60634,67.98,7,70
60748,67.9,7,70
60863,67.81,7,70
60978,67.75,7,70
61091,67.76,7,70
61204,67.97,7,70
61318,56.86,7,70
61427,62.81,7,70
61540,66.78,7,70
61655,68.27,7,70
61769,68.28,7,70
61884,68.19,7,70
61999,68.35,7,70
62113,68.48,7,70
62228,68.65,7,70
62343,68.64,7,70
62458,68.65,7,70
62573,68.64,7,70
62688,68.65,7,70
62802,68.65,7,70
62918,68.55,7,70
63033,68.64,7,70
63148,68.65,7,70
63262,68.64,7,70
63377,68.65,7,70
63493,68.65,7,70
63607,68.65,7,70
63722,68.65,7,70
63837,68.96,7,70
63952,69.03,7,70
64067,68.66,7,70
64182,68.68,7,70
64296,68.65,7,70
64411,68.66,7,70
64527,68.65,7,70
64642,68.65,7,70
64756,68.65,7,70
64871,68.77,7,70
64986,69.06,7,70
65101,69.17,7,70
65216,69.27,7,70
65332,69.58,7,70
65446,69.26,7,70
65561,68.88,7,70
65676,68.76,7,70
65790,68.82,7,70
65906,68.64,7,70
66021,68.66,7,70
66136,68.64,7,70
66250,68.74,7,70
66366,68.69,7,70
66481,69.1,7,70
66595,68.71,7,70
66710,66.11,7,70
66824,68.65,7,70
66938,68.65,7,70
67053,68.65,7,70
67168,68.62,7,70
67282,68.27,7,70
67398,68.34,7,70
67513,68.2,7,70
67628,68.18,7,70
67742,68.34,7,70
67857,68.57,7,70
67972,68.57,7,70
68086,68.56,7,70
68202,68.58,7,70
68317,68.56,7,70
68431,68.18,7,70
68546,68.18,7,70
68661,68.19,7,70
68775,68.19,7,70
68890,68.19,7,70
69005,68.26,7,70
69120,68.46,7,70
69234,68.65,7,70
69350,68.65,7,70
69465,68.65,7,70
69579,68.64,7,70
69694,68.64,7,70
69809,68.83,7,70
69924,68.65,7,70
70039,68.64,7,70
70154,68.65,7,70
70268,68.69,7,70
70384,68.64,7,70
70499,68.65,7,70
70614,68.74,7,70
70729,68.73,7,70
70844,68.65,7,70
70959,68.64,7,70
71073,68.62,7,70
71188,68.64,7,70
71304,68.65,7,70
71418,68.65,7,70
71533,68.65,7,70
71648,68.52,7,70
71763,68.65,7,70
71878,68.67,7,70
71993,68.65,7,70
72108,68.66,7,70
72222,68.66,7,70
72338,68.64,7,70
72453,68.59,7,70
72567,68.51,7,70
72682,68.45,7,70
72797,68.43,7,70
72912,68.65,7,70
73027,68.7,7,70
73141,68.72,7,70
73255,69.03,7,70
73370,68.69,7,70
73485,68.61,7,70
73600,68.56,7,70
73714,68.6,7,70
73830,68.65,7,70
73945,68.65,7,70
74059,68.65,7,70
74174,68.65,7,70
74289,68.64,7,70
74404,68.64,7,70
74519,68.62,7,70
74634,68.65,7,70
74748,69.02,7,70
74864,68.85,7,70
74979,68.83,7,70
75095,69.03,7,70
75209,69.1,7,70
75324,68.76,7,70
75440,68.66,7,70
75554,68.65,7,70
75669,68.65,7,70
75784,68.66,7,70
75899,68.64,7,70
76014,68.64,7,70
76129,68.64,7,70
76243,68.63,7,70
76358,68.34,7,70
76474,68.28,7,70
76589,68.64,7,70
76703,68.64,7,70
76818,68.64,7,70
76933,68.75,7,70
77048,68.65,7,70
77163,68.64,7,70
77278,68.64,7,70
77392,68.33,7,70
77507,68.25,7,70
77622,68.39,7,70
77736,68.28,7,70
77851,68.03,7,70
77966,68.35,7,70
78081,68.34,7,70
78195,68.34,7,70
78310,68.5,7,70
78425,68.37,7,70
78539,68.48,7,70
78654,68.46,7,70
78770,68.37,7,70
78884,68.51,7,70
78999,68.4,7,70
79114,68.19,7,70
79228,68.2,7,70
79343,68.26,7,70
79458,68.55,7,70
79572,68.55,7,70
79688,68.56,7,70
79803,68.56,7,70
79918,68.42,7,70
80032,68.26,7,70
80147,68.26,7,70
80262,68.48,7,70
80376,68.5,7,70
80492,68.59,7,70
80607,68.58,7,70
80721,68.5,7,70
80836,68.65,7,70
80951,68.91,7,70
81067,68.88,7,70
81181,68.73,7,70
81296,68.73,7,70
81411,68.65,7,70
81525,68.62,7,70
81640,68.64,7,70
81756,68.64,7,70
81870,68.69,7,70
81985,68.73,7,70
82100,68.72,7,70
82215,68.64,7,70
82330,68.64,7,70
82445,68.86,7,70
82561,69.07,7,70
82675,69.12,7,70
82790,69.03,7,70
82906,68.83,7,70
83020,68.69,7,70
83135,68.66,7,70
83251,68.65,7,70
83365,68.65,7,70
83480,68.65,7,70
83595,68.66,7,70
83710,68.67,7,70
83825,68.67,7,70
83940,68.67,7,70
84055,68.81,7,70
84170,68.96,7,70
84285,68.65,7,70
84400,68.5,7,70
84515,68.62,7,70
84630,68.51,7,70
84745,68.48,7,70
84859,68.64,7,70
84974,68.67,7,70
85090,68.65,7,70
85204,68.65,7,70
85319,68.62,7,70
85434,68.64,7,70
85550,68.83,7,70
85664,68.65,7,70
85779,68.65,7,70
85894,68.66,7,70
86009,68.65,7,70
86124,68.65,7,70
86239,68.64,7,70
86353,68.66,7,70
86468,68.66,7,70
86584,68.65,7,70
86699,68.58,7,70
86813,68.63,7,70
86928,68.66,7,70
87044,68.64,7,70
87158,68.64,7,70
87273,68.64,7,70
87388,68.64,7,70
87502,68.66,7,70
87618,68.63,7,70
87733,68.64,7,70
87847,68.64,7,70
87962,68.64,7,70
88078,68.64,7,70
88193,68.48,7,70
88307,68.47,7,70
88422,68.18,7,70
88537,68.18,7,70
88651,68.5,7,70
88766,68.56,7,70
88882,68.64,7,70
88996,68.65,7,70
89111,68.65,7,70
89226,68.63,7,70
89341,68.49,7,70
89456,68.48,7,70
89571,68.53,7,70
89686,68.63,7,70
89800,68.52,7,70
89916,68.64,7,70
90031,68.56,7,70
90145,68.33,7,70
90260,68.18,7,70
90375,68.24,7,70
90489,68.17,7,70
90604,68.17,7,70
90718,68.18,7,70
90832,68.33,7,70
90946,68.47,7,70
91061,68.58,7,70
91176,68.6,7,70
91291,68.49,7,70
91406,68.55,7,70
91521,68.5,7,70
91635,68.64,7,70
91751,68.65,7,70
91866,68.64,7,70
91980,68.65,7,70
92095,68.4,7,70
92210,68.35,7,70
92325,68.2,7,70
92440,68.28,7,70
92555,68.34,7,70
92669,68.4,7,70
92783,68.35,7,70
92898,68.27,7,70
93014,68.25,7,70
93128,68.35,7,70
93243,68.36,7,70
93358,68.4,7,70
93472,68.49,7,70
93587,68.52,7,70
93702,68.25,7,70
93816,68.33,7,70
93932,68.48,7,70
94047,68.04,7,70
94161,68.04,7,70
94276,68.12,7,70
94391,68.14,7,70
94505,68.32,7,70
94620,68.24,7,70
94735,68.21,7,70
94850,68.38,7,70
94964,68.46,7,70
95079,68.46,7,70
95194,68.17,7,70
95308,68.37,7,70
95424,68.04,7,70
95539,67.96,7,70
95653,67.89,7,70
95768,68.27,7,70
95883,68.04,7,70
95997,68.06,7,70
96112,68.03,7,70
96227,68.14,7,70
96342,68.51,7,70
96456,68.17,7,70
96571,68.43,7,70
96686,68.18,7,70
96800,68.25,7,70
96915,68.22,7,70
97030,68.05,7,70
97144,68.41,7,70
97259,68.2,7,70
97374,68.19,7,70
97489,68.47,7,70
97604,68.07,7,70
97719,68.05,7,70
97833,68.04,7,70
97948,68.42,7,70
98063,68.19,7,70
98178,68.2,7,70
98292,68.18,7,70
98407,68.18,7,70
98522,68.18,7,70
98636,68.18,7,70
98751,68.18,7,70
98866,68.17,7,70
98980,68.17,7,70
99095,68.2,7,70
99210,68.25,7,70
99324,68.04,7,70
99439,68.05,7,70
99554,68.05,7,70
99668,68.05,7,70
99783,68.05,7,70
99898,68.26,7,70
100013,68.47,7,70
100128,68.48,7,70
100243,68.16,7,70
100358,68.07,7,70
100472,68.05,7,70
100587,68.05,7,70
100702,68.05,7,70
100816,68.3,7,70
100931,68.04,7,70
101046,68.24,7,70
101160,68.47,7,70
101276,68.53,7,70
101391,68.47,7,70
101506,68.47,7,70
101620,68.43,7,70
101736,68.33,7,70
101851,68.47,7,70
101965,68.36,7,70
102080,68.27,7,70
102195,68.18,7,70
102309,68.43,7,70
102424,68.21,7,70
102539,68.4,7,70
102653,68.25,7,70
102768,68.4,7,70
102884,68.5,7,70
102999,68.36,7,70
103113,68.49,7,70
103228,68.62,7,70
103343,68.5,7,70
103457,68.34,7,70
103572,68.19,7,70
103687,68.41,7,70
103801,68.39,7,70
103917,68.48,7,70
104032,68.49,7,70
104146,68.48,7,70
104261,68.51,7,70
104376,68.35,7,70
104492,68.51,7,70
104606,68.51,7,70
104721,68.49,7,70
104836,68.18,7,70
104950,68.28,7,70
105065,68.5,7,70
105181,68.2,7,70
105295,68.34,7,70
105410,68.43,7,70
105525,68.48,7,70
105639,68.6,7,70
105755,68.58,7,70
105870,68.28,7,70
105985,68.41,7,70
106099,68.33,7,70
106214,68.36,7,70
106330,68.34,7,70
106444,68.4,7,70
106559,68.33,7,70
106674,68.27,7,70
106788,67.76,7,70
106903,68.12,7,70
107018,68.42,7,70
107132,68.19,7,70
107247,68.1,7,70
107362,68.05,7,70
107476,68.05,7,70
107591,68.1,7,70
107706,68.03,7,70
107821,68.04,7,70
107935,68.29,7,70
108050,68.18,7,70
108165,68.17,7,70
108279,68.17,7,70
108395,68.19,7,70
108510,68.4,7,70
108624,66.06,7,70
108738,63.14,7,70
108851,58.6,7,70
108961,63.14,7,70
109074,65.96,7,70
109188,68.52,7,70
109302,68.51,7,70
109417,68.33,7,70
109533,66.12,7,70
109645,68.39,7,70
109761,68.05,7,70
109876,68.22,7,70
109990,68.04,7,70
110105,68.05,7,70
110220,68.05,7,70
110334,68.06,7,70
110449,68.49,7,70
110564,68.57,7,70
110679,68.41,7,70
110794,68.34,7,70
110909,68.19,7,70
111024,68.18,7,70
111137,68.48,7,70
111252,65.87,7,70
111366,68.33,7,70
111480,68.48,7,70
111595,68.48,7,70
111710,68.04,7,70
111824,68.03,7,70
111939,68.03,7,70
112054,68.03,7,70
112168,68.04,7,70
112283,68.48,7,70
112398,68.47,7,70
112514,68.47,7,70
112627,68.47,7,70
112742,68.37,7,70
112858,68.46,7,70
112972,68.23,7,70
113087,68.29,7,70
113202,68.06,7,70
113316,68.04,7,70
113431,68.04,7,70
113546,68.03,7,70
113660,68.04,7,70
113775,68.04,7,70
113890,68.05,7,70
114004,68.05,7,70
114119,68.05,7,70
114234,68.05,7,70
114349,68.04,7,70
114463,68.05,7,70
114578,68.05,7,70
114693,68.04,7,70
114807,68.03,7,70
114922,68.04,7,70
115037,68.05,7,70
115152,68.05,7,70
115267,68.05,7,70
115382,68.03,7,70
115496,68.03,7,70
115611,68.04,7,70
115726,68.04,7,70
115841,68.03,7,70
115955,68.06,7,70
116070,68.47,7,70
116185,68.46,7,70
116299,68.47,7,70
116414,68.03,7,70
116529,67.99,7,70
116643,68.04,7,70
116758,67.62,7,70
116872,67.28,7,70
116986,68.21,7,70
117101,68.24,7,70
117216,68.06,7,70
117330,68.04,7,70
117445,68.04,7,70
117560,68.05,7,70
117675,68.05,7,70
117789,68.05,7,70
117904,63.48,7,70
118017,68.05,7,70
118131,68.03,7,70
118246,68.17,7,70
118361,67.73,7,70
118475,67.9,7,70
118590,68.18,7,70
118705,67.9,7,70
118819,67.9,7,70
118934,67.95,7,70
119049,67.9,7,70
119163,67.9,7,70
119278,67.9,7,70
119393,67.9,7,70
119507,67.9,7,70
119622,67.9,7,70
119737,67.91,7,70
119852,67.9,7,70
119966,67.93,7,70
120081,67.9,7,70
120196,67.9,7,70
120310,67.9,7,70
120425,67.64,7,70
120540,68.24,7,70
120654,68.33,7,70
120769,67.91,7,70
120884,67.91,7,70
120998,67.91,7,70
121113,67.96,7,70
121228,67.78,7,70
121342,68.04,7,70
121457,67.7,7,70
121572,67.63,7,70
121687,59.01,7,70
121797,41.33,7,70
121902,53.07,7,70
122009,67.46,7,70
122124,67.7,7,70
122238,67.61,7,70
122353,67.67,7,70
122468,67.63,7,70
122583,67.81,7,70
122697,67.73,7,70
122811,67.46,7,70
122926,67.24,7,70
123040,67.16,7,70
123153,52.32,7,70
123261,57.51,7,70
123372,64.91,7,70
123486,67.05,7,70
123599,67.05,7,70
123714,67.22,7,70
123829,67.19,7,70
123942,67.21,7,70
124057,67.19,7,70
124172,67.18,7,70
124285,67.21,7,70
124400,67.2,7,70
124515,67.4,7,70
124630,67.33,7,70
124743,67.36,7,70
124858,67.34,7,70
124973,67.33,7,70
125087,67.32,7,70
125201,67.33,7,70
125316,67.33,7,70
125430,67.55,7,70
125545,67.19,7,70
125659,67.21,7,70
125773,67.19,7,70
125888,67.19,7,70
126003,67.33,7,70
126116,67.16,7,70
126231,67.05,7,70
126346,67.06,7,70
126459,67.28,7,70
126574,66.91,7,70
126689,66.98,7,70
126802,67.1,7,70
126917,66.9,7,70
127031,67.07,7,70
127145,67.05,7,70
127260,67.37,7,70
127375,67.19,7,70
127489,67.19,7,70
127603,67.34,7,70
127718,67.37,7,70
127832,67.49,7,70
127946,67.19,7,70
128061,67.46,7,70
128176,67.34,7,70
128290,67.34,7,70
128404,67.36,7,70
128519,67.34,7,70
128633,67.34,7,70
128748,67.33,7,70
128862,67.37,7,70
128976,67.35,7,70
129091,67.36,7,70
129206,67.47,7,70
129320,67.47,7,70
129434,67.49,7,70
129549,67.47,7,70
129664,67.48,7,70
129778,67.47,7,70
129893,67.81,7,70
130008,67.8,7,70
130122,67.67,7,70
130236,67.62,7,70
130351,67.61,7,70
130465,67.62,7,70
130580,67.62,7,70
130695,67.62,7,70
130809,67.74,7,70
130924,67.81,7,70
131039,68.03,7,70
131153,68.03,7,70
131268,68.06,7,70
131383,68.04,7,70
131497,67.97,7,70
131612,68.04,7,70
131727,68.03,7,70
131842,68.03,7,70
131956,67.88,7,70
132071,67.76,7,70
132186,67.76,7,70
132300,67.76,7,70
132415,67.76,7,70
132530,67.76,7,70
132643,67.76,7,70
132758,67.76,7,70
132873,67.77,7,70
132987,67.77,7,70
133102,67.95,7,70
133217,67.9,7,70
133331,67.89,7,70
133446,67.83,7,70
133561,67.89,7,70
133676,67.9,7,70
133790,67.9,7,70
133905,67.9,7,70
134020,67.9,7,70
134134,67.9,7,70
134249,67.9,7,70
134364,67.89,7,70
134478,67.89,7,70
134593,67.9,7,70
134708,67.9,7,70
134822,67.91,7,70
134937,67.81,7,70
135052,67.9,7,70
135166,67.9,7,70
135281,67.93,7,70
135396,68.04,7,70
135511,68.04,7,70
135625,68.05,7,70
135740,68.03,7,70
135855,68.02,7,70
135969,68.03,7,70
136084,68.03,7,70
136199,68.03,7,70
136313,68.04,7,70
136428,68.04,7,70
136543,68.04,7,70
136657,68.05,7,70
136772,68.04,7,70
136887,68.04,7,70
137001,68.04,7,70
137116,68.04,7,70
137231,68.04,7,70
137346,68.05,7,70
137460,68.04,7,70
137574,65.87,7,70
137688,68.46,7,70
137802,68.48,7,70
137917,68.54,7,70
138032,68.56,7,70
138146,68.56,7,70
138262,68.55,7,70
138377,68.56,7,70
138491,68.56,7,70
138606,68.55,7,70
138722,68.55,7,70
138836,68.59,7,70
138951,68.56,7,70
139066,68.55,7,70
139181,68.56,7,70
139295,68.56,7,70
139410,68.56,7,70
139526,68.57,7,70
139640,68.64,7,70
139755,68.63,7,70
139870,68.62,7,70
139985,68.57,7,70
140099,68.55,7,70
140214,68.56,7,70
140328,68.58,7,70
140443,68.64,7,70
140558,68.65,7,70
140674,68.65,7,70
140788,68.64,7,70
140903,68.65,7,70
141019,68.64,7,70
141133,68.65,7,70
141248,68.74,7,70
141363,68.69,7,70
141478,68.73,7,70
141593,68.69,7,70
141708,68.69,7,70
141824,68.64,7,70
141938,68.65,7,70
142053,68.64,7,70
142169,68.74,7,70
142283,68.65,7,70
142398,68.69,7,70
142513,68.68,7,70
142628,68.68,7,70
142743,68.65,7,70
142858,68.69,7,70
142973,68.73,7,70
143088,68.73,7,70
143203,68.73,7,70
143319,68.73,7,70
143433,68.72,7,70
143548,68.73,7,70
143664,68.89,7,70
143778,69.12,7,70
143894,69.18,7,70
144009,69.18,7,70
144123,69.19,7,70
144239,69.19,7,70
144354,69.19,7,70
144470,69.19,7,70
144584,69.19,7,70
144700,69.19,7,70
144815,69.28,7,70
144930,69.27,7,70
145046,69.54,7,70
145161,69.55,7,70
145276,69.64,7,70
145391,69.63,7,70
145507,69.64,7,70
145623,70.0,7,70
145738,70.09,7,70
145853,70.0,7,70
145969,69.99,7,70
146084,70.09,7,70
146200,70.09,7,70
146316,70.09,7,70
146432,70.45,7,70
146547,70.55,7,70
146663,70.54,7,70
146779,70.53,7,70
146894,70.54,7,70
147010,70.37,7,70
147126,70.29,7,70
147241,70.46,7,70
147356,70.91,7,70
147473,70.64,7,70
147589,70.64,7,70
147704,70.55,7,70
147820,70.82,7,70
147936,70.92,7,70
148051,70.77,7,70
148167,71.0,7,70
148283,70.91,7,70
148400,70.82,7,70
148515,70.54,7,70
148631,70.53,7,70
148747,70.27,7,70
148862,70.09,7,70
148978,69.64,7,70
149093,69.64,7,70
149209,69.35,7,70
149324,69.2,7,70
149439,69.62,7,70
149555,69.64,7,70
149670,69.9,7,70
149785,70.08,7,70
149901,70.0,7,70
150017,69.65,7,70
150132,69.64,7,70
150247,69.51,7,70
150363,69.56,7,70
150478,69.57,7,70
150593,69.64,7,70
150709,69.92,7,70
150824,70.35,7,70
150940,70.55,7,70
151056,70.1,7,70
151172,69.65,7,70
151286,69.52,7,70
151402,69.26,7,70
151518,69.17,7,70
151632,69.18,7,70
151748,69.26,7,70
151863,69.3,7,70
151979,69.1,7,70
152093,69.11,7,70
152209,69.16,7,70
152324,69.4,7,70
152439,69.34,7,70
152554,69.56,7,70
152670,69.56,7,70
152785,69.58,7,70
152900,69.61,7,70
153016,69.64,7,70
153132,69.64,7,70
153246,69.65,7,70
153362,69.72,7,70
153478,69.98,7,70
153593,69.91,7,70
153708,70.03,7,70
153824,70.0,7,70
153939,70.09,7,70
154055,70.1,7,70
154171,69.64,7,70
154286,69.64,7,70
154401,69.65,7,70
154517,69.48,7,70
154632,69.57,7,70
154746,69.6,7,70
154862,69.65,7,70
154978,69.64,7,70
155092,69.56,7,70
155208,69.41,7,70
155323,69.41,7,70
155438,69.48,7,70
155552,69.56,7,70
155666,69.59,7,70
155782,69.64,7,70
155897,69.65,7,70
156013,69.72,7,70
156128,69.64,7,70
156243,69.63,7,70
156359,69.64,7,70
156474,69.64,7,70
156590,69.64,7,70
156705,69.56,7,70
156820,69.41,7,70
156935,69.5,7,70
157049,69.65,7,70
157165,69.64,7,70
157280,69.63,7,70
157395,69.63,7,70
157511,69.6,7,70
157626,69.34,7,70
157741,69.42,7,70
157856,69.26,7,70
157971,69.43,7,70
158086,69.64,7,70
158201,69.63,7,70
158317,69.63,7,70
158432,69.63,7,70
158547,69.63,7,70
158663,69.72,7,70
158778,69.73,7,70
158894,70.0,7,70
159009,70.09,7,70
159125,70.09,7,70
159241,70.09,7,70
159355,70.11,7,70
159471,70.09,7,70
159587,70.1,7,70
159703,70.1,7,70
159818,70.1,7,70
159934,70.1,7,70
160050,70.47,7,70
160165,70.56,7,70
160281,70.56,7,70
160397,70.55,7,70
160513,70.55,7,70
160628,70.45,7,70
160744,70.53,7,70
160860,70.54,7,70
160975,70.63,7,70
161091,70.82,7,70
161207,70.73,7,70
161323,70.81,7,70
161438,70.54,7,70
161554,70.53,7,70
161670,70.52,7,70
161785,70.52,7,70
161901,70.33,7,70
162017,70.42,7,70
162132,70.18,7,70
162248,70.19,7,70
162364,70.37,7,70
162480,70.45,7,70
162595,70.28,7,70
162711,70.18,7,70
162827,70.09,7,70
162942,70.09,7,70
163058,70.1,7,70
163173,70.1,7,70
163289,70.15,7,70
163404,70.5,7,70
163520,70.52,7,70
163636,70.54,7,70
163751,70.54,7,70
163867,70.54,7,70
163983,70.54,7,70
164099,70.54,7,70
164214,70.37,7,70
164330,70.36,7,70
164446,70.18,7,70
164561,70.03,7,70
164677,70.09,7,70
164793,70.26,7,70
164909,70.27,7,70
165024,70.1,7,70
165140,70.09,7,70
165256,70.18,7,70
165371,70.09,7,70
165486,70.1,7,70
165602,70.16,7,70
165718,70.22,7,70
165833,70.26,7,70
165949,70.51,7,70
166065,70.55,7,70
166180,70.5,7,70
166296,70.54,7,70
166412,70.54,7,70
166528,70.54,7,70
166643,70.55,7,70
166759,70.56,7,70
166875,70.55,7,70
166990,70.56,7,70
167106,70.46,7,70
167222,70.46,7,70
167339,70.36,7,70
167453,70.18,7,70
167569,70.28,7,70
167685,70.56,7,70
167800,70.54,7,70
167916,70.56,7,70
168032,70.46,7,70
168147,70.47,7,70
168263,70.1,7,70
168379,70.1,7,70
168495,70.45,7,70
168610,70.54,7,70
168726,70.54,7,70
168842,70.53,7,70
168957,70.53,7,70
169073,70.46,7,70
169189,70.54,7,70
169305,70.54,7,70
169420,70.54,7,70
169536,70.54,7,70
169652,70.52,7,70
169767,70.54,7,70
169883,70.36,7,70
169999,69.99,7,70
170115,70.09,7,70
170230,70.09,7,70
170346,70.09,7,70
170462,70.09,7,70
170577,70.09,7,70
170693,70.1,7,70
170808,70.09,7,70
170924,69.91,7,70
171039,69.65,7,70
171155,69.64,7,70
171270,70.0,7,70
171385,69.81,7,70
171501,70.09,7,70
171617,70.1,7,70
171732,70.09,7,70
171847,70.11,7,70
171963,70.1,7,70
172079,70.09,7,70
172194,70.1,7,70
172310,70.1,7,70
172426,70.1,7,70
172541,70.1,7,70
172657,70.09,7,70
172772,70.09,7,70
172888,70.09,7,70
173003,70.09,7,70
173119,70.09,7,70
173235,69.89,7,70
173349,69.64,7,70
173465,69.26,7,70
173581,69.22,7,70
173696,69.11,7,70
173811,69.11,7,70
173926,69.11,7,70
174042,69.11,7,70
174156,69.1,7,70
174272,69.11,7,70
174387,68.84,7,70
174501,68.65,7,70
174617,68.66,7,70
174732,68.65,7,70
174846,68.65,7,70
174962,68.65,7,70
175077,68.67,7,70
175192,68.65,7,70
175306,68.65,7,70
175422,68.66,7,70
175537,68.64,7,70
175651,68.65,7,70
175767,68.64,7,70
175882,68.65,7,70
175996,68.65,7,70
176111,68.65,7,70
176227,68.66,7,70
176342,68.64,7,70
176456,68.65,7,70
176571,68.65,7,70
176687,68.62,7,70
176800,68.65,7,70
176916,68.6,7,70
177031,68.56,7,70
177145,68.6,7,70
177261,68.59,7,70
177376,68.6,7,70
177490,68.6,7,70
177605,68.6,7,70
177721,68.6,7,70
177836,68.64,7,70
177950,68.65,7,70
178065,68.65,7,70
178180,68.65,7,70
178294,68.65,7,70
178410,68.64,7,70
178524,68.65,7,70
178638,68.65,7,70
178754,68.65,7,70
178869,68.65,7,70
178983,68.63,7,70
179099,68.6,7,70
179214,68.6,7,70
179329,68.57,7,70
179443,68.6,7,70
179559,68.64,7,70
179674,68.63,7,70
179788,68.64,7,70
179904,68.43,7,70
180019,68.57,7,70
180133,68.48,7,70
180248,68.34,7,70
180363,68.58,7,70
180478,68.43,7,70
180593,68.44,7,70
180708,68.41,7,70
180823,68.18,7,70
180937,68.36,7,70
181053,68.27,7,70
181168,68.17,7,70
181281,68.25,7,70
181396,68.53,7,70
181512,68.49,7,70
181625,63.97,7,70
181738,68.57,7,70
181854,68.43,7,70
181968,68.27,7,70
182083,63.43,7,70
182196,68.36,7,70
182310,68.19,7,70
182425,65.86,7,70
182538,63.59,7,70
182651,68.19,7,70
182765,68.3,7,70
182880,68.27,7,70
182994,68.49,7,70
183109,68.26,7,70
183224,68.48,7,70
183339,68.28,7,70
183453,68.49,7,70
183568,68.43,7,70
183683,68.33,7,70
183797,68.33,7,70
183912,68.35,7,70
184028,68.25,7,70
184142,68.21,7,70
184257,68.33,7,70
184371,68.44,7,70
184485,68.35,7,70
184600,68.34,7,70
184715,68.49,7,70
184829,68.43,7,70
184945,68.26,7,70
185060,68.41,7,70
185175,68.56,7,70
185289,68.34,7,70
185404,68.41,7,70
185520,68.26,7,70
185634,68.49,7,70
185749,68.26,7,70
185864,68.33,7,70
185978,68.34,7,70
186094,68.41,7,70
186209,68.43,7,70
186323,68.2,7,70
186438,68.33,7,70
186553,68.34,7,70
186668,68.26,7,70
186783,68.26,7,70
186898,68.28,7,70
187013,68.21,7,70
187126,68.26,7,70
187242,68.28,7,70
187357,68.57,7,70
187471,68.57,7,70
187586,68.58,7,70
187701,68.58,7,70
187816,68.59,7,70
187931,68.64,7,70
188046,68.64,7,70
188162,68.64,7,70
188276,68.65,7,70
188391,68.66,7,70
188506,68.65,7,70
188621,68.65,7,70
188736,68.65,7,70
188851,68.65,7,70
188965,68.65,7,70
189079,68.65,7,70
189195,68.65,7,70
189308,68.83,7,70
189424,68.68,7,70
189538,68.65,7,70
189652,68.65,7,70
189767,68.65,7,70
189882,68.65,7,70
189998,68.64,7,70
190112,68.64,7,70
190226,66.24,7,70
190340,66.22,7,70
190453,68.83,7,70
190568,68.94,7,70
190682,69.09,7,70
190796,69.11,7,70
190912,69.1,7,70
191027,69.1,7,70
191142,69.11,7,70
191257,69.11,7,70
191373,69.11,7,70
191488,69.11,7,70
191603,69.1,7,70
191718,69.11,7,70
191833,69.1,7,70
191948,69.11,7,70
192063,69.11,7,70
192179,69.11,7,70
192293,69.2,7,70
192409,69.2,7,70
192524,69.14,7,70
192640,69.1,7,70
192754,69.09,7,70
192870,69.1,7,70
192985,69.1,7,70
193100,69.1,7,70
193215,69.1,7,70
193330,69.11,7,70
193445,69.18,7,70
193560,69.19,7,70
193676,69.34,7,70
193790,69.28,7,70
193906,69.26,7,70
194022,69.18,7,70
194137,69.19,7,70
194252,69.19,7,70
194367,69.2,7,70
194482,69.2,7,70
194597,69.19,7,70
194713,69.2,7,70
194828,69.2,7,70
194942,69.2,7,70
195058,69.16,7,70
195173,69.12,7,70
195289,69.19,7,70
195403,69.17,7,70
195519,69.14,7,70
195634,69.26,7,70
195749,69.19,7,70
195864,69.36,7,70
195980,69.42,7,70
196096,69.55,7,70
196210,69.33,7,70
196326,69.47,7,70
196441,69.48,7,70
196556,69.56,7,70
196672,69.56,7,70
196787,69.55,7,70
196902,69.41,7,70
197017,69.56,7,70
197133,69.34,7,70
197249,69.34,7,70
197363,69.33,7,70
197479,69.34,7,70
197594,69.19,7,70
197709,69.2,7,70
197824,69.19,7,70
197940,69.18,7,70
198054,69.18,7,70
198170,69.33,7,70
198285,69.48,7,70
198401,69.34,7,70
198516,69.56,7,70
198631,69.41,7,70
198747,69.59,7,70
198862,69.58,7,70
198977,69.57,7,70
199093,69.57,7,70
199208,69.55,7,70
199323,69.57,7,70
199439,69.56,7,70
199555,69.49,7,70
199669,69.48,7,70
199785,69.27,7,70
199900,69.21,7,70
200015,69.18,7,70
200130,69.19,7,70
200246,69.19,7,70
200360,69.19,7,70
200476,69.19,7,70
200591,69.19,7,70
200707,69.29,7,70
200821,69.38,7,70
200937,69.26,7,70
201053,69.18,7,70
201167,69.19,7,70
201283,69.31,7,70
201398,69.27,7,70
201513,69.19,7,70
201628,69.46,7,70
201744,69.43,7,70
201859,69.63,7,70
201974,69.46,7,70
202090,69.63,7,70
202205,69.36,7,70
202320,69.2,7,70
202435,69.2,7,70
202551,69.19,7,70
202665,69.19,7,70
202781,69.19,7,70
202896,69.19,7,70
203012,69.2,7,70
203126,69.21,7,70
203242,69.19,7,70
203357,69.2,7,70
203472,69.2,7,70
203587,69.21,7,70
203703,69.18,7,70
203817,69.48,7,70
203933,69.19,7,70
204049,69.3,7,70
204164,69.18,7,70
204279,69.19,7,70
204394,69.19,7,70
204510,69.19,7,70
204624,69.19,7,70
204740,69.19,7,70
204855,69.18,7,70
204971,69.19,7,70
205085,69.14,7,70
205201,69.11,7,70
205316,69.13,7,70
205430,69.16,7,70
205546,69.18,7,70
205661,69.18,7,70
205776,69.18,7,70
205891,69.19,7,70
206007,69.2,7,70
206121,69.29,7,70
206237,69.19,7,70
206352,69.56,7,70
206468,69.51,7,70
206583,69.62,7,70
206698,69.65,7,70
206814,69.64,7,70
206929,69.64,7,70
207044,69.63,7,70
207160,69.64,7,70
207276,69.64,7,70
207390,69.64,7,70
207506,69.64,7,70
207622,69.55,7,70
207736,69.38,7,70
207852,69.36,7,70
207968,69.48,7,70
208082,69.45,7,70
208198,69.63,7,70
208313,69.65,7,70
208429,69.63,7,70
208544,69.64,7,70
208659,69.64,7,70
208775,69.64,7,70
208890,69.64,7,70
209005,69.64,7,70
209121,69.65,7,70
209236,69.63,7,70
209352,69.64,7,70
209467,69.64,7,70
209583,69.64,7,70
209698,69.64,7,70
209813,69.65,7,70
209929,69.65,7,70
210044,69.73,7,70
210159,69.74,7,70
210275,69.65,7,70
210391,69.82,7,70
210506,69.74,7,70
210621,70.01,7,70
210737,69.82,7,70
210852,69.83,7,70
210968,69.65,7,70
211083,70.05,7,70
211198,69.75,7,70
211314,70.09,7,70
211430,69.65,7,70
211545,69.74,7,70
211660,69.81,7,70
211776,69.64,7,70
211892,70.02,7,70
212006,70.01,7,70
212122,70.02,7,70
212238,70.0,7,70
212354,70.1,7,70
212469,69.83,7,70
212585,70.09,7,70
212700,70.1,7,70
212815,70.12,7,70
212931,70.09,7,70
213047,70.09,7,70
213163,70.09,7,70
213278,70.1,7,70
213394,70.1,7,70
213509,70.1,7,70
213624,70.09,7,70
213740,70.1,7,70
213856,70.19,7,70
213971,70.09,7,70
214087,69.73,7,70
214203,69.64,7,70
214318,69.74,7,70
214433,69.91,7,70
214549,70.09,7,70
214665,69.92,7,70
214779,69.82,7,70
214895,70.09,7,70
215011,70.09,7,70
215127,70.11,7,70
215242,70.1,7,70
215358,70.09,7,70
215473,70.09,7,70
215588,70.09,7,70
215704,70.09,7,70
215820,70.1,7,70
215936,70.1,7,70
216051,70.1,7,70
216166,70.09,7,70
216282,70.1,7,70
216397,70.09,7,70
216513,70.1,7,70
216629,70.1,7,70
216744,70.09,7,70
216860,70.1,7,70
216975,70.1,7,70
217091,70.1,7,70
217206,70.1,7,70
217322,70.1,7,70
217438,70.1,7,70
217553,70.09,7,70
217669,70.1,7,70
217785,70.1,7,70
217900,70.09,7,70
218015,70.09,7,70
218131,69.82,7,70
218247,70.1,7,70
218362,70.0,7,70
218477,70.09,7,70
218593,69.91,7,70
218708,69.64,7,70
218824,69.73,7,70
218939,69.75,7,70
219055,69.99,7,70
219170,69.65,7,70
219286,69.65,7,70
219401,69.66,7,70
219516,69.65,7,70
219632,69.65,7,70
219747,69.85,7,70
219863,69.63,7,70
219978,69.72,7,70
220094,69.9,7,70
220209,69.91,7,70
220324,69.72,7,70
220440,69.82,7,70
220556,70.09,7,70
220670,70.02,7,70
220786,70.05,7,70
220902,70.1,7,70
221018,70.0,7,70
221133,70.1,7,70
221249,70.09,7,70
221365,70.09,7,70
221479,70.05,7,70
221595,69.82,7,70
221711,69.91,7,70
221827,69.83,7,70
221942,70.0,7,70
222057,69.91,7,70
222173,69.91,7,70
222288,69.65,7,70
222404,69.74,7,70
222519,69.92,7,70
222635,69.72,7,70
222750,70.01,7,70
222866,69.74,7,70
222981,69.91,7,70
223096,70.09,7,70
223212,69.82,7,70
223328,70.0,7,70
223443,69.99,7,70
223558,69.85,7,70
223674,69.92,7,70
223790,70.01,7,70
223905,69.91,7,70
224020,70.1,7,70
224136,70.1,7,70
224251,70.0,7,70
224367,69.9,7,70
224483,69.91,7,70
224598,69.75,7,70
224713,70.0,7,70
224829,69.79,7,70
224945,69.8,7,70
225059,69.74,7,70
225175,70.08,7,70
225291,70.1,7,70
225406,69.72,7,70
225522,70.07,7,70
225637,69.9,7,70
225753,69.73,7,70
225868,69.82,7,70
225984,69.74,7,70
226099,69.73,7,70
226214,69.65,7,70
226330,69.65,7,70
226445,69.74,7,70
226561,69.65,7,70
226676,69.65,7,70
226792,70.01,7,70
226907,69.75,7,70
227022,69.65,7,70
227138,69.64,7,70
227253,69.65,7,70
227368,69.64,7,70
227484,69.65,7,70
227599,69.65,7,70
227715,69.64,7,70
227830,69.64,7,70
227945,69.64,7,70
228061,69.64,7,70
228176,69.65,7,70
228291,69.64,7,70
0,73.67,7,75
100,79.37,3,75
226,76.71,7,75
345,73.67,7,75
462,76.15,7,75
580,79.11,7,75
699,74.39,7,75
817,76.76,7,75
934,74.12,7,75
1052,74.9,7,75
1169,74.76,7,75
1287,72.41,7,75
1403,71.31,7,75
1519,70.83,7,75
1635,73.38,7,75
1752,75.31,7,75
1869,75.2,7,75
1987,74.97,7,75
2105,74.56,7,75
2222,74.22,7,75
2339,74.63,7,75
2456,74.56,7,75
2574,74.56,7,75
2692,74.69,7,75
2808,74.98,7,75
2926,74.7,7,75
3043,74.71,7,75
3161,74.73,7,75
3278,74.81,7,75
3395,75.02,7,75
3513,75.48,7,75
3631,75.62,7,75
3748,75.08,7,75
3866,74.39,7,75
3983,74.19,7,75
4101,74.58,7,75
4217,74.76,7,75
4335,74.46,7,75
4452,74.28,7,75
4570,74.42,7,75
4686,74.71,7,75
4804,74.87,7,75
4922,75.24,7,75
5039,75.2,7,75
5156,74.91,7,75
5274,74.63,7,75
5392,74.35,7,75
5509,74.28,7,75
5626,74.58,7,75
5743,74.71,7,75
5861,74.28,7,75
5978,74.29,7,75
6095,74.41,7,75
6212,74.71,7,75
6330,75.07,7,75
6448,75.07,7,75
6564,74.84,7,75
6682,74.72,7,75
6800,74.89,7,75
6917,74.83,7,75
7034,74.79,7,75
7152,74.37,7,75
7269,74.27,7,75
7387,74.28,7,75
7503,74.12,7,75
7621,74.19,7,75
7738,74.28,7,75
7855,74.12,7,75
7972,73.78,7,75
8089,73.65,7,75
8206,73.79,7,75
8323,73.99,7,75
8440,73.8,7,75
8557,73.74,7,75
8674,73.89,7,75
8792,73.96,7,75
8908,73.74,7,75
9025,73.43,7,75
9142,73.73,7,75
9260,73.76,7,75
9376,73.66,7,75
9493,73.31,7,75
9610,73.31,7,75
9726,73.56,7,75
9843,73.36,7,75
9960,73.05,7,75
10077,73.11,7,75
10193,73.18,7,75
10310,73.22,7,75
10427,73.3,7,75
10545,73.44,7,75
10661,73.28,7,75
10778,73.28,7,75
10895,73.29,7,75
11012,73.31,7,75
11128,73.26,7,75
11245,73.2,7,75
11362,73.13,7,75
11479,73.02,7,75
11595,73.02,7,75
11712,73.01,7,75
11829,73.15,7,75
11945,73.58,7,75
12062,73.71,7,75
12180,73.55,7,75
12297,73.77,7,75
12413,74.08,7,75
12531,73.93,7,75
12648,73.74,7,75
12765,73.72,7,75
12881,73.33,7,75
12999,73.1,7,75
13116,73.07,7,75
13233,73.1,7,75
13349,73.14,7,75
13466,73.2,7,75
13583,73.21,7,75
13700,73.13,7,75
13816,73.16,7,75
13933,73.2,7,75
14050,73.21,7,75
14167,73.3,7,75
14283,73.3,7,75
14400,73.31,7,75
14517,73.29,7,75
14633,73.44,7,75
14750,73.42,7,75
14868,73.74,7,75
14985,73.77,7,75
15101,73.73,7,75
15218,73.74,7,75
15336,73.66,7,75
15453,73.44,7,75
15569,73.37,7,75
15686,73.36,7,75
15803,73.44,7,75
15920,73.32,7,75
16036,73.31,7,75
16154,73.6,7,75
16271,73.64,7,75
16388,73.74,7,75
16504,73.76,7,75
16622,73.85,7,75
16739,73.82,7,75
16856,73.81,7,75
16972,73.78,7,75
17090,73.74,7,75
17207,73.74,7,75
17324,73.74,7,75
17441,73.76,7,75
17558,73.77,7,75
17675,73.89,7,75
17792,74.15,7,75
17909,73.82,7,75
18026,73.74,7,75
18143,73.77,7,75
18260,73.78,7,75
18377,74.01,7,75
18494,74.3,7,75
18612,74.38,7,75
18728,74.18,7,75
18846,73.78,7,75
18963,73.69,7,75
19080,73.83,7,75
19197,74.09,7,75
19314,74.54,7,75
19432,74.83,7,75
19549,74.91,7,75
19666,74.64,7,75
19784,74.71,7,75
19901,74.48,7,75
20019,74.53,7,75
20136,74.55,7,75
20253,74.83,7,75
20371,75.41,7,75
20489,75.02,7,75
20606,74.29,7,75
20723,74.19,7,75
20841,74.38,7,75
20958,74.26,7,75
21075,73.82,7,75
21192,73.81,7,75
21309,74.55,7,75
21427,75.31,7,75
21544,76.27,7,75
21662,76.87,7,75
21781,77.39,7,75
21899,77.08,7,75
22018,76.07,7,75
22135,74.94,7,75
22253,74.65,7,75
22371,74.73,7,75
22488,74.82,7,75
22605,74.94,7,75
22723,75.43,7,75
22841,74.92,7,75
22959,74.75,7,75
23075,74.89,7,75
23193,75.26,7,75
23311,75.38,7,75
23429,75.37,7,75
23546,75.43,7,75
23664,75.57,7,75
23782,75.2,7,75
23900,74.81,7,75
24016,74.95,7,75
24134,75.01,7,75
24252,74.93,7,75
24370,75.0,7,75
24486,75.09,7,75
24604,75.27,7,75
24722,75.54,7,75
24840,75.22,7,75
24957,75.11,7,75
25075,74.85,7,75
25193,74.7,7,75
25310,74.3,7,75
25427,74.29,7,75
25544,74.29,7,75
25662,74.28,7,75
25779,74.55,7,75
25896,74.63,7,75
26014,74.56,7,75
26131,74.85,7,75
26249,75.19,7,75
26366,75.22,7,75
26484,74.95,7,75
26602,74.73,7,75
26719,74.45,7,75
26836,74.23,7,75
26953,74.08,7,75
27071,74.47,7,75
27188,75.35,7,75
27305,76.0,7,75
27423,76.72,7,75
27542,76.0,7,75
27660,74.91,7,75
27778,74.73,7,75
27894,74.31,7,75
28012,73.76,7,75
28129,73.77,7,75
28247,73.84,7,75
28363,74.25,7,75
28480,74.31,7,75
28598,74.27,7,75
28715,74.2,7,75
28832,74.3,7,75
28949,74.31,7,75
29067,74.29,7,75
29184,74.29,7,75
29301,74.28,7,75
29418,74.3,7,75
29536,74.28,7,75
29652,74.31,7,75
29770,74.63,7,75
29888,74.31,7,75
30005,74.27,7,75
30123,74.31,7,75
30239,73.91,7,75
30356,60.41,7,75
30469,69.29,7,75
30582,73.81,7,75
30700,73.77,7,75
30817,73.76,7,75
30934,74.14,7,75
31050,74.31,7,75
31168,74.47,7,75
31286,74.74,7,75
31403,74.72,7,75
31520,74.53,7,75
31638,74.55,7,75
31755,74.27,7,75
31873,70.38,7,75
31986,60.06,7,75
32097,57.63,7,75
32207,60.54,7,75
32319,73.21,7,75
32436,73.35,7,75
32552,73.52,7,75
32670,73.75,7,75
32787,73.46,7,75
32904,73.58,7,75
33020,73.71,7,75
33137,73.75,7,75
33255,74.05,7,75
33372,74.08,7,75
33488,74.58,7,75
33606,74.58,7,75
33724,74.43,7,75
33841,74.13,7,75
33958,73.93,7,75
34075,73.85,7,75
34193,73.87,7,75
34310,73.9,7,75
34426,73.82,7,75
34544,73.8,7,75
34661,73.69,7,75
34778,73.79,7,75
34894,73.81,7,75
35012,73.84,7,75
35129,73.82,7,75
35246,73.76,7,75
35363,73.76,7,75
35480,73.73,7,75
35597,73.8,7,75
35715,73.92,7,75
35831,74.26,7,75
35948,74.44,7,75
36066,75.08,7,75
36184,74.11,7,75
36300,73.84,7,75
36418,73.85,7,75
36535,73.61,7,75
36652,73.29,7,75
36768,73.49,7,75
36885,73.67,7,75
37003,73.67,7,75
37120,73.74,7,75
37236,73.9,7,75
37354,73.95,7,75
37471,74.06,7,75
37587,74.32,7,75
37705,74.92,7,75
37823,75.16,7,75
37940,75.17,7,75
38057,74.76,7,75
38175,74.73,7,75
38293,74.91,7,75
38410,75.03,7,75
38528,75.0,7,75
38645,74.74,7,75
38763,74.73,7,75
38880,74.93,7,75
38998,75.11,7,75
39115,75.18,7,75
39233,75.19,7,75
39351,74.85,7,75
39468,75.02,7,75
39585,75.18,7,75
39703,75.19,7,75
39821,74.98,7,75
39939,75.11,7,75
40056,75.39,7,75
40173,75.57,7,75
40291,75.64,7,75
40409,75.35,7,75
40526,75.37,7,75
40644,74.99,7,75
40762,74.83,7,75
40880,74.89,7,75
40997,75.34,7,75
41115,75.82,7,75
41233,75.63,7,75
41351,75.92,7,75
41468,75.88,7,75
41586,76.06,7,75
41704,75.54,7,75
41822,75.72,7,75
41939,74.74,7,75
42057,74.72,7,75
42175,75.18,7,75
42292,74.89,7,75
42409,74.54,7,75
42527,74.37,7,75
42644,74.88,7,75
42762,75.08,7,75
42880,74.72,7,75
42997,74.27,7,75
43114,74.19,7,75
43232,74.23,7,75
43348,74.25,7,75
43465,74.3,7,75
43583,74.09,7,75
43700,73.84,7,75
43817,73.84,7,75
43934,74.2,7,75
44051,74.49,7,75
44169,74.73,7,75
44286,74.64,7,75
44403,74.63,7,75
44521,74.73,7,75
44639,74.02,7,75
44755,74.54,7,75
44873,74.02,7,75
44990,73.74,7,75
45107,73.85,7,75
45224,73.85,7,75
45341,73.83,7,75
45458,73.89,7,75
45576,74.02,7,75
45692,73.79,7,75
45809,73.76,7,75
45927,73.79,7,75
46044,73.8,7,75
46160,74.17,7,75
46278,74.11,7,75
46395,73.81,7,75
46512,74.02,7,75
46629,74.6,7,75
46746,74.72,7,75
46864,74.52,7,75
46982,74.28,7,75
47098,73.96,7,75
47216,73.85,7,75
47333,73.85,7,75
47450,73.79,7,75
47566,73.76,7,75
47684,73.7,7,75
47801,73.96,7,75
47918,73.82,7,75
48035,73.92,7,75
48152,73.84,7,75
48269,73.84,7,75
48387,74.41,7,75
48503,74.27,7,75
48621,74.29,7,75
48738,74.23,7,75
48856,74.26,7,75
48972,74.4,7,75
49090,74.26,7,75
49207,74.27,7,75
49325,74.37,7,75
49441,74.46,7,75
49559,74.65,7,75
49676,74.73,7,75
49794,74.75,7,75
49911,74.74,7,75
50028,74.64,7,75
50146,74.64,7,75
50264,74.3,7,75
50380,74.28,7,75
50498,74.28,7,75
50615,74.26,7,75
50733,74.37,7,75
50849,74.57,7,75
50967,74.74,7,75
51084,74.1,7,75
51202,73.9,7,75
51318,73.91,7,75
51436,74.11,7,75
51553,74.34,7,75
51671,74.29,7,75
51787,75.02,7,75
51905,74.9,7,75
52023,74.75,7,75
52140,74.42,7,75
52257,74.66,7,75
52375,74.82,7,75
52492,74.58,7,75
52610,74.9,7,75
52727,75.0,7,75
52844,75.11,7,75
52962,75.02,7,75
53080,75.53,7,75
53197,74.87,7,75
53315,74.42,7,75
53432,74.6,7,75
53550,75.08,7,75
53667,75.39,7,75
53785,75.64,7,75
53903,75.38,7,75
54021,74.88,7,75
54137,74.74,7,75
54255,75.0,7,75
54373,75.38,7,75
54491,74.87,7,75
54608,74.67,7,75
54725,74.65,7,75
54843,74.92,7,75
54961,74.8,7,75
55077,74.92,7,75
55195,74.89,7,75
55313,75.21,7,75
55431,75.03,7,75
55548,74.8,7,75
55665,74.03,7,75
55783,74.11,7,75
55900,74.25,7,75
56017,74.27,7,75
56134,74.23,7,75
56252,74.2,7,75
56369,74.29,7,75
56486,74.03,7,75
56603,74.27,7,75
56721,74.56,7,75
56838,74.25,7,75
56955,74.1,7,75
57072,74.09,7,75
57189,74.61,7,75
57307,75.13,7,75
57424,74.83,7,75
57542,74.79,7,75
57659,74.52,7,75
57777,74.13,7,75
57894,73.87,7,75
58011,73.63,7,75
58128,73.84,7,75
58245,73.85,7,75
58362,73.8,7,75
58479,73.82,7,75
58596,73.85,7,75
58714,73.99,7,75
58830,73.91,7,75
58948,73.85,7,75
59065,73.83,7,75
59182,74.01,7,75
59299,74.46,7,75
59416,75.01,7,75
59534,74.72,7,75
59652,74.38,7,75
59768,74.57,7,75
59886,74.83,7,75
60003,74.93,7,75
60121,75.19,7,75
60238,74.95,7,75
60356,74.96,7,75
60474,75.13,7,75
60591,75.44,7,75
60708,75.44,7,75
60826,75.1,7,75
60944,74.89,7,75
61062,75.07,7,75
61179,75.26,7,75
61297,75.21,7,75
61414,75.14,7,75
61532,74.79,7,75
61649,74.44,7,75
61767,74.31,7,75
61884,74.29,7,75
62002,74.29,7,75
62118,74.26,7,75
62236,74.65,7,75
62353,75.11,7,75
62471,75.54,7,75
62588,75.72,7,75
62706,76.42,7,75
62824,76.53,7,75
62943,76.1,7,75
63060,75.92,7,75
63178,75.47,7,75
63296,75.73,7,75
63414,74.94,7,75
63532,74.46,7,75
63649,74.37,7,75
63766,75.08,7,75
63884,75.39,7,75
64002,75.42,7,75
64119,75.72,7,75
64237,76.14,7,75
64355,76.2,7,75
64474,76.22,7,75
64591,76.04,7,75
64709,75.98,7,75
64827,75.32,7,75
64945,75.33,7,75
65062,75.36,7,75
65180,75.48,7,75
65298,75.03,7,75
65416,74.72,7,75
65533,74.75,7,75
65650,75.37,7,75
65768,75.25,7,75
65886,75.15,7,75
66003,75.16,7,75
66121,74.83,7,75
66239,74.69,7,75
66356,75.13,7,75
66473,75.56,7,75
66591,75.59,7,75
66709,74.89,7,75
66827,74.41,7,75
66944,73.9,7,75
67061,74.0,7,75
67178,74.92,7,75
67296,76.07,7,75
67414,76.1,7,75
67531,75.65,7,75
67649,75.71,7,75
67768,75.71,7,75
67886,75.21,7,75
68003,75.19,7,75
68120,75.12,7,75
68238,75.12,7,75
68356,75.04,7,75
68473,74.71,7,75
68591,74.49,7,75
68708,74.74,7,75
68826,74.58,7,75
68943,74.41,7,75
69060,74.4,7,75
69178,74.65,7,75
69295,74.33,7,75
69412,74.76,7,75
69530,75.35,7,75
69648,75.86,7,75
69766,75.89,7,75
69883,75.46,7,75
70001,75.06,7,75
70119,74.98,7,75
70236,75.2,7,75
70353,75.09,7,75
70471,75.31,7,75
70589,75.73,7,75
70707,75.18,7,75
70824,74.97,7,75
70942,75.44,7,75
71060,75.46,7,75
71178,75.05,7,75
71296,74.58,7,75
71412,74.21,7,75
71530,74.04,7,75
71647,74.11,7,75
71764,74.22,7,75
71881,74.05,7,75
71998,74.36,7,75
72116,74.36,7,75
72233,74.29,7,75
72350,74.19,7,75
72467,74.42,7,75
72585,74.72,7,75
72702,74.88,7,75
72819,74.82,7,75
72937,74.52,7,75
73055,74.08,7,75
73171,74.59,7,75
73289,75.4,7,75
73407,76.44,7,75
73525,76.73,7,75
73643,75.88,7,75
73761,75.56,7,75
73879,75.51,7,75
73997,74.49,7,75
74114,74.01,7,75
74231,73.71,7,75
74348,73.77,7,75
74465,73.82,7,75
74583,73.75,7,75
74699,73.56,7,75
74816,73.55,7,75
74933,73.85,7,75
75051,74.32,7,75
75167,74.27,7,75
75285,73.86,7,75
75402,73.84,7,75
75518,74.64,7,75
75636,75.37,7,75
75754,76.67,7,75
75872,76.5,7,75
75991,76.07,7,75
76108,75.39,7,75
76226,75.19,7,75
76344,75.16,7,75
76462,74.96,7,75
76578,74.58,7,75
76696,74.28,7,75
76814,74.27,7,75
76931,73.92,7,75
77047,73.66,7,75
77165,73.47,7,75
77282,73.69,7,75
77399,73.84,7,75
77515,73.86,7,75
77633,74.11,7,75
77750,74.29,7,75
77868,74.2,7,75
77984,74.07,7,75
78102,74.96,7,75
78219,74.83,7,75
78337,74.68,7,75
78454,74.24,7,75
78571,74.02,7,75
78689,74.2,7,75
78806,74.3,7,75
78923,74.21,7,75
79040,73.83,7,75
79157,73.87,7,75
79275,74.2,7,75
79391,74.28,7,75
79509,74.72,7,75
79626,74.31,7,75
79744,74.67,7,75
79860,74.73,7,75
79978,74.49,7,75
80096,73.94,7,75
80212,73.83,7,75
80329,73.85,7,75
80447,73.87,7,75
80564,73.84,7,75
80680,73.85,7,75
80798,73.86,7,75
80915,73.84,7,75
81032,73.91,7,75
81149,74.27,7,75
81266,74.29,7,75
81384,74.12,7,75
81501,74.35,7,75
81618,74.81,7,75
81735,74.52,7,75
81853,74.08,7,75
81970,74.28,7,75
82087,74.27,7,75
82204,73.79,7,75
82322,73.79,7,75
82439,73.77,7,75
82555,73.78,7,75
82673,73.68,7,75
82790,73.81,7,75
82907,73.83,7,75
83023,73.97,7,75
83141,74.36,7,75
83258,74.29,7,75
83376,74.66,7,75
83492,75.27,7,75
83610,76.02,7,75
83728,76.17,7,75
83847,76.01,7,75
83964,75.07,7,75
84082,75.1,7,75
84200,75.19,7,75
84318,74.68,7,75
84434,74.18,7,75
84552,73.85,7,75
84669,73.81,7,75
84786,73.64,7,75
84903,73.65,7,75
85020,73.55,7,75
85137,73.4,7,75
85254,73.31,7,75
85370,73.53,7,75
85488,73.85,7,75
85605,73.84,7,75
85722,73.91,7,75
85838,73.83,7,75
85956,73.76,7,75
86073,73.5,7,75
86190,73.65,7,75
86306,73.81,7,75
86424,74.08,7,75
86541,74.1,7,75
86659,73.85,7,75
86775,73.84,7,75
86892,74.2,7,75
87010,74.11,7,75
87127,73.8,7,75
87244,73.8,7,75
87361,73.83,7,75
87478,73.81,7,75
87595,73.85,7,75
87712,74.17,7,75
87829,74.21,7,75
87947,74.21,7,75
88064,74.25,7,75
88181,74.21,7,75
88298,73.86,7,75
88415,73.93,7,75
88532,73.8,7,75
88649,73.3,7,75
88766,73.19,7,75
88883,73.13,7,75
88999,73.08,7,75
89116,73.16,7,75
89233,73.23,7,75
89350,73.34,7,75
89467,73.57,7,75
89584,73.53,7,75
89701,73.66,7,75
89818,73.83,7,75
89935,74.04,7,75
90052,73.95,7,75
90169,73.85,7,75
90287,73.83,7,75
90403,73.73,7,75
90520,74.02,7,75
90638,74.02,7,75
90755,74.03,7,75
90871,73.54,7,75
90989,73.62,7,75
91106,73.49,7,75
91223,73.33,7,75
91339,73.3,7,75
91456,73.32,7,75
91573,73.6,7,75
91691,73.8,7,75
91807,73.61,7,75
91924,73.83,7,75
92041,73.77,7,75
92158,74.07,7,75
92275,75.15,7,75
92393,75.24,7,75
92511,74.74,7,75
92628,74.68,7,75
92745,74.39,7,75
92863,74.25,7,75
92980,74.11,7,75
93097,74.01,7,75
93214,74.04,7,75
93332,74.11,7,75
93449,74.42,7,75
93566,74.27,7,75
93683,74.17,7,75
93801,74.23,7,75
93918,74.44,7,75
94035,74.38,7,75
94152,74.32,7,75
94270,74.37,7,75
94387,74.13,7,75
94504,73.85,7,75
94621,74.2,7,75
94738,74.29,7,75
94856,74.15,7,75
94972,74.29,7,75
95090,74.06,7,75
95207,74.0,7,75
95325,74.29,7,75
95441,74.22,7,75
95559,74.29,7,75
95676,73.85,7,75
95793,73.84,7,75
95910,73.84,7,75
96027,73.83,7,75
96144,73.83,7,75
96262,73.85,7,75
96378,73.81,7,75
96495,73.86,7,75
96613,73.96,7,75
96730,74.14,7,75
96846,74.0,7,75
96964,74.14,7,75
97081,74.29,7,75
97199,74.37,7,75
97315,74.37,7,75
97433,74.36,7,75
97550,74.59,7,75
97668,74.47,7,75
97785,74.8,7,75
97902,74.91,7,75
98020,75.48,7,75
98138,75.84,7,75
98255,76.07,7,75
98373,76.09,7,75
98491,76.64,7,75
98610,77.61,7,75
98728,78.49,7,75
98847,77.58,3,75
98973,76.51,7,75
99092,76.12,7,75
99210,76.51,7,75
99328,77.84,7,75
99446,76.89,7,75
99565,77.59,7,75
99685,78.02,7,75
99804,78.57,3,75
99930,77.88,3,75
100057,75.62,7,75
100174,75.72,7,75
100292,75.7,7,75
100410,75.87,7,75
100528,76.57,7,75
100646,78.68,7,75
100765,76.77,7,75
100884,76.59,7,75
101002,76.15,7,75
101121,75.89,7,75
101238,77.09,7,75
101616,80.14,3,75
101743,78.15,3,75
101870,77.43,7,75
101989,78.12,7,75
102368,77.78,7,75
102488,77.34,7,75
102606,76.58,7,75
102724,77.69,7,75
102843,76.59,7,75
102962,76.83,7,75
103079,77.46,7,75
103458,76.29,7,75
103576,76.53,7,75
103695,77.61,7,75
103813,78.32,4,75
103939,77.34,6,75
104058,77.42,7,75
104177,77.44,7,75
104296,77.52,7,75
104414,76.51,7,75
104532,76.74,7,75
104650,76.9,7,75
104769,77.25,7,75
104888,77.4,7,75
105007,76.68,7,75
105124,76.03,7,75
105242,76.1,7,75
105361,76.39,7,75
105479,76.29,7,75
105596,76.48,7,75
105715,76.41,7,75
105833,76.31,7,75
105951,76.19,7,75
106070,76.59,7,75
106187,76.36,7,75
106306,77.09,7,75
106424,76.35,7,75
106543,75.43,7,75
106660,75.32,7,75
106778,75.24,7,75
106896,75.47,7,75
107014,76.0,7,75
107131,75.97,7,75
107249,76.32,7,75
107368,75.96,7,75
107486,75.85,7,75
107603,75.56,7,75
107721,75.59,7,75
107839,75.82,7,75
107957,75.89,7,75
108075,75.86,7,75
108193,76.54,7,75
108311,76.83,7,75
108430,76.51,7,75
108548,76.67,7,75
108665,76.31,7,75
108784,76.16,7,75
108902,76.72,7,75
109021,76.71,7,75
109138,76.7,7,75
109257,77.19,7,75
109376,77.42,7,75
109495,78.37,7,75
109614,78.97,7,75
109993,76.96,7,75
110111,76.32,7,75
110230,76.28,7,75
110348,76.57,7,75
110466,77.78,7,75
110585,76.8,7,75
110703,76.51,7,75
110822,77.19,7,75
110940,77.87,7,75
111058,77.36,7,75
111177,77.09,7,75
111296,76.59,7,75
111414,77.0,7,75
111533,76.76,7,75
111651,78.46,7,75
111770,86.41,7,75
112286,87.75,3,75
112414,87.75,7,75
112669,78.19,5,75
112790,77.06,7,75
112909,76.97,7,75
113028,77.61,7,75
113146,77.64,7,75
113264,78.44,7,75
113384,79.68,3,75
113510,78.85,7,75
113630,78.99,7,75
113748,77.9,7,75
113867,78.18,7,75
113986,76.46,7,75
114105,75.97,7,75
114223,75.69,7,75
114340,75.29,7,75
114458,75.28,7,75
114576,76.01,7,75
114694,77.42,6,75
114817,86.32,5,75
114946,80.74,3,75
115073,79.91,7,75
115192,78.66,7,75
115311,77.38,7,75
115430,76.51,7,75
115549,76.39,7,75
115666,75.95,7,75
115785,75.43,7,75
115903,74.99,7,75
116020,74.55,7,75
116137,74.6,7,75
116255,74.79,7,75
116373,74.67,7,75
116490,74.4,7,75
116608,74.8,7,75
116725,75.01,7,75
116842,75.27,7,75
116960,75.27,7,75
117078,74.72,7,75
117195,74.35,7,75
117313,73.99,7,75
117430,73.85,7,75
117547,73.83,7,75
117664,73.86,7,75
117781,73.82,7,75
117898,73.86,7,75
118016,73.85,7,75
118132,73.86,7,75
118250,73.87,7,75
118367,73.4,7,75
118483,73.36,7,75
118600,73.32,7,75
118718,73.29,7,75
118835,73.23,7,75
118951,73.23,7,75
119068,73.23,7,75
119185,73.21,7,75
119302,73.2,7,75
119418,73.22,7,75
119535,73.22,7,75
119653,73.21,7,75
119770,73.19,7,75
119886,73.14,7,75
120003,73.14,7,75
120120,73.15,7,75
120237,73.03,7,75
120353,73.06,7,75
120470,72.99,7,75
120587,72.95,7,75
120704,72.88,7,75
120820,72.87,7,75
120937,72.77,7,75
121054,72.78,7,75
121170,72.78,7,75
121287,72.76,7,75
121404,72.77,7,75
121521,72.78,7,75
121637,72.77,7,75
121753,72.78,7,75
121870,72.78,7,75
121987,72.77,7,75
122103,72.77,7,75
122220,72.72,7,75
122337,72.69,7,75
122454,72.69,7,75
122570,72.62,7,75
122687,72.58,7,75
122804,72.51,7,75
122920,72.43,7,75
123036,72.42,7,75
123153,72.34,7,75
123270,72.33,7,75
123386,72.42,7,75
123502,72.42,7,75
123619,72.41,7,75
123736,72.52,7,75
123852,72.54,7,75
123969,72.63,7,75
124085,72.72,7,75
124201,72.78,7,75
124318,72.84,7,75
124435,72.86,7,75
124552,72.86,7,75
124668,72.89,7,75
124785,72.94,7,75
124902,72.94,7,75
125019,72.99,7,75
125135,73.02,7,75
125252,73.03,7,75
125369,73.05,7,75
125486,73.08,7,75
125602,73.13,7,75
125719,73.1,7,75
125837,73.05,7,75
125954,73.05,7,75
126070,73.07,7,75
126187,73.13,7,75
126304,73.18,7,75
126420,73.21,7,75
126537,73.19,7,75
126654,73.22,7,75
126771,73.2,7,75
126887,73.28,7,75
127004,73.29,7,75
127121,73.31,7,75
127239,73.31,7,75
127355,73.52,7,75
127472,73.67,7,75
127589,73.76,7,75
127707,73.82,7,75
127823,73.83,7,75
127940,73.8,7,75
128058,73.74,7,75
128175,73.73,7,75
128291,73.52,7,75
128409,73.41,7,75
128526,73.74,7,75
128643,73.75,7,75
128759,73.77,7,75
128877,73.78,7,75
128994,73.74,7,75
129111,73.77,7,75
129228,73.85,7,75
129345,73.92,7,75
129462,74.3,7,75
129580,74.25,7,75
129696,74.44,7,75
129814,74.78,7,75
129932,75.17,7,75
130050,74.83,7,75
130166,75.25,7,75
130284,74.85,7,75
130402,74.82,7,75
130520,74.83,7,75
130637,74.9,7,75
130754,75.29,7,75
130872,75.3,7,75
130990,75.7,7,75
131107,75.9,7,75
131226,75.73,7,75
131344,75.73,7,75
131462,75.72,7,75
131579,76.03,7,75
131697,76.16,7,75
131815,76.26,7,75
131934,76.59,7,75
132051,77.31,7,75
132170,78.14,7,75
132289,78.41,7,75
132408,78.53,7,75
132528,77.76,7,75
132646,77.52,7,75
132764,77.78,7,75
132883,78.05,7,75
133002,76.89,7,75
133121,76.69,7,75
133238,77.09,7,75
133357,77.49,7,75
133476,78.07,3,75
134000,78.09,4,75
134122,77.97,7,75
134242,78.06,7,75
134361,77.87,7,75
135528,87.53,4,75
135655,89.28,6,75
135779,87.98,7,75
135902,83.84,7,75
136024,81.04,7,75
136143,78.54,7,75
136262,81.13,7,75
136383,84.05,7,75
136504,85.14,7,75
136626,84.3,7,75
136747,83.78,7,75
136868,84.25,6,75
136993,82.71,4,75
137248,84.61,4,75
140932,87.25,3,75
141587,86.17,7,75
141841,87.32,5,75
141965,87.31,5,75
142092,85.76,3,75
142223,86.34,4,75
142347,85.76,7,75
142469,85.3,7,75
142590,85.3,7,75
142712,85.16,7,75
142834,85.22,7,75
142956,85.06,7,75
143078,85.82,7,75
143200,85.48,7,75
143322,86.27,7,75
144103,82.51,7,75
144224,83.28,4,75
145399,94.5,3,75
145528,84.29,3,75
145656,87.42,3,75
145784,88.28,6,75
145910,83.54,4,75
146034,78.27,7,75
146154,76.92,7,75
146272,76.08,7,75
146391,75.8,7,75
146508,75.91,7,75
146626,76.3,7,75
146744,75.78,7,75
146863,75.62,7,75
146980,75.45,7,75
147098,75.36,7,75
147216,75.13,7,75
147334,74.88,7,75
147450,74.67,7,75
147568,74.67,7,75
147686,74.64,7,75
147804,74.76,7,75
147920,74.78,7,75
148038,74.5,7,75
148156,74.24,7,75
148273,74.52,7,75
148390,74.72,7,75
148508,74.62,7,75
148625,74.61,7,75
148743,74.15,7,75
148860,74.29,7,75
148977,74.0,7,75
149095,73.83,7,75
149212,73.75,7,75
149328,73.85,7,75
149446,74.19,7,75
149563,74.17,7,75
149681,73.93,7,75
149797,73.8,7,75
149914,73.82,7,75
150032,73.8,7,75
150149,73.67,7,75
150265,73.69,7,75
150383,73.51,7,75
150500,73.31,7,75
150617,73.42,7,75
150733,73.31,7,75
150851,73.37,7,75
150968,73.32,7,75
151085,73.3,7,75
151201,73.29,7,75
151318,73.28,7,75
151435,73.26,7,75
151552,73.22,7,75
151669,73.26,7,75
151786,73.29,7,75
151903,73.19,7,75
152019,73.09,7,75
152136,73.12,7,75
152253,73.17,7,75
152370,73.16,7,75
152486,73.17,7,75
152603,73.23,7,75
152720,73.18,7,75
152838,73.18,7,75
152954,73.12,7,75
153071,73.11,7,75
153188,73.04,7,75
153305,73.14,7,75
153421,73.13,7,75
153538,73.1,7,75
153655,72.95,7,75
153772,72.95,7,75
153888,72.95,7,75
154005,72.95,7,75
154122,72.84,7,75
154238,72.84,7,75
154355,72.84,7,75
154472,72.88,7,75
154589,72.95,7,75
154705,72.85,7,75
154822,72.84,7,75
154939,72.93,7,75
155056,72.94,7,75
155172,72.94,7,75
155289,72.95,7,75
155406,72.84,7,75
155523,72.85,7,75
155639,72.8,7,75
155756,72.94,7,75
155873,72.96,7,75
155990,72.9,7,75
156106,72.93,7,75
156223,72.91,7,75
156340,72.82,7,75
156456,72.81,7,75
156573,72.76,7,75
156689,72.86,7,75
156806,72.91,7,75
156922,72.96,7,75
157039,72.89,7,75
157156,72.82,7,75
157273,72.83,7,75
157389,72.82,7,75
157506,72.84,7,75
157623,72.82,7,75
157740,72.78,7,75
157856,72.77,7,75
157973,72.77,7,75
158090,72.75,7,75
158206,72.78,7,75
158323,72.81,7,75
158440,72.86,7,75
158557,72.85,7,75
158673,72.87,7,75
158790,72.87,7,75
158907,72.89,7,75
159024,72.94,7,75
159140,72.96,7,75
159257,73.01,7,75
159374,72.95,7,75
159491,73.01,7,75
159607,73.07,7,75
159724,73.06,7,75
159841,73.12,7,75
159958,73.1,7,75
160074,73.11,7,75
160191,73.13,7,75
160308,73.13,7,75
160424,73.08,7,75
160541,73.04,7,75
160658,73.02,7,75
160775,73.08,7,75
160891,73.12,7,75
161008,73.02,7,75
161125,73.11,7,75
161243,73.21,7,75
161359,73.21,7,75
161476,73.2,7,75
161593,73.15,7,75
161710,73.04,7,75
161826,72.91,7,75
161943,72.87,7,75
162060,72.9,7,75
162177,73.04,7,75
162293,73.06,7,75
162410,73.01,7,75
162527,73.13,7,75
162643,73.22,7,75
162760,73.09,7,75
162877,73.07,7,75
162994,73.09,7,75
163110,73.17,7,75
163227,73.17,7,75
163345,73.11,7,75
163462,73.17,7,75
163578,73.22,7,75
163695,73.33,7,75
163812,73.57,7,75
163929,73.6,7,75
164045,73.49,7,75
164163,73.4,7,75
164280,73.4,7,75
164397,73.74,7,75
164513,73.68,7,75
164631,73.6,7,75
164748,73.32,7,75
164865,73.38,7,75
164981,73.37,7,75
165098,73.39,7,75
165216,73.85,7,75
165332,73.81,7,75
165449,73.61,7,75
165567,73.58,7,75
165684,73.55,7,75
165800,73.52,7,75
165917,73.67,7,75
166035,73.85,7,75
166152,73.83,7,75
166268,73.85,7,75
166386,74.17,7,75
166503,74.65,7,75
166621,75.0,7,75
166738,75.18,7,75
166855,74.59,7,75
166973,74.18,7,75
167091,74.22,7,75
167207,74.17,7,75
167325,74.29,7,75
167442,74.29,7,75
167560,74.3,7,75
167676,74.73,7,75
167794,74.76,7,75
167912,75.25,7,75
168030,75.2,7,75
168147,75.67,7,75
168265,75.99,7,75
168383,76.36,7,75
168501,76.9,4,75
168626,77.41,6,75
168745,76.73,7,75
168864,76.81,7,75
168983,79.61,7,75
169102,82.5,3,75
169229,80.2,7,75
169349,78.17,7,75
169468,76.76,7,75
169586,77.1,7,75
169705,77.43,5,75
170091,84.97,4,75
170607,96.07,3,75
170736,95.13,3,75
170866,97.59,7,75
171387,99.27,3,75
171517,98.13,5,75
171776,96.15,3,75
172300,91.92,3,75
173604,78.9,6,75
173727,77.35,7,75
174238,80.28,3,75
175013,78.3,3,75
175139,77.31,7,75
175258,76.9,7,75
175377,77.32,7,75
175495,77.6,7,75
175613,77.24,7,75
175732,78.14,7,75
175851,76.03,7,75
175970,75.79,7,75
176088,76.9,7,75
176205,77.81,7,75
176324,77.83,7,75
176443,76.55,7,75
176562,76.53,7,75
176679,75.82,7,75
176797,75.5,7,75
176915,75.89,7,75
177034,75.26,7,75
177150,74.92,7,75
177268,75.62,7,75
177386,75.73,7,75
177505,75.8,7,75
177623,75.62,7,75
177740,75.09,7,75
177858,74.52,7,75
177975,74.38,7,75
178093,74.35,7,75
178209,74.29,7,75
178327,73.96,7,75
178444,73.74,7,75
178562,73.93,7,75
178678,73.84,7,75
178796,74.04,7,75
178913,73.91,7,75
179030,74.51,7,75
179147,74.39,7,75
179265,74.73,7,75
179382,74.47,7,75
179500,74.63,7,75
179617,74.2,7,75
179734,73.84,7,75
179852,73.67,7,75
179969,73.4,7,75
180085,73.37,7,75
180202,73.38,7,75
180319,73.4,7,75
180436,73.4,7,75
180553,73.45,7,75
180670,73.31,7,75
180787,73.41,7,75
180903,73.31,7,75
181021,73.3,7,75
181138,73.24,7,75
181255,73.23,7,75
181371,73.23,7,75
181488,73.19,7,75
181605,73.12,7,75
181722,72.92,7,75
181838,72.69,7,75
181955,72.58,7,75
182072,73.03,7,75
182189,73.12,7,75
182305,73.03,7,75
182422,73.13,7,75
182539,73.02,7,75
182656,73.13,7,75
182772,73.12,7,75
182890,73.03,7,75
183007,73.02,7,75
183123,72.95,7,75
183240,72.97,7,75
183357,72.96,7,75
183474,72.94,7,75
183590,72.94,7,75
183707,73.05,7,75
183824,72.96,7,75
183941,73.11,7,75
184057,73.32,7,75
184174,73.32,7,75
184291,72.96,7,75
184408,72.96,7,75
184524,72.96,7,75
184641,72.79,7,75
184758,72.87,7,75
184875,72.76,7,75
184991,72.51,7,75
185108,72.65,7,75
185225,72.9,7,75
185341,72.94,7,75
185458,72.99,7,75
185575,72.97,7,75
185692,73.05,7,75
185808,73.04,7,75
185925,73.12,7,75
186042,73.14,7,75
186159,73.14,7,75
186275,73.05,7,75
186392,73.05,7,75
186509,73.05,7,75
186626,73.04,7,75
186742,73.04,7,75
186859,73.12,7,75
186976,73.15,7,75
187092,59.34,7,75
187203,73.2,7,75
187318,73.18,7,75
187432,73.22,7,75
187549,73.14,7,75
187666,73.12,7,75
187783,73.13,7,75
187899,73.11,7,75
188016,73.13,7,75
188133,73.11,7,75
188250,73.09,7,75
188366,73.02,7,75
188483,73.08,7,75
188600,73.12,7,75
188715,51.8,7,75
188823,58.14,7,75
188935,67.76,7,75
189049,71.16,7,75
189165,73.05,7,75
189282,73.11,7,75
189399,73.03,7,75
189515,73.14,7,75
189632,73.13,7,75
189749,73.14,7,75
189865,73.21,7,75
189982,73.18,7,75
190099,73.19,7,75
190216,73.15,7,75
190332,72.96,7,75
190449,73.22,7,75
190567,73.24,7,75
190684,73.21,7,75
190800,73.23,7,75
190917,73.26,7,75
191034,73.23,7,75
191151,73.41,7,75
191267,73.54,7,75
191385,73.32,7,75
191502,73.38,7,75
191619,73.27,7,75
191735,73.26,7,75
191852,73.3,7,75
191969,73.37,7,75
192087,73.32,7,75
192203,73.36,7,75
192320,73.26,7,75
192437,73.26,7,75
192553,73.26,7,75
192670,73.26,7,75
192788,73.31,7,75
192905,73.18,7,75
193021,73.29,7,75
193138,73.23,7,75
193255,73.4,7,75
193372,73.21,7,75
193488,73.23,7,75
193605,73.13,7,75
193723,73.33,7,75
193840,73.26,7,75
193956,73.3,7,75
194073,73.24,7,75
194190,73.26,7,75
194307,73.21,7,75
194423,73.1,7,75
194540,73.3,7,75
194658,73.2,7,75
194775,73.22,7,75
194891,73.27,7,75
195008,73.35,7,75
195125,73.27,7,75
195241,73.21,7,75
195358,73.23,7,75
195476,73.21,7,75
195593,73.21,7,75
195709,73.33,7,75
195826,73.21,7,75
195943,73.29,7,75
196060,73.22,7,75
196176,73.26,7,75
196293,73.23,7,75
196410,73.08,7,75
196528,73.23,7,75
196644,73.14,7,75
196761,73.23,7,75
196878,73.07,7,75
196995,73.23,7,75
197111,73.5,7,75
197228,73.48,7,75
197345,73.4,7,75
197463,73.54,7,75
197579,73.67,7,75
197696,73.49,7,75
197813,73.46,7,75
197931,73.4,7,75
198047,73.36,7,75
198164,73.3,7,75
198281,73.32,7,75
198397,73.49,7,75
198515,73.34,7,75
198632,73.38,7,75
198749,73.41,7,75
198865,73.83,7,75
198983,73.49,7,75
199100,73.54,7,75
199217,73.45,7,75
199333,73.56,7,75
199451,73.72,7,75
199568,73.67,7,75
199685,73.74,7,75
199801,73.72,7,75
199919,73.81,7,75
200036,73.8,7,75
200153,73.48,7,75
200270,73.65,7,75
200387,73.4,7,75
200504,73.5,7,75
200621,73.48,7,75
200738,73.38,7,75
200855,73.21,7,75
200972,73.06,7,75
201089,73.11,7,75
201205,73.19,7,75
201322,73.24,7,75
201439,73.75,7,75
201556,73.83,7,75
201673,73.8,7,75
201790,73.4,7,75
201907,73.4,7,75
202024,73.69,7,75
202141,73.62,7,75
202258,73.84,7,75
202376,73.85,7,75
202492,73.77,7,75
202609,73.73,7,75
202727,73.39,7,75
202844,73.32,7,75
202960,73.24,7,75
203077,73.28,7,75
203194,73.28,7,75
203311,73.32,7,75
203428,73.32,7,75
203545,73.43,7,75
203662,73.4,7,75
203779,73.45,7,75
203895,73.39,7,75
204012,73.55,7,75
204130,73.75,7,75
204247,73.82,7,75
204363,73.4,7,75
204481,73.41,7,75
204598,73.66,7,75
204715,73.83,7,75
204831,74.0,7,75
204949,73.94,7,75
205066,74.29,7,75
205184,74.28,7,75
205300,74.29,7,75
205418,74.29,7,75
205535,73.94,7,75
205652,73.94,7,75
205769,73.92,7,75
205887,73.46,7,75
206004,73.82,7,75
206120,73.74,7,75
206237,73.85,7,75
206355,73.84,7,75
206472,73.84,7,75
206589,74.02,7,75
206706,74.27,7,75
206823,74.31,7,75
206941,74.11,7,75
207057,73.97,7,75
207175,73.89,7,75
207292,74.07,7,75
207410,74.29,7,75
207526,74.3,7,75
207644,74.28,7,75
207761,74.31,7,75
207879,74.29,7,75
207995,74.37,7,75
208113,74.37,7,75
208231,74.32,7,75
208348,74.28,7,75
208465,73.99,7,75
208582,74.26,7,75
208700,74.29,7,75
208817,74.17,7,75
208934,74.27,7,75
209051,73.85,7,75
209169,73.85,7,75
209286,73.82,7,75
209402,73.77,7,75
209520,73.83,7,75
209637,73.81,7,75
209754,73.85,7,75
209871,73.85,7,75
209988,73.83,7,75
210106,73.86,7,75
210223,73.84,7,75
210339,73.84,7,75
210457,73.84,7,75
210574,73.82,7,75
210691,73.85,7,75
210808,73.96,7,75
210925,74.13,7,75
211043,74.07,7,75
211160,73.84,7,75
211276,73.87,7,75
211394,73.86,7,75
211511,73.84,7,75
211629,73.85,7,75
211745,73.85,7,75
211862,73.82,7,75
211980,73.85,7,75
212097,73.83,7,75
212213,73.86,7,75
212331,73.83,7,75
212448,73.6,7,75
212564,73.74,7,75
212682,73.76,7,75
212799,73.72,7,75
212916,73.74,7,75
213033,73.75,7,75
213150,73.77,7,75
213267,73.75,7,75
213384,73.75,7,75
213501,73.78,7,75
213618,73.77,7,75
213735,73.85,7,75
213853,73.84,7,75
213969,73.84,7,75
214087,73.86,7,75
214204,73.82,7,75
214321,73.84,7,75
214438,73.85,7,75
214555,73.83,7,75
214672,73.87,7,75
214790,73.86,7,75
214906,73.82,7,75
215023,73.86,7,75
215141,73.86,7,75
215258,73.83,7,75
215374,73.8,7,75
215492,73.61,7,75
215609,73.67,7,75
215726,73.51,7,75
215843,73.85,7,75
215960,73.84,7,75
216077,73.86,7,75
216195,73.85,7,75
216311,73.84,7,75
216428,73.87,7,75
216546,73.87,7,75
216663,73.82,7,75
216779,73.86,7,75
216897,73.84,7,75
217014,73.82,7,75
217132,73.85,7,75
217248,73.83,7,75
217365,73.85,7,75
217483,73.99,7,75
217600,73.84,7,75
217716,73.85,7,75
217834,73.84,7,75
217951,73.84,7,75
218068,73.87,7,75
218185,73.84,7,75
218302,73.86,7,75
218420,73.87,7,75
218536,73.83,7,75
218653,73.85,7,75
218771,73.85,7,75
218888,73.83,7,75
219004,73.83,7,75
219122,73.83,7,75
219239,73.84,7,75
219357,73.87,7,75
219473,73.85,7,75
219590,73.7,7,75
219708,73.86,7,75
219825,73.84,7,75
219941,73.84,7,75
220059,73.84,7,75
220176,71.78,7,75
220292,57.73,7,75
220402,73.41,7,75
220518,73.3,7,75
220635,73.23,7,75
220751,73.23,7,75
220869,73.24,7,75
220986,73.33,7,75
221103,73.55,7,75
221219,73.88,7,75
221336,74.37,7,75
221454,74.28,7,75
221572,74.12,7,75
221688,73.77,7,75
221805,73.4,7,75
221923,73.48,7,75
222040,49.96,7,75
222147,66.2,7,75
222261,68.02,7,75
222375,73.71,7,75
222492,74.02,7,75
222609,74.21,7,75
222727,74.23,7,75
222843,73.85,7,75
222961,73.83,7,75
223078,73.76,7,75
223195,73.82,7,75
223312,73.83,7,75
223429,73.82,7,75
223546,73.84,7,75
223664,73.4,7,75
223780,73.4,7,75
223897,73.58,7,75
224014,73.74,7,75
224132,73.73,7,75
224248,73.71,7,75
224365,73.72,7,75
224483,73.75,7,75
224600,73.73,7,75
224716,73.67,7,75
224834,73.74,7,75
224951,73.73,7,75
225068,73.74,7,75
225185,73.76,7,75
225302,73.76,7,75
225419,73.74,7,75
225536,73.76,7,75
225653,73.76,7,75
225770,73.73,7,75
225887,73.51,7,75
226004,73.47,7,75
226121,73.45,7,75
226238,73.58,7,75
226355,73.55,7,75
226472,73.85,7,75
226589,73.91,7,75
226706,73.85,7,75
226824,73.84,7,75
226940,73.83,7,75
227058,74.0,7,75
227175,74.25,7,75
227292,74.31,7,75
227409,74.29,7,75
227527,74.43,7,75
227644,74.36,7,75
227762,74.52,7,75
227878,74.39,7,75
227996,74.37,7,75
228114,74.38,7,75
228231,74.31,7,75
228348,74.29,7,75
228465,74.29,7,75
228583,74.28,7,75
228700,74.31,7,75
228817,74.45,7,75
228934,74.3,7,75
229052,74.27,7,75
229170,74.3,7,75
229286,74.28,7,75
229404,74.29,7,75
229521,74.28,7,75
229639,74.28,7,75
229755,74.21,7,75
229873,74.26,7,75
229990,74.29,7,75
230108,74.28,7,75
230224,74.3,7,75
230342,74.28,7,75
230460,74.31,7,75
230577,74.28,7,75
230694,74.28,7,75
230811,74.3,7,75
230929,74.29,7,75
231046,74.29,7,75
231163,74.28,7,75
231280,74.31,7,75
231398,74.28,7,75
231515,74.3,7,75
231632,74.27,7,75
231750,74.29,7,75
231867,74.28,7,75
231985,74.3,7,75
232101,74.28,7,75
232219,74.37,7,75
232336,74.71,7,75
232454,74.47,7,75
232571,74.54,7,75
232688,74.3,7,75
232806,74.23,7,75
232923,74.27,7,75
233040,74.28,7,75
233157,74.3,7,75
233275,74.28,7,75
233392,74.27,7,75
233509,74.28,7,75
233627,74.31,7,75
233744,74.44,7,75
233862,74.46,7,75
233978,74.3,7,75
234096,74.28,7,75
234213,74.3,7,75
234331,74.36,7,75
234448,74.72,7,75
234565,75.19,7,75
234683,75.46,7,75
234801,75.2,7,75
234918,74.92,7,75
235036,74.76,7,75
235154,74.74,7,75
235271,74.75,7,75
235388,74.74,7,75
235506,74.74,7,75
235624,75.17,7,75
235741,75.01,7,75
235858,74.72,7,75
235976,74.73,7,75
236094,74.74,7,75
236211,74.77,7,75
236328,74.74,7,75
236446,74.74,7,75
236564,74.47,7,75
236681,74.29,7,75
236798,74.27,7,75
236915,74.2,7,75
237033,74.17,7,75
237150,74.2,7,75
237267,74.21,7,75
237384,74.21,7,75
237502,73.84,7,75
237619,73.86,7,75
237736,74.0,7,75
237853,73.73,7,75
237970,73.78,7,75
238088,73.79,7,75
238204,73.96,7,75
238321,74.08,7,75
238439,73.8,7,75
238556,73.76,7,75
238673,73.74,7,75
238790,73.6,7,75
238907,73.68,7,75
239025,73.41,7,75
239141,73.41,7,75
239258,73.41,7,75
239375,73.39,7,75
239492,73.38,7,75
239609,73.4,7,75
239726,73.39,7,75
239843,73.41,7,75
239960,73.4,7,75
240076,73.41,7,75
240194,73.58,7,75
240311,73.41,7,75
240428,73.42,7,75
240544,73.49,7,75
240662,73.58,7,75
240779,73.56,7,75
240896,73.74,7,75
241012,73.56,7,75
241130,73.77,7,75
241247,73.62,7,75
241363,73.55,7,75
241481,73.63,7,75
241598,73.57,7,75
241715,73.48,7,75
241831,73.52,7,75
241949,73.58,7,75
242066,73.41,7,75
242183,73.36,7,75
242299,73.41,7,75
242417,73.38,7,75
242534,73.4,7,75
242651,73.58,7,75
242767,73.36,7,75
242884,73.41,7,75
243001,73.4,7,75
243119,73.4,7,75
243235,73.4,7,75
243352,73.4,7,75
243469,73.38,7,75
243586,73.4,7,75
243703,73.38,7,75
243820,73.4,7,75
243937,73.41,7,75
244054,73.38,7,75
244170,73.38,7,75
244287,73.41,7,75
244405,73.41,7,75
244521,73.4,7,75
244638,73.37,7,75
244755,73.38,7,75
244872,73.4,7,75
244989,73.38,7,75
245106,73.39,7,75
245223,73.4,7,75
245340,73.37,7,75
245456,73.38,7,75
245573,73.41,7,75
245691,73.41,7,75
245808,73.41,7,75
245924,73.39,7,75
246041,73.38,7,75
246158,73.39,7,75
246276,73.4,7,75
246392,73.4,7,75
0,80.93,7,80
100,93.52,7,80
224,81.33,7,80
345,80.2,7,80
463,79.15,7,80
583,79.84,7,80
702,79.4,7,80
822,79.47,7,80
941,77.99,7,80
1059,76.25,7,80
1177,78.03,7,80
1296,80.77,7,80
1416,81.08,7,80
1536,84.5,4,80
1665,88.3,6,80
1788,87.98,7,80
1911,89.4,7,80
2034,91.1,6,80
2162,91.23,7,80
2287,91.53,3,80
2417,88.65,7,80
2541,89.42,7,80
2665,87.57,7,80
2787,88.26,7,80
2910,88.02,7,80
3033,84.81,7,80
3154,82.16,7,80
3275,81.27,7,80
3395,80.68,7,80
3515,81.48,7,80
3635,81.96,7,80
3756,81.27,7,80
3875,81.17,7,80
3995,82.11,7,80
4116,82.47,7,80
4237,81.26,7,80
4357,81.01,7,80
4476,80.15,7,80
4596,79.75,7,80
4716,79.83,7,80
4835,79.38,7,80
4955,78.92,7,80
5073,79.02,7,80
5193,79.32,7,80
5312,79.38,7,80
5432,79.14,7,80
5551,78.77,7,80
5669,78.96,7,80
5789,79.17,7,80
5908,79.39,7,80
6027,79.4,7,80
6147,79.29,7,80
6265,79.01,7,80
6385,78.8,7,80
6504,78.88,7,80
6623,79.65,7,80
6743,79.84,7,80
6862,79.37,7,80
6981,79.28,7,80
7101,79.13,7,80
7220,78.94,7,80
7339,78.94,7,80
7458,78.94,7,80
7577,79.37,7,80
7696,79.49,7,80
7816,79.2,7,80
7936,78.84,7,80
8054,78.63,7,80
8173,78.42,7,80
8292,78.23,7,80
8411,78.18,7,80
8529,78.22,7,80
8648,78.31,7,80
8767,78.3,7,80
8886,78.3,7,80
9006,78.33,7,80
9124,78.31,7,80
9243,78.22,7,80
9362,78.15,7,80
9481,78.21,7,80
9600,78.15,7,80
9718,78.05,7,80
9837,77.96,7,80
9956,77.96,7,80
10075,77.89,7,80
10193,77.86,7,80
10312,77.7,7,80
10430,77.69,7,80
10549,77.63,7,80
10668,77.69,7,80
10786,77.83,7,80
10905,78.04,7,80
11024,78.1,7,80
11143,78.2,7,80
11261,78.15,7,80
11380,78.05,7,80
11499,78.06,7,80
11618,78.06,7,80
11737,78.03,7,80
11855,77.99,7,80
11974,77.96,7,80
12093,77.98,7,80
12212,78.15,7,80
12331,78.15,7,80
12449,78.14,7,80
12568,78.15,7,80
12687,78.15,7,80
12806,78.22,7,80
12924,78.22,7,80
13043,78.23,7,80
13162,78.29,7,80
13281,78.33,7,80
13401,78.33,7,80
13519,78.41,7,80
13638,78.42,7,80
13757,78.4,7,80
13876,78.5,7,80
13995,78.86,7,80
14114,78.76,7,80
14233,78.48,7,80
14352,78.3,7,80
14471,78.3,7,80
14589,78.49,7,80
14709,78.75,7,80
14828,78.42,7,80
14947,78.4,7,80
15066,78.48,7,80
15185,78.5,7,80
15304,78.78,7,80
15423,78.91,7,80
15542,78.95,7,80
15662,78.92,7,80
15780,78.9,7,80
15899,78.77,7,80
16019,78.88,7,80
16138,78.87,7,80
16257,78.8,7,80
16376,78.52,7,80
16495,78.41,7,80
16614,78.4,7,80
16733,78.4,7,80
16851,78.69,7,80
16971,78.87,7,80
17090,78.43,7,80
17209,78.4,7,80
17328,78.4,7,80
17446,78.73,7,80
17566,78.88,7,80
17685,78.42,7,80
17804,78.42,7,80
17923,78.68,7,80
18042,78.43,7,80
18161,78.33,7,80
18280,78.32,7,80
18399,78.31,7,80
18518,78.39,7,80
18636,78.76,7,80
18756,78.85,7,80
18875,78.85,7,80
18994,78.68,7,80
19112,78.42,7,80
19232,78.34,7,80
19351,78.28,7,80
19470,78.28,7,80
19589,78.4,7,80
19707,78.46,7,80
19826,78.78,7,80
19946,78.64,7,80
20065,78.33,7,80
20184,78.3,7,80
20302,78.3,7,80
20421,78.33,7,80
20540,78.64,7,80
20660,78.6,7,80
20779,78.36,7,80
20897,78.31,7,80
21016,78.3,7,80
21135,78.33,7,80
21254,78.32,7,80
21373,78.32,7,80
21492,78.29,7,80
21611,78.28,7,80
21730,78.3,7,80
21849,78.3,7,80
21967,78.38,7,80
22086,78.55,7,80
22205,78.82,7,80
22325,78.84,7,80
22444,78.85,7,80
22562,78.55,7,80
22682,78.33,7,80
22801,78.35,7,80
22920,78.51,7,80
23038,78.79,7,80
23157,78.96,7,80
23277,78.92,7,80
23396,78.58,7,80
23515,78.57,7,80
23634,78.87,7,80
23753,78.46,7,80
23872,78.28,7,80
23991,78.21,7,80
24110,78.25,7,80
24228,78.32,7,80
24347,78.36,7,80
24467,78.38,7,80
24586,78.31,7,80
24705,78.33,7,80
24823,78.34,7,80
24942,78.41,7,80
25061,78.55,7,80
25181,78.42,7,80
25299,78.35,7,80
25418,78.35,7,80
25537,78.34,7,80
25656,78.31,7,80
25775,78.29,7,80
25893,78.34,7,80
26012,78.26,7,80
26132,78.13,7,80
26251,78.04,7,80
26370,78.04,7,80
26488,78.04,7,80
26607,78.17,7,80
26726,78.25,7,80
26845,78.3,7,80
26963,78.35,7,80
27082,78.42,7,80
27201,78.6,7,80
27320,78.41,7,80
27440,78.33,7,80
27558,78.22,7,80
27677,78.15,7,80
27796,78.17,7,80
27915,78.25,7,80
28034,78.22,7,80
28152,78.18,7,80
28271,78.23,7,80
28390,78.27,7,80
28509,78.2,7,80
28627,77.9,7,80
28746,77.79,7,80
28865,77.67,7,80
28984,77.7,7,80
29103,68.37,7,80
29217,71.55,7,80
29332,77.81,7,80
29449,77.99,7,80
29568,78.55,7,80
29686,79.12,7,80
29805,80.66,7,80
29925,85.67,7,80
30047,90.38,6,80
30312,81.15,3,80
30442,79.77,7,80
30561,78.53,7,80
30681,69.08,7,80
30795,77.63,7,80
30914,76.08,7,80
31032,77.75,7,80
31151,75.89,7,80
31268,77.72,7,80
31387,76.21,7,80
31505,77.7,7,80
31624,77.67,7,80
31742,77.26,7,80
31861,77.45,7,80
31979,77.4,7,80
32098,75.15,7,80
32216,75.85,7,80
32333,75.89,7,80
32451,76.15,7,80
32569,77.48,7,80
32688,76.98,7,80
32806,78.0,7,80
32925,78.61,7,80
33044,78.61,7,80
33163,78.37,7,80
33282,76.76,7,80
33400,75.82,7,80
33518,76.61,7,80
33636,76.09,7,80
33755,77.46,7,80
33872,78.41,7,80
33991,78.25,7,80
34111,78.15,7,80
34230,78.09,7,80
34349,78.05,7,80
34467,78.0,7,80
34586,78.07,7,80
34705,78.23,7,80
34824,78.32,7,80
34942,79.02,7,80
35061,80.15,7,80
35181,80.93,7,80
35301,80.37,7,80
35421,79.63,7,80
35539,79.73,7,80
35659,80.0,7,80
35779,79.65,7,80
35898,81.09,7,80
36019,79.94,7,80
36137,79.87,7,80
36257,80.67,7,80
36377,80.12,7,80
36497,79.85,7,80
36617,80.04,7,80
36737,80.02,7,80
36856,79.79,7,80
36975,79.57,7,80
37095,80.07,7,80
37215,80.49,7,80
37335,80.43,7,80
37454,80.04,7,80
37574,80.11,7,80
37693,81.3,7,80
37814,79.94,7,80
37934,80.23,7,80
38053,81.02,7,80
38173,80.4,7,80
38293,79.85,7,80
38412,79.69,7,80
38532,79.82,7,80
38651,80.42,7,80
38771,80.53,7,80
38891,80.23,7,80
39011,80.42,7,80
39131,80.23,7,80
39250,79.83,7,80
39369,79.85,7,80
39489,80.3,7,80
39609,80.19,7,80
39729,79.86,7,80
39848,80.26,7,80
39967,79.86,7,80
40087,80.06,7,80
40207,80.05,7,80
40327,80.04,7,80
40446,79.74,7,80
40565,79.86,7,80
40685,79.76,7,80
40802,79.85,7,80
40922,79.27,7,80
41039,79.04,7,80
41158,77.32,7,80
41277,78.86,7,80
41396,79.0,7,80
41516,78.92,7,80
41634,79.05,7,80
41753,79.4,7,80
41873,79.81,7,80
41993,80.01,7,80
42112,79.85,7,80
42231,79.79,7,80
42351,79.95,7,80
42471,79.87,7,80
42590,79.87,7,80
42710,79.87,7,80
42829,79.87,7,80
42949,79.93,7,80
43068,80.06,7,80
43188,79.82,7,80
43308,79.79,7,80
43427,80.43,7,80
43547,80.04,7,80
43666,79.84,7,80
43786,79.85,7,80
43906,79.65,7,80
44025,79.35,7,80
44144,79.48,7,80
44264,79.69,7,80
44383,79.78,7,80
44503,79.53,7,80
44622,79.83,7,80
44741,79.69,7,80
44861,79.37,7,80
44981,79.29,7,80
45100,79.1,7,80
45219,78.9,7,80
45338,78.76,7,80
45457,78.74,7,80
45577,78.78,7,80
45696,78.69,7,80
45814,78.24,7,80
45933,78.08,7,80
46052,78.1,7,80
46171,78.13,7,80
46289,78.14,7,80
46409,78.0,7,80
46528,77.83,7,80
46646,77.75,7,80
46765,77.79,7,80
46883,77.83,7,80
47002,77.93,7,80
47121,78.06,7,80
47240,78.06,7,80
47358,78.05,7,80
47477,78.04,7,80
47596,77.97,7,80
47715,77.95,7,80
47834,77.91,7,80
47952,78.03,7,80
48071,78.06,7,80
48190,78.04,7,80
48309,78.13,7,80
48428,78.13,7,80
48546,78.13,7,80
48665,78.13,7,80
48784,78.32,7,80
48904,78.61,7,80
49022,78.55,7,80
49141,78.65,7,80
49260,78.75,7,80
49379,78.73,7,80
49499,78.25,7,80
49617,78.22,7,80
49736,78.54,7,80
49855,78.59,7,80
49974,78.2,7,80
50094,78.14,7,80
50212,78.21,7,80
50331,78.33,7,80
50450,78.23,7,80
50569,78.32,7,80
50688,78.65,7,80
50806,78.79,7,80
50926,79.22,7,80
51045,79.47,7,80
51165,79.36,7,80
51283,78.87,7,80
51403,78.78,7,80
51522,78.74,7,80
51641,78.76,7,80
51760,78.8,7,80
51879,78.79,7,80
51998,78.77,7,80
52117,78.79,7,80
52237,78.8,7,80
52356,78.66,7,80
52474,78.67,7,80
52593,78.79,7,80
52713,78.81,7,80
52832,78.76,7,80
52951,78.89,7,80
53070,79.22,7,80
53189,79.31,7,80
53309,79.31,7,80
53428,79.35,7,80
53548,79.32,7,80
53666,79.33,7,80
53786,79.31,7,80
53905,79.38,7,80
54025,79.28,7,80
54144,78.86,7,80
54263,78.78,7,80
54382,78.77,7,80
54501,78.69,7,80
54621,78.71,7,80
54739,78.78,7,80
54858,78.84,7,80
54978,78.88,7,80
55097,78.73,7,80
55216,78.59,7,80
55335,78.98,7,80
55454,78.87,7,80
55573,78.85,7,80
55693,79.33,7,80
55812,79.22,7,80
55931,78.87,7,80
56050,78.86,7,80
56169,78.75,7,80
56289,78.54,7,80
56408,78.63,7,80
56526,78.5,7,80
56645,78.19,7,80
56764,78.2,7,80
56883,78.27,7,80
57001,78.48,7,80
57121,78.7,7,80
57240,78.63,7,80
57359,78.77,7,80
57478,78.8,7,80
57597,78.79,7,80
57716,78.95,7,80
57835,78.95,7,80
57955,78.85,7,80
58074,78.86,7,80
58192,78.77,7,80
58312,78.54,7,80
58431,78.53,7,80
58550,78.85,7,80
58670,79.31,7,80
58788,79.42,7,80
58908,79.43,7,80
59027,79.43,7,80
59147,79.37,7,80
59266,79.3,7,80
59385,79.08,7,80
59504,78.84,7,80
59624,78.88,7,80
59743,78.78,7,80
59862,78.84,7,80
59981,79.05,7,80
60100,79.38,7,80
60220,79.55,7,80
60339,79.37,7,80
60459,79.41,7,80
60577,79.45,7,80
60697,79.4,7,80
60817,79.47,7,80
60936,79.29,7,80
61056,78.88,7,80
61174,78.81,7,80
61293,78.79,7,80
61413,78.69,7,80
61532,78.27,7,80
61650,78.23,7,80
61769,78.23,7,80
61888,78.25,7,80
62007,78.34,7,80
62127,78.33,7,80
62245,78.7,7,80
62364,78.63,7,80
62483,78.41,7,80
62602,78.43,7,80
62722,78.77,7,80
62840,78.77,7,80
62959,78.95,7,80
63078,79.32,7,80
63198,79.11,7,80
63316,79.42,7,80
63436,79.75,7,80
63556,79.34,7,80
63675,79.03,7,80
63795,78.87,7,80
63913,78.86,7,80
64032,78.88,7,80
64152,78.86,7,80
64271,78.82,7,80
64390,78.88,7,80
64509,78.88,7,80
64628,78.76,7,80
64747,78.86,7,80
64867,78.87,7,80
64986,78.77,7,80
65104,78.86,7,80
65224,78.89,7,80
65343,78.86,7,80
65462,78.83,7,80
65582,78.87,7,80
65700,78.96,7,80
65819,79.25,7,80
65939,79.23,7,80
66058,79.25,7,80
66178,79.3,7,80
66296,79.32,7,80
66416,79.31,7,80
66535,79.33,7,80
66655,79.23,7,80
66774,79.14,7,80
66893,78.62,7,80
67012,78.33,7,80
67131,78.25,7,80
67250,78.36,7,80
67368,78.42,7,80
67488,78.71,7,80
67607,78.79,7,80
67726,78.77,7,80
67846,78.86,7,80
67964,79.16,7,80
68083,79.64,7,80
68203,79.85,7,80
68323,79.68,7,80
68442,79.42,7,80
68561,79.85,7,80
68681,79.85,7,80
68800,79.64,7,80
68920,79.4,7,80
69040,79.84,7,80
69158,79.41,7,80
69278,79.46,7,80
69398,78.94,7,80
69517,78.48,7,80
69636,78.21,7,80
69754,78.01,7,80
69873,78.04,7,80
69992,78.11,7,80
70111,78.23,7,80
70230,78.32,7,80
70348,78.51,7,80
70468,78.62,7,80
70587,78.65,7,80
70706,79.04,7,80
70823,74.67,7,80
70940,79.85,7,80
71060,80.22,7,80
71179,80.1,7,80
71299,80.04,7,80
71418,79.64,7,80
71538,81.41,7,80
71658,81.3,7,80
71778,81.66,7,80
71899,82.89,7,80
72018,83.07,7,80
72139,81.84,7,80
72260,80.93,7,80
72380,80.31,7,80
72500,80.02,7,80
72619,79.89,7,80
72737,79.23,7,80
72857,79.15,7,80
72976,78.91,7,80
73095,79.13,7,80
73214,79.33,7,80
73333,79.4,7,80
73453,79.38,7,80
73572,79.37,7,80
73692,79.31,7,80
73811,79.31,7,80
73930,79.31,7,80
74049,79.33,7,80
74169,79.31,7,80
74289,79.34,7,80
74407,79.33,7,80
74527,79.25,7,80
74646,78.96,7,80
74765,78.88,7,80
74885,78.87,7,80
75003,78.86,7,80
75123,78.88,7,80
75242,79.31,7,80
75361,79.33,7,80
75481,79.39,7,80
75599,79.7,7,80
75719,79.83,7,80
75839,79.85,7,80
75959,80.3,7,80
76078,80.49,7,80
76197,80.57,7,80
76317,80.49,7,80
76437,80.39,7,80
76557,80.66,7,80
76677,80.57,7,80
76796,80.4,7,80
76916,80.3,7,80
77036,80.31,7,80
77156,80.28,7,80
77276,80.3,7,80
77395,80.31,7,80
77515,80.3,7,80
77635,80.3,7,80
77755,80.12,7,80
77875,80.29,7,80
77993,80.8,7,80
78114,80.93,7,80
78234,80.77,7,80
78354,80.85,7,80
78474,81.19,7,80
78594,81.09,7,80
78714,80.86,7,80
78834,80.76,7,80
78954,80.76,7,80
79074,80.76,7,80
79194,80.77,7,80
79313,80.58,7,80
79433,80.41,7,80
79553,80.26,7,80
79673,79.86,7,80
79793,79.87,7,80
79912,79.58,7,80
80031,79.41,7,80
80151,79.39,7,80
80270,79.4,7,80
80390,79.4,7,80
80508,79.36,7,80
80628,79.32,7,80
80748,78.97,7,80
80867,79.1,7,80
80986,79.09,7,80
81105,79.22,7,80
81224,79.08,7,80
81344,79.03,7,80
81463,79.3,7,80
81583,79.33,7,80
81701,79.03,7,80
81821,78.94,7,80
81940,79.06,7,80
82059,79.12,7,80
82179,79.17,7,80
82297,79.31,7,80
82417,79.16,7,80
82536,79.31,7,80
82656,79.31,7,80
82775,78.96,7,80
82894,78.87,7,80
83013,78.86,7,80
83132,78.88,7,80
83252,78.88,7,80
83371,78.86,7,80
83489,78.88,7,80
83609,78.88,7,80
83728,78.85,7,80
83847,78.87,7,80
83966,78.87,7,80
84085,78.92,7,80
84204,78.96,7,80
84324,78.96,7,80
84443,79.02,7,80
84562,79.04,7,80
84681,78.94,7,80
84800,78.95,7,80
84920,78.97,7,80
85039,78.93,7,80
85158,78.97,7,80
85277,79.26,7,80
85396,79.03,7,80
85516,78.93,7,80
85635,78.95,7,80
85754,78.96,7,80
85873,79.02,7,80
85992,79.11,7,80
86112,79.04,7,80
86231,78.96,7,80
86350,78.92,7,80
86469,78.92,7,80
86588,78.93,7,80
86708,78.93,7,80
86827,78.93,7,80
86946,78.95,7,80
87065,79.01,7,80
87184,78.95,7,80
87304,78.96,7,80
87422,78.89,7,80
87541,78.9,7,80
87661,78.85,7,80
87780,78.85,7,80
87899,78.87,7,80
88018,79.07,7,80
88137,79.27,7,80
88257,79.51,7,80
88376,79.87,7,80
88496,80.05,7,80
88615,80.29,7,80
88735,80.6,7,80
88855,80.24,7,80
88975,80.03,7,80
89095,80.03,7,80
89213,80.3,7,80
89333,80.23,7,80
89453,80.33,7,80
89573,80.29,7,80
89693,80.3,7,80
89812,80.27,7,80
89932,80.1,7,80
90052,80.12,7,80
90171,79.96,7,80
90291,79.85,7,80
90411,79.84,7,80
90530,80.03,7,80
90649,80.29,7,80
90769,79.87,7,80
90889,80.12,7,80
91009,80.31,7,80
91128,80.3,7,80
91248,80.3,7,80
91368,80.2,7,80
91487,79.96,7,80
91607,79.84,7,80
91726,79.75,7,80
91846,79.83,7,80
91965,79.87,7,80
92085,79.49,7,80
92205,79.4,7,80
92323,79.41,7,80
92443,79.58,7,80
92562,79.84,7,80
92682,79.84,7,80
92802,80.11,7,80
92921,80.09,7,80
93041,80.12,7,80
93160,79.85,7,80
93280,79.3,7,80
93400,79.11,7,80
93518,79.04,7,80
93638,78.97,7,80
93757,79.03,7,80
93876,79.33,7,80
93996,78.91,7,80
94114,78.88,7,80
94234,78.9,7,80
94353,78.86,7,80
94472,78.88,7,80
94592,78.88,7,80
94710,78.8,7,80
94829,78.64,7,80
94949,78.45,7,80
95068,78.42,7,80
95186,78.78,7,80
95305,78.83,7,80
95425,78.88,7,80
95544,78.98,7,80
95663,79.16,7,80
95782,79.4,7,80
95901,79.42,7,80
96021,79.1,7,80
96140,79.11,7,80
96260,78.96,7,80
96378,78.89,7,80
96498,78.87,7,80
96617,78.85,7,80
96736,78.66,7,80
96856,78.81,7,80
96974,78.82,7,80
97093,78.85,7,80
97213,78.83,7,80
97332,78.81,7,80
97451,78.86,7,80
97569,78.87,7,80
97689,78.8,7,80
97808,78.86,7,80
97927,78.86,7,80
98046,78.78,7,80
98165,78.51,7,80
98284,78.26,7,80
98403,78.14,7,80
98523,78.06,7,80
98641,78.03,7,80
98760,77.01,7,80
98878,74.59,7,80
98996,73.07,7,80
99112,74.04,7,80
99230,72.65,7,80
99346,72.32,7,80
99463,72.98,7,80
99579,73.01,7,80
99696,72.31,7,80
99813,72.14,7,80
99929,72.35,7,80
100045,72.29,7,80
100162,77.9,7,80
100281,77.96,7,80
100400,77.88,7,80
100518,77.87,7,80
100637,77.87,7,80
100756,77.94,7,80
100875,78.01,7,80
100994,78.58,7,80
101112,78.32,7,80
101232,78.34,7,80
101351,78.54,7,80
101470,78.4,7,80
101588,73.55,7,80
101706,74.89,7,80
101823,78.62,7,80
101942,78.51,7,80
102062,76.83,7,80
102179,70.74,7,80
102295,70.95,7,80
102411,73.11,7,80
102529,71.51,7,80
102644,70.23,7,80
102760,69.89,7,80
102876,70.14,7,80
102991,69.71,7,80
103107,70.19,7,80
103223,70.58,7,80
103340,70.69,7,80
103455,70.25,7,80
103571,71.16,7,80
103687,71.02,7,80
103802,71.15,7,80
103919,71.07,7,80
104035,70.7,7,80
104151,70.44,7,80
104266,70.77,7,80
104382,71.22,7,80
104499,71.11,7,80
104614,70.37,7,80
104730,70.98,7,80
104846,70.87,7,80
104962,70.76,7,80
105077,71.35,7,80
105194,71.32,7,80
105310,71.21,7,80
105426,70.71,7,80
105542,71.33,7,80
105658,70.7,7,80
105774,71.52,7,80
105890,71.08,7,80
106006,71.59,7,80
106123,71.71,7,80
106238,70.68,7,80
106354,70.76,7,80
106470,70.71,7,80
106586,71.29,7,80
106702,71.18,7,80
106818,71.25,7,80
106934,71.65,7,80
107051,71.78,7,80
107166,71.07,7,80
107283,71.25,7,80
107399,70.61,7,80
107514,71.2,7,80
107630,71.52,7,80
107747,70.97,7,80
107863,70.91,7,80
107978,71.07,7,80
108095,70.86,7,80
108211,70.87,7,80
108326,70.78,7,80
108442,71.14,7,80
108559,70.7,7,80
108675,71.4,7,80
108790,71.12,7,80
108906,71.27,7,80
109023,70.98,7,80
109138,71.06,7,80
109254,70.88,7,80
109370,70.53,7,80
109486,71.04,7,80
109602,71.63,7,80
109718,70.95,7,80
109834,70.52,7,80
109949,70.94,7,80
110066,71.09,7,80
110182,70.76,7,80
110298,70.68,7,80
110413,70.44,7,80
110529,70.83,7,80
110645,70.83,7,80
110761,70.42,7,80
110877,70.17,7,80
110992,70.59,7,80
111108,70.84,7,80
111224,70.53,7,80
111340,70.52,7,80
111456,70.76,7,80
111571,71.49,7,80
111687,70.75,7,80
111804,70.88,7,80
111920,70.73,7,80
112035,70.62,7,80
112151,70.72,7,80
112267,70.54,7,80
112382,71.02,7,80
112498,70.83,7,80
112614,70.69,7,80
112731,70.5,7,80
112846,70.42,7,80
112962,70.76,7,80
113078,70.77,7,80
113193,71.0,7,80
113309,71.35,7,80
113426,71.26,7,80
113542,71.35,7,80
113657,71.49,7,80
113774,71.26,7,80
113890,71.07,7,80
114006,71.05,7,80
114121,70.98,7,80
114238,70.89,7,80
114354,70.99,7,80
114469,71.15,7,80
114585,71.32,7,80
114702,70.93,7,80
114818,71.23,7,80
114933,70.72,7,80
115049,70.87,7,80
115165,70.51,7,80
115280,70.69,7,80
115397,70.71,7,80
115513,70.8,7,80
115629,70.78,7,80
115744,70.8,7,80
115860,71.06,7,80
115976,71.19,7,80
116092,70.52,7,80
116208,70.44,7,80
116324,70.53,7,80
116440,70.44,7,80
116555,70.61,7,80
116671,70.8,7,80
116787,70.6,7,80
116902,70.65,7,80
117018,70.94,7,80
117135,71.12,7,80
117251,70.62,7,80
117366,70.45,7,80
117482,70.71,7,80
117598,70.71,7,80
117713,71.11,7,80
117829,70.61,7,80
117945,70.6,7,80
118062,70.96,7,80
118177,70.62,7,80
118293,70.53,7,80
118409,70.45,7,80
118524,70.44,7,80
118640,70.96,7,80
118756,70.77,7,80
118872,71.01,7,80
118988,70.84,7,80
119104,70.42,7,80
119220,70.4,7,80
119335,70.05,7,80
119451,70.14,7,80
119566,70.37,7,80
119682,70.53,7,80
119797,70.36,7,80
119913,70.55,7,80
120030,70.48,7,80
120145,70.73,7,80
120261,70.65,7,80
120377,70.76,7,80
120493,70.44,7,80
120608,70.62,7,80
120724,70.72,7,80
120840,70.85,7,80
120955,70.35,7,80
121071,70.74,7,80
121188,70.62,7,80
121304,70.51,7,80
121419,70.77,7,80
121535,70.69,7,80
121651,70.52,7,80
121766,70.34,7,80
121882,70.61,7,80
121998,70.91,7,80
122114,70.88,7,80
122229,70.5,7,80
122345,71.25,7,80
122462,70.53,7,80
122577,70.62,7,80
122693,70.54,7,80
122809,70.63,7,80
122925,70.54,7,80
123040,71.07,7,80
123156,70.96,7,80
123273,70.82,7,80
123388,71.16,7,80
123504,70.75,7,80
123620,71.09,7,80
123736,71.07,7,80
123852,70.89,7,80
123968,70.9,7,80
124084,70.64,7,80
124199,70.87,7,80
124315,70.8,7,80
124431,70.97,7,80
124548,71.13,7,80
124663,71.45,7,80
124779,71.52,7,80
124896,72.79,7,80
125012,71.29,7,80
125128,70.98,7,80
125245,71.04,7,80
125361,70.71,7,80
125476,71.4,7,80
125592,71.29,7,80
125709,71.18,7,80
125825,71.65,7,80
125941,74.4,7,80
126058,71.5,7,80
126175,71.25,7,80
126290,74.33,7,80
126408,74.66,7,80
126525,72.4,7,80
126642,77.34,7,80
126760,76.63,7,80
126878,71.96,7,80
126995,77.98,7,80
127114,77.95,7,80
127233,77.95,7,80
127351,77.96,7,80
127470,77.98,7,80
127589,77.97,7,80
127708,78.07,7,80
127826,78.08,7,80
127945,78.17,7,80
128064,78.24,7,80
128183,78.23,7,80
128302,78.22,7,80
128420,78.3,7,80
128540,78.32,7,80
128659,78.23,7,80
128778,78.16,7,80
128897,78.16,7,80
129015,78.1,7,80
129134,78.06,7,80
129253,78.06,7,80
129372,78.17,7,80
129490,78.22,7,80
129609,78.24,7,80
129728,78.33,7,80
129848,78.33,7,80
129967,78.32,7,80
130085,78.26,7,80
130204,78.25,7,80
130323,78.16,7,80
130442,78.12,7,80
130562,78.1,7,80
130680,78.23,7,80
130799,78.32,7,80
130918,78.32,7,80
131037,78.24,7,80
131155,78.22,7,80
131274,78.24,7,80
131394,78.27,7,80
131513,78.3,7,80
131632,78.25,7,80
131750,78.25,7,80
131869,78.23,7,80
131988,78.23,7,80
132107,78.27,7,80
132227,78.33,7,80
132345,78.29,7,80
132464,78.27,7,80
132583,78.25,7,80
132702,78.22,7,80
132820,78.2,7,80
132939,78.23,7,80
133059,78.28,7,80
133178,78.34,7,80
133297,78.23,7,80
133415,78.17,7,80
133534,78.21,7,80
133653,78.23,7,80
133772,78.26,7,80
133892,78.3,7,80
134010,78.61,7,80
134129,78.58,7,80
134248,78.05,7,80
134367,78.1,7,80
134486,78.08,7,80
134604,77.99,7,80
134723,78.03,7,80
134842,78.14,7,80
134962,78.16,7,80
135080,78.15,7,80
135199,78.17,7,80
135318,78.16,7,80
135437,78.42,7,80
135556,78.22,7,80
135674,78.25,7,80
135794,78.3,7,80
135913,78.16,7,80
136032,78.16,7,80
136151,78.21,7,80
136269,78.03,7,80
136388,78.07,7,80
136507,78.02,7,80
136626,77.87,7,80
136744,77.85,7,80
136863,77.84,7,80
136982,77.77,7,80
137101,77.72,7,80
137220,77.77,7,80
137338,77.89,7,80
137457,78.06,7,80
137576,78.24,7,80
137695,78.29,7,80
137814,78.07,7,80
137932,77.96,7,80
138051,77.8,7,80
138170,77.87,7,80
138289,77.64,7,80
138407,77.88,7,80
138526,78.09,7,80
138645,77.54,7,80
138764,77.48,7,80
138883,77.44,7,80
139001,77.54,7,80
139120,77.77,7,80
139239,77.81,7,80
139358,77.75,7,80
139476,77.68,7,80
139595,77.49,7,80
139713,77.49,7,80
139832,77.91,7,80
139951,77.79,7,80
140069,77.79,7,80
140188,77.79,7,80
140307,77.95,7,80
140426,77.71,7,80
140545,77.48,7,80
140663,77.43,7,80
140782,77.34,7,80
140900,77.43,7,80
141019,77.56,7,80
141137,77.96,7,80
141256,77.77,7,80
141375,77.8,7,80
141494,77.8,7,80
141613,77.77,7,80
141731,77.73,7,80
141850,77.7,7,80
141969,77.63,7,80
142088,77.58,7,80
142205,77.63,7,80
142324,77.69,7,80
142443,77.75,7,80
142562,77.95,7,80
142681,78.35,7,80
142799,78.4,7,80
142919,78.34,7,80
143038,77.91,7,80
143157,77.96,7,80
143276,77.8,7,80
143394,77.79,7,80
143513,77.71,7,80
143632,77.72,7,80
143751,77.7,7,80
143869,77.7,7,80
143987,77.89,7,80
144106,77.76,7,80
144225,77.7,7,80
144344,77.69,7,80
144462,77.59,7,80
144581,77.71,7,80
144700,77.79,7,80
144819,77.79,7,80
144937,77.84,7,80
145056,77.94,7,80
145175,78.15,7,80
145294,78.01,7,80
145413,77.83,7,80
145531,77.94,7,80
145650,78.14,7,80
145769,78.15,7,80
145888,77.99,7,80
146007,78.21,7,80
146125,77.89,7,80
146244,77.7,7,80
146363,77.93,7,80
146482,77.73,7,80
146600,77.56,7,80
146719,77.59,7,80
146838,77.62,7,80
146957,77.63,7,80
147076,77.88,7,80
147194,78.13,7,80
147313,77.64,7,80
147432,77.61,7,80
147551,77.58,7,80
147670,77.58,7,80
147787,77.87,7,80
147906,77.97,7,80
148026,78.09,7,80
148145,77.82,7,80
148263,77.91,7,80
148382,77.93,7,80
148501,78.2,7,80
148620,77.49,7,80
148739,77.34,7,80
148856,77.31,7,80
148975,77.46,7,80
149094,77.58,7,80
149213,77.62,7,80
149331,77.73,7,80
149450,77.78,7,80
149569,77.86,7,80
149688,77.84,7,80
149807,77.91,7,80
149925,77.98,7,80
150044,78.01,7,80
150163,77.85,7,80
150282,77.93,7,80
150401,77.87,7,80
150519,77.8,7,80
150638,77.83,7,80
150757,77.71,7,80
150876,77.9,7,80
150994,77.88,7,80
151113,77.95,7,80
151232,77.93,7,80
151351,77.82,7,80
151470,77.81,7,80
151588,77.7,7,80
151707,77.73,7,80
151826,77.8,7,80
151945,77.85,7,80
152064,77.94,7,80
152182,77.91,7,80
152301,77.8,7,80
152420,77.77,7,80
152539,77.8,7,80
152656,77.87,7,80
152775,77.82,7,80
152894,77.8,7,80
153013,77.71,7,80
153132,77.68,7,80
153250,77.71,7,80
153369,77.79,7,80
153488,78.29,7,80
153607,78.36,7,80
153725,78.42,7,80
153845,78.11,7,80
153964,78.33,7,80
154083,78.19,7,80
154202,78.34,7,80
154320,78.24,7,80
154439,77.97,7,80
154558,77.82,7,80
154677,77.62,7,80
154796,77.28,7,80
154914,77.32,7,80
155033,77.38,7,80
155152,77.56,7,80
155270,77.69,7,80
155388,77.78,7,80
155507,77.86,7,80
155626,78.2,7,80
155745,78.03,7,80
155864,77.88,7,80
155982,77.94,7,80
156101,78.29,7,80
156221,78.33,7,80
156340,78.07,7,80
156459,77.69,7,80
156577,77.6,7,80
156696,77.96,7,80
156815,78.44,7,80
156934,78.57,7,80
157052,78.44,7,80
157171,78.22,7,80
157291,78.13,7,80
157410,78.5,7,80
157529,78.45,7,80
157647,78.21,7,80
157766,77.93,7,80
157885,78.4,7,80
158004,79.28,7,80
158124,79.38,7,80
158243,79.25,7,80
158362,79.11,7,80
158482,78.93,7,80
158601,78.73,7,80
158720,78.94,7,80
158839,79.0,7,80
158958,78.86,7,80
159078,78.78,7,80
159197,79.1,7,80
159315,78.85,7,80
159435,78.3,7,80
159554,78.5,7,80
159673,79.03,7,80
159793,79.12,7,80
159911,79.17,7,80
160031,79.05,7,80
160150,78.49,7,80
160269,78.76,7,80
160389,78.78,7,80
160507,78.88,7,80
160626,79.42,7,80
160746,78.96,7,80
160865,77.74,7,80
160984,78.82,7,80
161103,78.33,7,80
161222,77.17,7,80
161340,77.41,7,80
161459,78.08,7,80
161577,77.68,7,80
161696,77.71,7,80
161815,77.84,7,80
161934,77.44,7,80
162052,77.42,7,80
162170,77.8,7,80
162289,78.39,7,80
162408,78.79,7,80
162527,78.3,7,80
162646,78.47,7,80
162765,78.06,7,80
162884,78.68,7,80
163003,78.68,7,80
163122,78.63,7,80
163240,78.24,7,80
163360,78.57,7,80
163479,78.64,7,80
163598,78.76,7,80
163717,78.94,7,80
163836,78.86,7,80
163955,78.75,7,80
164075,78.33,7,80
164194,78.31,7,80
164313,78.51,7,80
164431,78.23,7,80
164550,78.51,7,80
164670,78.69,7,80
164789,78.52,7,80
164908,78.76,7,80
165027,78.33,7,80
165146,78.23,7,80
165265,78.48,7,80
165384,78.66,7,80
165502,78.42,7,80
165622,78.4,7,80
165741,78.33,7,80
165860,78.37,7,80
165979,78.13,7,80
166097,78.57,7,80
166217,78.15,7,80
166336,78.15,7,80
166455,78.15,7,80
166574,78.14,7,80
166692,78.33,7,80
166811,78.24,7,80
166930,78.5,7,80
167050,78.57,7,80
167169,78.4,7,80
167287,78.29,7,80
167406,78.39,7,80
167525,78.54,7,80
167645,78.25,7,80
167763,78.06,7,80
167882,78.08,7,80
168001,78.04,7,80
168120,78.2,7,80
168239,78.02,7,80
168357,78.02,7,80
168476,78.14,7,80
168595,78.72,7,80
168715,79.06,7,80
168834,79.04,7,80
168953,79.05,7,80
169072,78.94,7,80
169191,78.51,7,80
169311,78.43,7,80
169430,78.47,7,80
169548,78.51,7,80
169667,78.48,7,80
169787,78.01,7,80
169906,77.9,7,80
170024,77.96,7,80
170143,77.88,7,80
170262,77.86,7,80
170381,77.94,7,80
170500,78.03,7,80
170618,77.9,7,80
170737,77.81,7,80
170856,77.85,7,80
170975,77.85,7,80
171094,77.86,7,80
171212,77.95,7,80
171331,77.96,7,80
171450,77.97,7,80
171569,78.51,7,80
171687,78.6,7,80
171806,78.58,7,80
171925,78.52,7,80
172045,78.51,7,80
172164,78.52,7,80
172282,78.48,7,80
172401,78.42,7,80
172521,78.06,7,80
172640,78.34,7,80
172759,78.51,7,80
172877,78.6,7,80
172996,78.7,7,80
173116,78.78,7,80
173235,78.8,7,80
173353,79.02,7,80
173473,78.8,7,80
173592,78.78,7,80
173711,78.79,7,80
173831,78.78,7,80
173949,78.81,7,80
174069,78.69,7,80
174188,78.68,7,80
174307,78.75,7,80
174427,78.89,7,80
174545,78.96,7,80
174664,79.04,7,80
174784,78.66,7,80
174903,78.14,7,80
175022,77.96,7,80
175140,77.95,7,80
175259,77.99,7,80
175378,78.06,7,80
175497,78.01,7,80
175616,77.91,7,80
175734,77.95,7,80
175853,77.97,7,80
175973,77.97,7,80
176092,77.87,7,80
176210,77.97,7,80
176329,78.04,7,80
176448,78.21,7,80
176567,78.46,7,80
176686,78.49,7,80
176804,78.46,7,80
176923,78.19,7,80
177043,78.21,7,80
177162,78.25,7,80
177281,78.24,7,80
177399,78.49,7,80
177518,78.22,7,80
177637,78.31,7,80
177756,78.04,7,80
177875,77.98,7,80
177994,77.99,7,80
178113,78.06,7,80
178232,78.41,7,80
178351,78.33,7,80
178469,78.26,7,80
178588,78.52,7,80
178707,78.49,7,80
178827,78.13,7,80
178946,78.04,7,80
179064,78.02,7,80
179183,77.98,7,80
179302,77.87,7,80
179421,78.02,7,80
179539,77.96,7,80
179658,77.93,7,80
179777,77.97,7,80
179896,77.98,7,80
180015,77.98,7,80
180133,78.16,7,80
180252,77.88,7,80
180371,77.95,7,80
180490,77.96,7,80
180609,77.91,7,80
180727,77.88,7,80
180846,77.91,7,80
180965,78.09,7,80
181084,77.96,7,80
181202,78.14,7,80
181321,78.13,7,80
181440,77.97,7,80
181559,78.26,7,80
181679,78.09,7,80
181797,78.57,7,80
181916,78.58,7,80
182035,78.4,7,80
182154,78.06,7,80
182273,78.06,7,80
182392,77.99,7,80
182511,77.97,7,80
182630,78.1,7,80
182749,78.18,7,80
182867,77.88,7,80
182986,77.88,7,80
183105,78.18,7,80
183224,77.88,7,80
183343,77.88,7,80
183461,77.87,7,80
183580,78.03,7,80
183699,77.85,7,80
183818,78.08,7,80
183937,77.55,7,80
184055,77.63,7,80
184174,77.67,7,80
184293,77.88,7,80
184412,77.95,7,80
184530,77.9,7,80
184649,77.82,7,80
184768,77.92,7,80
184887,77.92,7,80
185006,78.18,7,80
185124,78.15,7,80
185243,77.93,7,80
185362,77.76,7,80
185481,78.03,7,80
185600,77.96,7,80
185718,77.56,7,80
185837,77.08,7,80
185956,77.39,7,80
186074,77.24,7,80
186192,77.3,7,80
186311,77.13,7,80
186430,77.85,7,80
186548,77.95,7,80
186668,77.56,7,80
186785,77.11,7,80
186904,76.91,7,80
187023,76.55,7,80
187141,76.43,7,80
187259,76.39,7,80
187377,76.48,7,80
187495,76.96,7,80
187614,77.33,7,80
187732,77.06,7,80
187850,77.49,7,80
187969,77.59,7,80
188088,77.46,7,80
188207,77.53,7,80
188325,76.79,7,80
188443,76.93,7,80
188562,76.9,7,80
188681,76.93,7,80
188798,76.61,7,80
188917,77.05,7,80
189035,77.16,7,80
189154,77.38,7,80
189273,77.58,7,80
189391,77.6,7,80
189510,77.04,7,80
189628,77.17,7,80
189747,76.95,7,80
189865,76.97,7,80
189983,76.96,7,80
190102,77.13,7,80
190221,76.7,7,80
190339,76.16,7,80
190456,76.31,7,80
190575,76.21,7,80
190693,77.34,7,80
190812,77.04,7,80
190929,77.2,7,80
191048,76.88,7,80
191167,76.78,7,80
191285,76.88,7,80
191404,77.33,7,80
191521,76.98,7,80
191640,76.98,7,80
191759,76.96,7,80
191877,76.49,7,80
191995,76.53,7,80
192113,76.61,7,80
192231,76.48,7,80
192350,76.55,7,80
192467,76.46,7,80
192586,76.7,7,80
192704,77.08,7,80
192823,77.2,7,80
192942,77.52,7,80
193060,77.37,7,80
193178,77.39,7,80
193297,77.51,7,80
193416,77.52,7,80
193534,77.58,7,80
193653,77.56,7,80
193772,77.5,7,80
193890,77.57,7,80
194009,77.61,7,80
194127,77.61,7,80
194246,77.52,7,80
194365,77.48,7,80
194484,77.52,7,80
194603,77.48,7,80
194720,77.24,7,80
194839,77.24,7,80
194958,77.32,7,80
195077,77.52,7,80
195194,77.42,7,80
195313,76.92,7,80
195432,76.77,7,80
195551,76.88,7,80
195668,77.41,7,80
195787,77.49,7,80
195906,77.15,7,80
196024,77.22,7,80
196143,77.7,7,80
196261,77.33,7,80
196380,77.34,7,80
196499,77.34,7,80
196617,77.33,7,80
196736,77.33,7,80
196854,77.33,7,80
196973,77.29,7,80
197091,77.27,7,80
197210,77.25,7,80
197328,77.05,7,80
197447,76.83,7,80
197565,77.16,7,80
197684,77.16,7,80
197803,77.12,7,80
197920,77.16,7,80
198039,77.17,7,80
198158,76.94,7,80
198276,77.16,7,80
198394,77.46,7,80
198513,77.31,7,80
198631,77.19,7,80
198750,77.15,7,80
198868,76.97,7,80
198987,77.14,7,80
199105,76.99,7,80
199224,77.08,7,80
199342,77.31,7,80
199460,77.52,7,80
199579,77.44,7,80
199698,77.34,7,80
199817,77.29,7,80
199934,77.34,7,80
200053,77.34,7,80
200172,77.34,7,80
200291,77.25,7,80
200410,77.27,7,80
200527,77.25,7,80
200646,77.33,7,80
200765,77.36,7,80
200884,77.79,7,80
201003,77.78,7,80
201120,77.84,7,80
201239,77.88,7,80
201358,77.86,7,80
201477,77.84,7,80
201595,77.67,7,80
201714,77.62,7,80
201833,77.79,7,80
201952,77.35,7,80
202071,77.26,7,80
202189,77.25,7,80
202307,77.21,7,80
202426,77.1,7,80
202545,77.1,7,80
202662,77.12,7,80
202781,77.15,7,80
202900,77.17,7,80
203019,77.16,7,80
203137,77.17,7,80
203255,77.15,7,80
203374,77.16,7,80
203492,77.22,7,80
203611,77.69,7,80
203729,77.6,7,80
203848,77.6,7,80
203967,77.61,7,80
204086,77.6,7,80
204205,77.68,7,80
204322,77.81,7,80
204441,77.83,7,80
204560,77.51,7,80
204679,77.65,7,80
204797,77.57,7,80
204916,77.82,7,80
205035,77.66,7,80
205154,77.57,7,80
205273,77.8,7,80
205391,77.72,7,80
205509,77.67,7,80
205628,77.61,7,80
205747,77.52,7,80
205865,77.81,7,80
205984,77.79,7,80
206103,77.43,7,80
206222,77.4,7,80
206341,77.68,7,80
206458,78.04,7,80
206577,78.15,7,80
206697,77.72,7,80
206816,71.42,7,80
206931,71.15,7,80
207047,77.36,7,80
207166,77.27,7,80
207284,77.33,7,80
207401,77.6,7,80
207519,77.63,7,80
207638,77.7,7,80
207757,77.66,7,80
207876,77.59,7,80
207994,77.51,7,80
208113,77.7,7,80
208232,77.9,7,80
208351,78.25,7,80
208470,78.33,7,80
208588,78.37,7,80
208707,78.14,7,80
208826,78.21,7,80
208945,78.06,7,80
209063,78.08,7,80
209182,77.66,7,80
209301,77.51,7,80
209420,77.51,7,80
209539,77.54,7,80
209657,77.61,7,80
209776,77.8,7,80
209895,78.06,7,80
210014,77.72,7,80
210132,77.75,7,80
210251,77.91,7,80
210370,78.05,7,80
210489,77.99,7,80
210608,77.71,7,80
210726,77.64,7,80
210845,77.62,7,80
210963,77.61,7,80
211082,77.97,7,80
211201,77.67,7,80
211319,77.7,7,80
211438,77.69,7,80
211557,77.83,7,80
211676,77.6,7,80
211794,77.62,7,80
211913,77.53,7,80
212032,77.53,7,80
212151,77.51,7,80
212269,77.51,7,80
212387,77.73,7,80
212506,77.61,7,80
212625,77.61,7,80
212744,77.61,7,80
212862,77.74,7,80
212981,77.68,7,80
213100,77.68,7,80
213219,77.61,7,80
213338,77.58,7,80
213455,77.6,7,80
213574,77.6,7,80
213693,77.59,7,80
213812,77.57,7,80
213931,77.51,7,80
214049,77.51,7,80
214168,77.61,7,80
214287,77.61,7,80
214406,77.61,7,80
214523,77.54,7,80
214642,77.54,7,80
214761,77.52,7,80
214880,77.52,7,80
214999,77.52,7,80
215117,77.51,7,80
215236,77.52,7,80
215354,77.51,7,80
215473,77.52,7,80
215591,77.59,7,80
215710,77.63,7,80
215829,77.69,7,80
215948,77.69,7,80
216067,77.77,7,80
216185,77.68,7,80
216304,77.71,7,80
216423,77.7,7,80
216542,77.7,7,80
216659,77.7,7,80
216778,77.69,7,80
216897,77.66,7,80
217016,77.72,7,80
217135,77.75,7,80
217253,77.72,7,80
217372,77.69,7,80
217491,77.78,7,80
217610,77.89,7,80
217729,77.9,7,80
217847,78.16,7,80
217966,78.16,7,80
218085,78.12,7,80
218204,77.85,7,80
218322,78.14,7,80
218441,78.13,7,80
218560,78.14,7,80
218679,78.13,7,80
218799,78.15,7,80
218917,78.08,7,80
219036,78.14,7,80
219155,78.15,7,80
219274,77.73,7,80
219393,77.79,7,80
219511,77.76,7,80
219630,77.72,7,80
219749,77.71,7,80
219868,77.87,7,80
219986,77.8,7,80
220105,77.95,7,80
220224,77.78,7,80
220343,77.7,7,80
220462,77.7,7,80
220579,77.95,7,80
220699,77.75,7,80
220818,77.7,7,80
220936,77.85,7,80
221054,77.85,7,80
221173,77.7,7,80
221292,77.69,7,80
221411,77.77,7,80
221530,77.67,7,80
221648,77.7,7,80
221767,77.73,7,80
221886,77.8,7,80
222005,77.7,7,80
222124,77.94,7,80
222242,77.71,7,80
222361,77.7,7,80
222480,77.66,7,80
222599,77.67,7,80
222717,77.67,7,80
222836,77.7,7,80
222955,77.72,7,80
223073,77.61,7,80
223192,77.59,7,80
223310,77.69,7,80
223429,77.52,7,80
223548,77.62,7,80
223667,77.55,7,80
223785,77.56,7,80
223904,77.61,7,80
224023,77.62,7,80
224142,77.64,7,80
224260,77.67,7,80
224378,77.85,7,80
224497,77.72,7,80
224616,77.71,7,80
224735,77.69,7,80
224854,77.73,7,80
224972,78.09,7,80
225091,78.14,7,80
225210,77.76,7,80
225329,77.97,7,80
225447,78.14,7,80
225566,78.17,7,80
225685,78.25,7,80
225805,78.25,7,80
225924,78.23,7,80
226042,78.25,7,80
226161,78.24,7,80
226280,78.23,7,80
226399,78.23,7,80
226518,78.25,7,80
226637,78.22,7,80
226756,78.18,7,80
226875,78.14,7,80
226994,78.15,7,80
227112,78.16,7,80
227231,78.19,7,80
227350,78.22,7,80
227469,78.13,7,80
227588,78.14,7,80
227706,78.18,7,80
227826,78.19,7,80
227945,78.25,7,80
228064,78.23,7,80
228183,78.26,7,80
228301,78.32,7,80
228420,78.32,7,80
228539,78.33,7,80
228659,78.33,7,80
228777,78.32,7,80
228896,78.28,7,80
229015,78.25,7,80
229134,78.23,7,80
229253,78.25,7,80
229372,78.23,7,80
229491,78.25,7,80
229610,78.23,7,80
229729,78.23,7,80
229848,78.14,7,80
229966,78.07,7,80
230085,78.18,7,80
230204,78.21,7,80
230323,78.21,7,80
230443,78.16,7,80
230561,78.18,7,80
230680,78.22,7,80
230799,78.22,7,80
230918,78.25,7,80
231036,78.22,7,80
231155,78.22,7,80
231274,78.24,7,80
231394,78.24,7,80
231513,78.24,7,80
231631,78.22,7,80
231750,78.23,7,80
231869,78.23,7,80
231988,78.23,7,80
232107,78.23,7,80
232225,78.22,7,80
232345,78.23,7,80
232464,78.25,7,80
232583,78.24,7,80
232701,78.23,7,80
232820,78.21,7,80
232939,78.21,7,80
233058,78.24,7,80
233178,78.32,7,80
233296,78.33,7,80
233415,78.34,7,80
233534,78.33,7,80
233653,78.32,7,80
233772,78.31,7,80
233890,78.33,7,80
234010,78.34,7,80
234129,78.33,7,80
234248,78.33,7,80
234366,78.32,7,80
234485,78.32,7,80
234604,78.32,7,80
234724,78.33,7,80
234843,78.3,7,80
234961,78.32,7,80
235080,78.31,7,80
235199,78.31,7,80
235318,78.32,7,80
235438,78.32,7,80
235556,78.32,7,80
235675,78.33,7,80
235794,78.32,7,80
0,83.59,7,85
100,82.4,7,85
220,82.35,7,85
340,82.82,7,85
461,83.42,7,85
582,84.08,7,85
703,84.47,7,85
825,85.7,7,85
946,85.76,7,85
1069,89.17,7,85
1191,90.98,7,85
1315,90.34,7,85
1439,87.75,7,85
1562,89.5,7,85
1685,90.0,7,85
1809,87.64,7,85
1932,87.84,7,85
2055,87.82,7,85
2178,89.09,7,85
2300,89.89,7,85
2424,88.46,7,85
2547,87.62,7,85
2670,90.94,7,85
2794,90.62,7,85
2918,90.72,7,85
3042,89.14,7,85
3165,90.77,7,85
3289,89.62,7,85
3412,90.75,7,85
3536,89.54,7,85
3660,90.28,7,85
3783,90.03,7,85
3907,90.65,7,85
4031,89.99,7,85
4155,88.07,7,85
4278,87.1,7,85
4401,85.95,7,85
4523,84.95,7,85
4644,84.48,7,85
4765,84.41,7,85
4887,84.84,7,85
5008,84.84,7,85
5130,85.32,7,85
5252,88.52,7,85
5376,88.06,7,85
5498,87.03,7,85
5620,86.22,7,85
5743,85.76,7,85
5865,85.52,7,85
5987,85.67,7,85
6109,86.36,7,85
6231,87.84,7,85
6353,92.24,7,85
6482,91.09,7,85
6606,89.94,7,85
6730,88.95,7,85
6854,90.31,7,85
6977,88.19,7,85
7100,88.22,7,85
7224,89.27,7,85
7347,89.37,7,85
7471,87.66,7,85
7592,88.31,7,85
7716,85.49,7,85
7838,84.38,7,85
7959,83.8,7,85
8080,83.17,7,85
8201,83.07,7,85
8322,82.9,7,85
8442,82.9,7,85
8563,83.02,7,85
8684,83.07,7,85
8805,83.22,7,85
8926,83.39,7,85
9047,83.18,7,85
9167,82.93,7,85
9288,82.78,7,85
9409,82.77,7,85
9530,82.8,7,85
9651,82.88,7,85
9772,82.91,7,85
9892,82.99,7,85
10013,83.11,7,85
10134,83.24,7,85
10255,83.17,7,85
10376,83.26,7,85
10497,83.24,7,85
10617,83.32,7,85
10738,83.39,7,85
10859,83.44,7,85
10981,83.43,7,85
11102,83.36,7,85
11223,83.35,7,85
11343,83.4,7,85
11464,83.51,7,85
11585,83.53,7,85
11707,83.43,7,85
11828,83.46,7,85
11949,83.5,7,85
12069,83.51,7,85
12190,83.44,7,85
12312,83.29,7,85
12433,83.44,7,85
12554,83.46,7,85
12675,83.54,7,85
12795,83.61,7,85
12916,83.7,7,85
13038,83.69,7,85
13159,83.66,7,85
13280,83.58,7,85
13402,83.55,7,85
13522,83.6,7,85
13643,83.61,7,85
13764,83.6,7,85
13885,83.59,7,85
14007,83.6,7,85
14128,83.6,7,85
14248,83.53,7,85
14369,83.54,7,85
14491,83.46,7,85
14612,83.35,7,85
14733,83.22,7,85
14854,83.23,7,85
14974,83.23,7,85
15095,83.25,7,85
15216,83.26,7,85
15338,83.27,7,85
15459,83.26,7,85
15580,83.33,7,85
15700,83.37,7,85
15821,83.46,7,85
15942,83.51,7,85
16063,83.53,7,85
16185,83.55,7,85
16306,83.74,7,85
16427,83.54,7,85
16547,83.51,7,85
16668,83.55,7,85
16790,83.69,7,85
16911,83.59,7,85
17032,83.79,7,85
17154,83.88,7,85
17274,83.54,7,85
17395,83.42,7,85
17516,83.42,7,85
17638,83.37,7,85
17759,83.38,7,85
17880,83.38,7,85
18000,83.4,7,85
18121,83.42,7,85
18242,83.43,7,85
18364,83.43,7,85
18485,83.44,7,85
18606,83.46,7,85
18726,83.47,7,85
18847,83.47,7,85
18968,83.53,7,85
19090,83.62,7,85
19211,83.54,7,85
19332,83.55,7,85
19452,83.45,7,85
19574,83.38,7,85
19695,83.35,7,85
19816,83.34,7,85
19937,83.37,7,85
20058,83.33,7,85
20178,83.35,7,85
20299,83.36,7,85
20421,83.35,7,85
20542,83.36,7,85
20663,83.39,7,85
20784,83.53,7,85
20904,83.51,7,85
21025,83.54,7,85
21147,83.47,7,85
21268,83.44,7,85
21389,83.42,7,85
21510,83.42,7,85
21630,83.45,7,85
21752,83.47,7,85
21873,83.46,7,85
21994,83.46,7,85
22115,83.58,7,85
22236,83.54,7,85
22358,83.57,7,85
22478,83.57,7,85
22599,83.55,7,85
22720,83.64,7,85
22842,83.88,7,85
22963,84.22,7,85
23084,84.26,7,85
23205,84.24,7,85
23326,84.22,7,85
23448,84.24,7,85
23569,84.24,7,85
23691,84.66,7,85
23812,85.39,7,85
23933,93.23,7,85
24058,90.45,7,85
24182,90.79,7,85
24307,90.7,7,85
24431,90.72,7,85
24555,92.66,5,85
24689,120.76,7,85
24825,101.91,7,85
24954,101.12,7,85
25082,101.25,7,85
25214,119.67,6,85
25355,92.31,6,85
25484,114.82,6,85
25623,89.14,6,85
25751,88.1,6,85
25878,117.58,6,85
26018,114.99,7,85
26155,97.39,5,85
26293,123.5,7,85
26431,88.53,7,85
26554,88.67,5,85
26687,89.23,5,85
26819,115.41,6,85
26958,100.56,5,85
27098,139.54,7,85
27241,100.33,5,85
27381,88.84,7,85
27504,88.72,7,85
27627,88.81,5,85
27760,123.26,5,85
27904,132.37,6,85
28047,90.51,7,85
28171,91.61,7,85
28295,92.14,5,85
28432,90.97,6,85
28561,132.53,6,85
28703,139.09,7,85
28847,116.17,5,85
28989,136.87,7,85
29132,145.9,6,85
29279,135.3,6,85
29422,91.94,7,85
29547,91.86,7,85
29671,91.53,6,85
29800,90.92,5,85
29938,91.67,7,85
30062,95.0,5,85
30197,95.15,7,85
30322,93.25,7,85
30448,93.39,7,85
30573,92.79,7,85
30698,147.79,6,85
30844,135.53,6,85
30987,93.55,5,85
31125,91.22,6,85
31258,92.7,7,85
31383,94.02,6,85
31517,93.24,6,85
31646,91.04,7,85
31771,91.09,7,85
31895,90.37,7,85
32019,90.56,7,85
32143,90.45,7,85
32267,90.01,7,85
32390,87.9,7,85
32514,87.4,7,85
32635,92.13,7,85
32760,89.63,7,85
32884,91.22,7,85
33008,92.3,7,85
33133,91.17,7,85
33257,88.62,7,85
33380,88.12,7,85
33504,88.11,7,85
33627,87.57,7,85
33748,86.87,7,85
33871,85.8,7,85
33993,85.03,7,85
34115,84.59,7,85
34237,84.33,7,85
34358,84.36,7,85
34480,84.73,7,85
34600,85.01,7,85
34722,86.17,7,85
34844,91.07,7,85
34968,90.66,7,85
35092,90.94,7,85
35217,110.87,6,85
35355,92.32,7,85
35479,91.69,7,85
35604,88.45,7,85
35727,86.82,7,85
35850,85.62,7,85
35972,85.9,7,85
36093,86.17,7,85
36216,85.24,7,85
36337,84.4,7,85
36459,84.03,7,85
36581,84.35,7,85
36702,84.33,7,85
36824,84.35,7,85
36944,84.48,7,85
37066,84.87,7,85
37187,84.41,7,85
37309,84.74,7,85
37431,85.33,7,85
37553,85.31,7,85
37675,85.5,7,85
37795,89.39,6,85
37924,92.97,7,85
38049,88.74,7,85
38172,86.03,7,85
38294,89.91,7,85
38418,89.74,7,85
38542,89.8,7,85
38665,90.71,7,85
38789,92.11,7,85
38914,89.23,6,85
39042,88.77,6,85
39171,144.68,6,85
39316,97.77,7,85
39443,93.14,7,85
39569,92.54,7,85
39693,92.38,7,85
39818,92.33,7,85
39943,91.53,7,85
40067,92.14,7,85
40192,91.07,7,85
40315,91.74,7,85
40440,90.8,7,85
40564,91.02,7,85
40688,91.28,7,85
40813,91.97,7,85
40941,91.76,7,85
41066,91.68,7,85
41190,93.81,6,85
41320,145.22,6,85
41466,95.45,5,85
41601,94.28,7,85
41726,94.25,7,85
41851,95.09,7,85
41977,97.73,6,85
42112,98.8,7,85
42240,94.32,7,85
42364,86.53,7,85
42487,86.05,7,85
42609,85.53,7,85
42731,84.99,7,85
42853,84.44,7,85
42974,84.22,7,85
43096,83.8,7,85
43216,83.36,7,85
43337,82.99,7,85
43459,82.91,7,85
43579,83.08,7,85
43701,83.42,7,85
43822,83.47,7,85
43942,83.5,7,85
44063,83.32,7,85
44184,83.39,7,85
44305,83.37,7,85
44426,83.59,7,85
44548,83.45,7,85
44668,83.53,7,85
44789,83.17,7,85
44910,83.6,7,85
45031,83.61,7,85
45153,83.63,7,85
45274,83.75,7,85
45394,83.78,7,85
45515,83.72,7,85
45637,83.68,7,85
45758,83.6,7,85
45879,83.51,7,85
46000,83.46,7,85
46121,83.29,7,85
46242,83.0,7,85
46363,83.13,7,85
46484,83.01,7,85
46605,83.41,7,85
46726,83.54,7,85
46846,83.6,7,85
46967,83.59,7,85
47089,83.62,7,85
47210,83.52,7,85
47331,83.51,7,85
47452,83.37,7,85
47572,83.24,7,85
47693,82.81,7,85
47814,83.17,7,85
47936,82.88,7,85
48057,83.16,7,85
48178,83.36,7,85
48299,83.21,7,85
48419,83.34,7,85
48540,83.36,7,85
48661,83.3,7,85
48782,83.34,7,85
48903,83.34,7,85
49025,83.17,7,85
49145,83.11,7,85
49266,83.18,7,85
49387,83.25,7,85
49508,83.1,7,85
49629,83.26,7,85
49750,83.22,7,85
49870,83.39,7,85
49991,83.16,7,85
50112,83.65,7,85
50233,83.63,7,85
50355,83.42,7,85
50476,83.19,7,85
50596,83.22,7,85
50717,83.52,7,85
50838,83.23,7,85
50959,83.16,7,85
51081,83.44,7,85
51202,83.38,7,85
51322,83.32,7,85
51443,83.34,7,85
51564,83.35,7,85
51685,83.21,7,85
51806,83.06,7,85
51927,83.25,7,85
52048,82.9,7,85
52168,82.87,7,85
52289,82.72,7,85
52410,82.51,7,85
52531,82.16,7,85
52652,82.04,7,85
52772,82.2,7,85
52892,82.45,7,85
53013,82.61,7,85
53134,82.74,7,85
53255,82.63,7,85
53376,82.66,7,85
53495,82.82,7,85
53616,83.14,7,85
53737,83.28,7,85
53858,83.42,7,85
53980,83.82,7,85
54100,83.81,7,85
54221,84.1,7,85
54343,83.94,7,85
54464,83.47,7,85
54585,82.94,7,85
54706,82.48,7,85
54827,82.46,7,85
54947,82.6,7,85
55068,82.6,7,85
55189,82.88,7,85
55309,83.33,7,85
55431,83.75,7,85
55552,84.05,7,85
55672,84.38,7,85
55794,84.83,7,85
55915,92.35,7,85
56041,92.51,7,85
56165,86.07,7,85
56288,84.88,7,85
56409,85.08,7,85
56530,85.25,7,85
56652,84.79,7,85
56774,84.28,7,85
56895,84.12,7,85
57017,84.25,7,85
57138,84.29,7,85
57260,84.33,7,85
57380,84.45,7,85
57502,84.89,7,85
57624,85.15,7,85
57746,86.11,7,85
57868,103.43,7,85
58001,115.5,5,85
58142,103.35,7,85
58275,102.71,7,85
58403,102.05,7,85
58531,102.7,7,85
58660,93.96,5,85
58799,141.82,7,85
58943,92.13,5,85
59081,88.89,7,85
59204,141.65,7,85
59348,112.36,6,85
59487,87.96,7,85
59610,86.4,7,85
59731,84.95,7,85
59853,85.65,7,85
59975,94.34,7,85
60101,97.6,7,85
60227,98.31,7,85
60354,91.09,7,85
60479,90.33,7,85
60603,90.5,7,85
60727,88.72,7,85
60851,88.3,7,85
60974,87.57,7,85
61095,87.82,7,85
61218,92.08,6,85
61348,88.36,7,85
61471,84.87,7,85
61593,85.88,6,85
61720,101.05,6,85
61852,93.78,7,85
61981,87.56,6,85
62109,89.94,4,85
62246,140.25,7,85
62390,98.84,4,85
62530,139.65,7,85
62673,100.58,5,85
62813,140.05,7,85
62957,88.77,7,85
63084,90.47,6,85
63212,88.91,7,85
63336,88.81,7,85
63459,140.44,7,85
63603,89.52,7,85
63730,93.56,5,85
63868,146.64,6,85
64015,141.87,5,85
64160,135.05,6,85
64304,87.26,7,85
64430,86.41,7,85
64552,86.77,7,85
64674,86.94,7,85
64797,86.94,7,85
64919,86.96,7,85
65042,87.28,7,85
65165,88.21,7,85
65288,88.03,7,85
65411,87.62,7,85
65533,87.37,7,85
65655,87.69,7,85
65778,87.22,7,85
65901,86.77,7,85
66023,86.7,7,85
66146,86.55,7,85
66268,86.63,7,85
66391,86.51,7,85
66512,86.32,7,85
66634,86.32,7,85
66757,86.34,7,85
66879,87.33,7,85
67002,87.27,7,85
67124,86.52,7,85
67247,86.85,7,85
67368,86.6,7,85
67491,86.32,7,85
67613,86.59,7,85
67736,86.22,7,85
67858,86.23,7,85
67980,86.23,7,85
68102,85.71,7,85
68225,85.8,7,85
68346,85.88,7,85
68468,85.53,7,85
68590,84.72,7,85
68712,84.8,7,85
68833,84.99,7,85
68955,85.23,7,85
69076,85.24,7,85
69198,85.42,7,85
69320,85.44,7,85
69442,85.62,7,85
69564,85.41,7,85
69686,85.79,7,85
69808,85.62,7,85
69929,85.77,7,85
70051,85.61,7,85
70173,85.15,7,85
70295,84.62,7,85
70417,84.09,7,85
70538,83.99,7,85
70660,83.58,7,85
70780,83.39,7,85
70901,83.29,7,85
71022,83.35,7,85
71143,83.48,7,85
71265,83.63,7,85
71386,83.95,7,85
71506,84.42,7,85
71628,84.45,7,85
71749,84.46,7,85
71871,84.6,7,85
71992,84.65,7,85
72114,84.82,7,85
72236,84.43,7,85
72356,84.48,7,85
72478,84.57,7,85
72600,84.53,7,85
72721,84.5,7,85
72843,84.34,7,85
72964,83.95,7,85
73085,83.89,7,85
73206,83.7,7,85
73327,83.6,7,85
73449,83.7,7,85
73570,83.82,7,85
73691,83.79,7,85
73812,83.62,7,85
73933,83.62,7,85
74054,83.77,7,85
74175,83.7,7,85
74297,83.5,7,85
74418,83.62,7,85
74539,83.6,7,85
74659,83.62,7,85
74781,83.45,7,85
74902,83.13,7,85
75023,82.88,7,85
75144,82.97,7,85
75265,82.97,7,85
75385,83.27,7,85
75506,83.48,7,85
75627,83.9,7,85
75748,84.08,7,85
75870,84.34,7,85
75991,84.33,7,85
76112,84.79,7,85
76234,85.33,7,85
76355,85.86,7,85
76478,85.41,7,85
76600,85.06,7,85
76721,84.96,7,85
76843,84.96,7,85
76964,84.97,7,85
77086,84.95,7,85
77208,84.96,7,85
77329,84.96,7,85
77451,84.97,7,85
77573,85.2,7,85
77694,85.06,7,85
77816,84.97,7,85
77937,84.7,7,85
78059,84.5,7,85
78181,84.82,7,85
78302,84.75,7,85
78424,84.59,7,85
78545,84.5,7,85
78666,84.52,7,85
78788,84.5,7,85
78910,84.8,7,85
79031,85.31,7,85
79153,85.95,7,85
79275,85.96,7,85
79396,85.97,7,85
79519,86.21,7,85
79641,87.3,7,85
79764,86.52,7,85
79886,85.84,7,85
80008,85.54,7,85
80130,84.96,7,85
80251,85.23,7,85
80373,85.5,7,85
80495,86.13,7,85
80617,85.67,7,85
80739,84.95,7,85
80861,85.38,7,85
80983,85.42,7,85
81104,85.36,7,85
81226,85.08,7,85
81348,85.05,7,85
81470,85.44,7,85
81592,86.29,7,85
81714,87.1,7,85
81837,87.81,7,85
81958,88.83,7,85
82082,89.07,7,85
82205,91.05,7,85
82329,92.59,7,85
82454,92.96,7,85
82579,92.97,7,85
82704,91.45,7,85
82829,89.34,7,85
82952,91.34,7,85
83077,86.96,7,85
83198,87.37,7,85
83321,87.01,5,85
83453,123.25,5,85
83596,88.84,7,85
83720,89.99,7,85
83843,90.66,7,85
83968,109.21,7,85
84101,89.64,7,85
84225,91.54,5,85
84359,91.93,6,85
84491,90.51,7,85
84615,87.63,7,85
84738,86.03,7,85
84859,85.68,7,85
84981,85.87,7,85
85103,85.14,7,85
85225,84.96,7,85
85347,84.9,7,85
85469,84.52,7,85
85591,84.19,7,85
85711,84.14,7,85
85833,84.14,7,85
85954,84.01,7,85
86075,84.08,7,85
86197,84.13,7,85
86318,84.13,7,85
86439,84.1,7,85
86560,84.35,7,85
86682,84.24,7,85
86803,84.42,7,85
86925,84.47,7,85
87046,84.53,7,85
87168,84.87,7,85
87289,85.5,7,85
87411,85.37,7,85
87533,85.5,7,85
87655,85.5,7,85
87776,85.28,7,85
87898,85.51,7,85
88019,85.25,7,85
88141,84.44,7,85
88263,83.53,7,85
88384,83.41,7,85
88505,83.39,7,85
88626,83.43,7,85
88748,83.55,7,85
88868,84.11,7,85
88989,84.03,7,85
89111,83.86,7,85
89232,84.1,7,85
89353,84.0,7,85
89475,83.8,7,85
89595,83.6,7,85
89716,83.46,7,85
89838,83.43,7,85
89959,83.1,7,85
90080,82.89,7,85
90201,82.81,7,85
90321,82.8,7,85
90442,82.93,7,85
90563,83.33,7,85
90684,83.1,7,85
90805,83.14,7,85
90926,82.92,7,85
91046,82.98,7,85
91167,82.91,7,85
91288,82.83,7,85
91409,82.72,7,85
91530,82.77,7,85
91651,82.98,7,85
91771,82.97,7,85
91892,83.13,7,85
92013,83.36,7,85
92134,83.6,7,85
92255,84.17,7,85
92376,84.37,7,85
92497,84.62,7,85
92619,84.61,7,85
92740,84.29,7,85
92862,84.22,7,85
92983,83.99,7,85
93105,83.89,7,85
93225,83.9,7,85
93346,83.95,7,85
93468,83.86,7,85
93589,83.83,7,85
93710,83.91,7,85
93832,84.1,7,85
93953,84.04,7,85
94074,83.85,7,85
94195,83.93,7,85
94316,83.63,7,85
94438,83.49,7,85
94559,83.62,7,85
94680,83.96,7,85
94801,83.8,7,85
94922,83.44,7,85
95043,83.36,7,85
95164,83.49,7,85
95285,83.42,7,85
95407,83.52,7,85
95527,83.42,7,85
95648,83.41,7,85
95769,83.44,7,85
95890,83.63,7,85
96012,83.44,7,85
96133,83.42,7,85
96253,83.61,7,85
96374,83.74,7,85
96495,84.06,7,85
96617,84.69,7,85
96739,85.47,7,85
96861,85.84,7,85
96983,85.26,7,85
97104,84.79,7,85
97225,84.52,7,85
97347,83.97,7,85
97468,83.49,7,85
97590,83.0,7,85
97711,82.84,7,85
97831,82.97,7,85
97952,83.45,7,85
98073,83.81,7,85
98194,84.17,7,85
98315,84.26,7,85
98437,84.15,7,85
98557,84.79,7,85
98679,86.25,5,85
98812,87.97,4,85
98950,114.11,7,85
99085,93.46,6,85
99218,87.4,7,85
99341,86.77,7,85
99464,85.95,7,85
99586,85.9,7,85
99707,85.41,7,85
99829,86.04,7,85
99951,85.96,7,85
100073,86.13,7,85
100196,86.78,7,85
100318,88.06,7,85
100441,86.59,7,85
100563,87.23,7,85
100686,86.49,7,85
100809,100.6,7,85
100936,102.61,7,85
101065,102.02,7,85
101194,101.39,7,85
101322,101.68,7,85
101451,101.48,7,85
101579,87.44,7,85
101701,86.04,7,85
101824,85.88,7,85
101946,85.6,7,85
102068,85.68,7,85
102190,86.03,7,85
102311,86.05,7,85
102434,85.95,7,85
102556,85.59,7,85
102678,85.25,7,85
102800,85.14,7,85
102922,85.16,7,85
103044,85.15,7,85
103165,85.14,7,85
103287,84.9,7,85
103408,84.6,7,85
103530,84.14,7,85
103652,84.35,7,85
103773,84.52,7,85
103895,84.6,7,85
104015,84.62,7,85
104137,84.64,7,85
104259,84.96,7,85
104381,85.05,7,85
104502,85.16,7,85
104624,85.62,7,85
104745,86.27,7,85
104868,86.86,7,85
104990,86.58,7,85
105113,86.7,7,85
105235,88.12,7,85
105358,87.94,7,85
105481,86.54,7,85
105604,85.44,7,85
105725,85.29,7,85
105847,85.42,7,85
105969,85.26,7,85
106091,85.2,7,85
106213,85.06,7,85
106335,84.61,7,85
106456,84.64,7,85
106577,84.97,7,85
106699,85.06,7,85
106821,85.05,7,85
106943,84.7,7,85
107064,84.84,7,85
107186,85.06,7,85
107308,84.97,7,85
107429,85.05,7,85
107551,84.71,7,85
107672,84.62,7,85
107794,84.61,7,85
107916,85.07,7,85
108038,85.14,7,85
108158,85.01,7,85
108280,85.0,7,85
108402,84.69,7,85
108524,84.71,7,85
108646,84.63,7,85
108767,84.36,7,85
108889,84.24,7,85
109010,84.2,7,85
109131,84.6,7,85
109253,84.6,7,85
109375,84.61,7,85
109496,84.6,7,85
109618,84.61,7,85
109740,84.61,7,85
109860,84.6,7,85
109982,84.61,7,85
110104,84.6,7,85
110225,84.6,7,85
110347,84.12,7,85
110468,84.07,7,85
110589,84.06,7,85
110710,84.0,7,85
110832,83.81,7,85
110953,83.88,7,85
111075,83.56,7,85
111196,83.55,7,85
111316,83.6,7,85
111438,83.98,7,85
111559,84.06,7,85
111680,84.1,7,85
111802,84.05,7,85
111923,84.58,7,85
112045,85.6,7,85
112166,86.76,7,85
112288,86.79,7,85
112411,88.22,7,85
112534,88.0,7,85
112657,86.14,7,85
112780,84.88,7,85
112901,84.59,7,85
113022,84.2,7,85
113144,84.08,7,85
113265,84.06,7,85
113387,84.1,7,85
113508,84.15,7,85
113630,84.08,7,85
113751,83.64,7,85
113871,83.62,7,85
113993,83.61,7,85
114114,83.6,7,85
114235,83.35,7,85
114357,83.19,7,85
114478,82.99,7,85
114598,82.98,7,85
114719,83.15,7,85
114840,83.43,7,85
114961,83.48,7,85
115082,83.46,7,85
115204,83.53,7,85
115324,83.52,7,85
115445,83.62,7,85
115566,83.62,7,85
115688,84.07,7,85
115809,84.13,7,85
115931,84.14,7,85
116051,84.05,7,85
116173,84.28,7,85
116294,84.63,7,85
116416,84.59,7,85
116537,84.43,7,85
116659,84.19,7,85
116781,84.15,7,85
116901,84.05,7,85
117023,84.56,7,85
117144,84.58,7,85
117266,84.55,7,85
117388,84.53,7,85
117509,84.52,7,85
117630,84.41,7,85
117752,84.15,7,85
117873,83.78,7,85
117994,83.64,7,85
118116,83.61,7,85
118237,83.47,7,85
118358,83.58,7,85
118479,83.8,7,85
118600,84.36,7,85
118721,85.26,7,85
118843,85.7,7,85
118966,86.27,7,85
119088,87.5,7,85
119211,89.01,7,85
119333,90.02,7,85
119457,88.37,7,85
119580,85.51,7,85
119702,85.04,7,85
119824,84.96,7,85
119946,84.62,7,85
120068,84.6,7,85
120189,84.59,7,85
120310,84.27,7,85
120432,84.45,7,85
120553,84.53,7,85
120675,85.09,7,85
120797,85.12,7,85
120919,84.96,7,85
121040,85.23,7,85
121162,84.84,7,85
121283,84.75,7,85
121405,84.7,7,85
121527,84.07,7,85
121648,83.88,7,85
121769,84.49,7,85
121890,84.69,7,85
122012,85.13,7,85
122134,85.23,7,85
122256,84.63,7,85
122378,84.32,7,85
122499,84.0,7,85
122620,83.43,7,85
122741,82.88,7,85
122862,82.58,7,85
122983,82.34,7,85
123104,81.89,7,85
123224,81.64,7,85
123344,81.77,7,85
123464,82.16,7,85
123585,82.26,7,85
123706,82.1,7,85
123827,82.19,7,85
123947,82.41,7,85
124067,82.46,7,85
124188,82.41,7,85
124309,82.56,7,85
124430,82.66,7,85
124550,82.78,7,85
124670,82.83,7,85
124791,82.91,7,85
124912,82.86,7,85
125033,82.91,7,85
125154,82.94,7,85
125275,83.07,7,85
125395,83.49,7,85
125517,83.64,7,85
125638,83.74,7,85
125759,83.88,7,85
125881,83.81,7,85
126002,83.7,7,85
126123,83.76,7,85
126244,83.8,7,85
126365,83.81,7,85
126487,83.76,7,85
126608,83.59,7,85
126729,83.66,7,85
126850,83.73,7,85
126971,83.69,7,85
127092,83.72,7,85
127213,83.8,7,85
127335,83.79,7,85
127456,83.78,7,85
127578,83.81,7,85
127698,83.75,7,85
127819,83.79,7,85
127941,83.72,7,85
128062,83.71,7,85
128183,83.45,7,85
128305,83.61,7,85
128425,83.65,7,85
128546,83.69,7,85
128668,83.72,7,85
128789,84.13,7,85
128910,84.25,7,85
129032,84.07,7,85
129153,83.89,7,85
129274,83.76,7,85
129395,83.59,7,85
129516,83.4,7,85
129638,83.72,7,85
129759,83.82,7,85
129880,83.77,7,85
130001,83.74,7,85
130122,83.7,7,85
130243,83.8,7,85
130365,83.74,7,85
130486,83.75,7,85
130608,83.73,7,85
130728,83.71,7,85
130849,83.68,7,85
130970,83.71,7,85
131092,83.72,7,85
131213,83.69,7,85
131334,83.72,7,85
131456,83.87,7,85
131576,83.76,7,85
131698,83.87,7,85
131819,83.7,7,85
131940,83.81,7,85
132062,83.72,7,85
132183,83.71,7,85
132303,83.63,7,85
132425,83.17,7,85
132546,83.03,7,85
132667,82.91,7,85
132788,82.99,7,85
132909,83.15,7,85
133029,83.7,7,85
133150,83.74,7,85
133272,84.26,7,85
133393,84.63,7,85
133515,84.65,7,85
133637,84.87,7,85
133757,85.26,7,85
133879,84.81,7,85
134001,84.77,7,85
134123,84.41,7,85
134245,84.79,7,85
134366,84.72,7,85
134488,84.71,7,85
134609,84.33,7,85
134730,84.47,7,85
134852,85.77,7,85
134974,118.4,6,85
135114,139.87,7,85
135258,138.4,7,85
135401,101.36,5,85
135541,139.83,7,85
135685,87.82,7,85
135808,86.49,7,85
135930,85.69,7,85
136052,86.84,7,85
136174,149.45,6,85
136323,134.38,5,85
136467,112.37,5,85
136607,100.22,5,85
136747,120.13,5,85
136890,100.14,6,85
137022,98.07,4,85
137162,98.2,3,85
137306,97.74,5,85
137444,86.29,7,85
137566,84.51,7,85
137688,83.9,7,85
137808,84.26,7,85
137930,84.24,7,85
138052,84.24,7,85
138173,83.79,7,85
138294,83.81,7,85
138416,83.79,7,85
138536,83.84,7,85
138658,83.7,7,85
138779,83.67,7,85
138900,83.61,7,85
139022,83.53,7,85
139143,83.51,7,85
139264,83.56,7,85
139384,83.61,7,85
139506,83.44,7,85
139627,83.52,7,85
139748,83.4,7,85
139869,83.52,7,85
139991,83.62,7,85
140111,83.57,7,85
140232,83.17,7,85
140353,83.07,7,85
140474,83.08,7,85
140595,83.12,7,85
140717,83.53,7,85
140837,83.54,7,85
140958,83.5,7,85
141079,83.61,7,85
141201,83.63,7,85
141322,83.72,7,85
141443,83.71,7,85
141563,83.73,7,85
141685,83.72,7,85
141806,83.71,7,85
141928,83.7,7,85
142049,83.72,7,85
142170,83.7,7,85
142290,83.73,7,85
142412,83.71,7,85
142533,83.68,7,85
142655,83.63,7,85
142776,83.62,7,85
142897,83.61,7,85
143017,83.64,7,85
143139,83.69,7,85
143260,83.66,7,85
143381,83.63,7,85
143503,83.64,7,85
143624,83.62,7,85
143745,83.61,7,85
143865,83.63,7,85
143987,83.64,7,85
144108,83.61,7,85
144229,83.65,7,85
144351,83.71,7,85
144472,83.62,7,85
144592,83.68,7,85
144714,83.66,7,85
144835,83.63,7,85
144956,83.61,7,85
145077,83.45,7,85
145199,83.55,7,85
145319,83.52,7,85
145440,83.53,7,85
145561,83.54,7,85
145683,83.49,7,85
145804,83.61,7,85
145925,83.61,7,85
146046,83.63,7,85
146167,83.59,7,85
146288,83.61,7,85
146409,83.63,7,85
146531,83.63,7,85
146652,83.61,7,85
146772,83.61,7,85
146894,83.53,7,85
147015,83.53,7,85
147136,83.19,7,85
147257,83.06,7,85
147378,83.52,7,85
147499,83.33,7,85
147620,83.11,7,85
147741,83.27,7,85
147862,83.34,7,85
147983,83.36,7,85
148104,83.48,7,85
148226,83.53,7,85
148346,83.52,7,85
148467,83.51,7,85
148588,83.41,7,85
148710,83.55,7,85
148831,83.54,7,85
148952,83.37,7,85
149072,83.31,7,85
149194,83.41,7,85
149315,83.46,7,85
149436,83.31,7,85
149557,83.43,7,85
149678,83.45,7,85
149799,83.45,7,85
149920,83.43,7,85
150041,83.1,7,85
150162,83.31,7,85
150283,83.01,7,85
150404,83.01,7,85
150524,82.88,7,85
150645,82.96,7,85
150766,83.01,7,85
150888,83.14,7,85
151009,83.18,7,85
151130,83.5,7,85
151250,83.65,7,85
151371,84.13,7,85
151493,84.24,7,85
151614,84.23,7,85
151736,83.76,7,85
151857,83.87,7,85
151979,84.25,7,85
152099,84.24,7,85
152221,84.23,7,85
152342,83.91,7,85
152464,84.26,7,85
152585,84.26,7,85
152707,84.24,7,85
152827,84.07,7,85
152949,84.21,7,85
153070,84.16,7,85
153192,83.97,7,85
153313,83.68,7,85
153435,83.42,7,85
153555,83.07,7,85
153676,83.08,7,85
153797,83.09,7,85
153918,83.08,7,85
154039,83.18,7,85
154160,83.28,7,85
154280,83.18,7,85
154402,83.25,7,85
154523,83.32,7,85
154644,83.45,7,85
154765,82.96,7,85
154886,82.88,7,85
155006,82.88,7,85
155127,82.89,7,85
155248,82.9,7,85
155369,82.89,7,85
155490,82.89,7,85
155611,82.9,7,85
155731,82.92,7,85
155852,83.34,7,85
155973,82.91,7,85
156094,82.83,7,85
156215,82.79,7,85
156336,82.74,7,85
156456,82.65,7,85
156577,82.78,7,85
156698,82.81,7,85
156819,82.81,7,85
156940,82.81,7,85
157061,82.86,7,85
157181,82.85,7,85
157302,83.13,7,85
157423,83.08,7,85
157544,83.16,7,85
157665,83.08,7,85
157786,82.99,7,85
157906,83.09,7,85
158027,82.82,7,85
158148,82.82,7,85
158269,82.74,7,85
158390,82.74,7,85
158511,82.72,7,85
158631,82.54,7,85
158752,82.43,7,85
158873,82.13,7,85
158994,82.08,7,85
159114,82.19,7,85
159235,82.28,7,85
159355,82.29,7,85
159475,82.3,7,85
159596,82.24,7,85
159717,82.17,7,85
159838,82.23,7,85
159958,82.48,7,85
160078,82.52,7,85
160199,82.37,7,85
160320,82.05,7,85
160441,81.88,7,85
160561,82.13,7,85
160681,82.7,7,85
160802,83.06,7,85
160923,83.61,7,85
161044,83.06,7,85
161165,82.84,7,85
161286,82.81,7,85
161406,82.91,7,85
161527,82.91,7,85
161648,82.91,7,85
161769,82.91,7,85
161890,82.9,7,85
162011,83.23,7,85
162131,83.61,7,85
162252,83.75,7,85
162374,84.14,7,85
162495,84.47,7,85
162617,84.33,7,85
162738,84.25,7,85
162860,83.89,7,85
162980,83.7,7,85
163102,83.71,7,85
163223,83.65,7,85
163344,83.53,7,85
163466,83.51,7,85
163587,83.36,7,85
163707,83.34,7,85
163828,83.07,7,85
163949,83.18,7,85
164071,83.28,7,85
164192,83.5,7,85
164313,83.37,7,85
164433,83.34,7,85
164554,83.09,7,85
164675,82.81,7,85
164796,82.73,7,85
164917,82.82,7,85
165038,82.77,7,85
165158,82.89,7,85
165279,82.88,7,85
165400,82.89,7,85
165521,82.99,7,85
165642,82.87,7,85
165763,83.31,7,85
165883,83.41,7,85
166005,83.12,7,85
166126,83.43,7,85
166247,83.33,7,85
166368,83.38,7,85
166489,83.56,7,85
166610,83.64,7,85
166731,83.79,7,85
166852,83.82,7,85
166974,83.72,7,85
167095,83.61,7,85
167216,83.58,7,85
167337,83.56,7,85
167458,83.63,7,85
167579,83.62,7,85
167700,83.52,7,85
167822,83.54,7,85
167943,83.49,7,85
168064,83.61,7,85
168184,83.61,7,85
168306,83.58,7,85
168427,83.41,7,85
168548,82.99,7,85
168669,82.98,7,85
168790,82.82,7,85
168910,82.73,7,85
169031,82.58,7,85
169152,82.48,7,85
169273,82.55,7,85
169394,82.66,7,85
169515,82.9,7,85
169635,83.02,7,85
169756,83.3,7,85
169877,83.51,7,85
169998,83.31,7,85
170119,83.31,7,85
170241,83.54,7,85
170361,83.36,7,85
170482,83.07,7,85
170603,83.53,7,85
170724,83.49,7,85
170846,83.71,7,85
170967,83.69,7,85
171087,83.7,7,85
171209,83.48,7,85
171330,83.63,7,85
171451,83.67,7,85
171572,83.65,7,85
171694,83.52,7,85
171814,83.5,7,85
171935,83.45,7,85
172057,83.56,7,85
172178,83.66,7,85
172299,83.71,7,85
172420,83.79,7,85
172541,83.87,7,85
172662,83.79,7,85
172784,83.8,7,85
172905,83.78,7,85
173026,83.73,7,85
173148,83.9,7,85
173268,83.72,7,85
173389,83.75,7,85
173511,83.75,7,85
173632,83.67,7,85
173753,83.63,7,85
173875,83.63,7,85
173996,83.59,7,85
174116,83.54,7,85
174238,83.45,7,85
174359,83.53,7,85
174480,83.51,7,85
174601,83.53,7,85
174723,83.63,7,85
174843,83.64,7,85
174964,83.61,7,85
175085,83.63,7,85
175207,83.63,7,85
175328,83.66,7,85
175449,83.62,7,85
175570,83.64,7,85
175691,83.62,7,85
175812,83.6,7,85
175934,83.51,7,85
176055,83.08,7,85
176176,83.18,7,85
176296,83.29,7,85
176417,83.36,7,85
176538,83.5,7,85
176660,83.51,7,85
176781,83.47,7,85
176902,83.32,7,85
177022,83.46,7,85
177143,83.7,7,85
177265,83.62,7,85
177386,83.41,7,85
177507,83.45,7,85
177629,83.18,7,85
177750,83.01,7,85
177870,83.02,7,85
177991,83.15,7,85
178112,83.36,7,85
178233,83.01,7,85
178354,83.01,7,85
178475,83.1,7,85
178595,82.99,7,85
178716,83.3,7,85
178837,83.0,7,85
178959,83.27,7,85
179080,83.18,7,85
179201,83.38,7,85
179321,83.27,7,85
179442,83.39,7,85
179563,83.1,7,85
179684,83.03,7,85
179805,83.54,7,85
179927,83.62,7,85
180047,83.67,7,85
180168,83.66,7,85
180290,83.36,7,85
180411,83.2,7,85
180532,83.2,7,85
180653,83.74,7,85
180774,83.98,7,85
180895,83.57,7,85
181016,83.02,7,85
181137,83.3,7,85
181259,83.2,7,85
181380,83.45,7,85
181500,83.38,7,85
181621,83.38,7,85
181742,83.34,7,85
181864,83.44,7,85
181985,83.52,7,85
182106,83.96,7,85
182226,83.76,7,85
182348,83.82,7,85
182469,84.05,7,85
182591,83.88,7,85
182712,83.69,7,85
182833,83.72,7,85
182955,84.12,7,85
183075,84.04,7,85
183197,84.16,7,85
183318,84.13,7,85
183440,84.16,7,85
183561,83.96,7,85
183683,83.87,7,85
183803,83.62,7,85
183924,83.52,7,85
184046,83.34,7,85
184167,83.5,7,85
184288,83.57,7,85
184409,83.62,7,85
184530,83.72,7,85
184651,83.71,7,85
184772,83.67,7,85
184894,83.98,7,85
185015,83.7,7,85
185136,83.69,7,85
185257,83.71,7,85
185378,83.61,7,85
185499,83.69,7,85
185621,83.64,7,85
185742,83.58,7,85
185863,83.48,7,85
185984,83.43,7,85
186105,83.39,7,85
186226,83.52,7,85
186347,83.59,7,85
186468,83.63,7,85
186590,83.53,7,85
186711,83.54,7,85
186831,83.55,7,85
186952,83.57,7,85
187074,83.52,7,85
187195,83.4,7,85
187316,83.42,7,85
187437,83.44,7,85
187558,83.51,7,85
187679,83.53,7,85
187800,83.51,7,85
187921,83.55,7,85
188043,83.41,7,85
188164,83.6,7,85
188284,83.59,7,85
188405,83.57,7,85
188527,83.54,7,85
188648,83.52,7,85
188769,83.52,7,85
188890,83.53,7,85
189011,83.63,7,85
189132,83.62,7,85
189253,83.61,7,85
189375,83.64,7,85
189496,83.61,7,85
189617,83.56,7,85
189739,83.54,7,85
189859,83.51,7,85
189980,83.42,7,85
190101,83.51,7,85
190222,83.57,7,85
190344,83.67,7,85
190465,84.19,7,85
190586,85.07,7,85
190707,85.67,7,85
190830,87.35,7,85
190952,85.35,7,85
191074,84.68,7,85
191196,85.5,7,85
191318,85.86,7,85
191439,85.74,7,85
191562,85.61,7,85
191684,84.89,7,85
191805,84.79,7,85
191927,85.03,7,85
192049,85.13,7,85
192171,84.76,7,85
192292,84.26,7,85
192413,83.66,7,85
192535,83.56,7,85
192656,83.41,7,85
192777,82.89,7,85
192898,82.64,7,85
193018,82.71,7,85
193139,82.91,7,85
193260,83.44,7,85
193381,83.62,7,85
193502,83.69,7,85
193623,83.63,7,85
193744,83.68,7,85
193865,83.97,7,85
193986,84.22,7,85
194108,84.6,7,85
194230,86.15,7,85
194352,87.95,7,85
194475,85.81,7,85
194596,85.72,7,85
194718,85.67,7,85
194841,85.49,7,85
194963,85.25,7,85
195085,85.3,7,85
195207,84.45,7,85
195328,84.72,7,85
195449,84.36,7,85
195571,84.23,7,85
195692,84.17,7,85
195814,83.79,7,85
195935,84.08,7,85
196057,84.25,7,85
196177,84.25,7,85
196299,84.25,7,85
196420,84.45,7,85
196542,84.25,7,85
196663,84.26,7,85
196785,84.16,7,85
196905,84.18,7,85
197027,84.08,7,85
197148,83.72,7,85
197270,83.72,7,85
197391,83.7,7,85
197512,83.88,7,85
197634,83.82,7,85
197754,83.78,7,85
197876,84.21,7,85
197997,84.22,7,85
198119,84.28,7,85
198240,84.7,7,85
198362,84.53,7,85
198483,84.26,7,85
198604,84.25,7,85
198726,84.26,7,85
198847,84.24,7,85
198969,84.21,7,85
199090,84.14,7,85
199212,84.15,7,85
199332,83.72,7,85
199454,83.66,7,85
199575,83.59,7,85
199696,83.55,7,85
199818,83.43,7,85
199939,83.43,7,85
200059,83.52,7,85
200180,83.54,7,85
200302,83.54,7,85
200423,83.45,7,85
200544,83.1,7,85
200665,83.16,7,85
200785,82.88,7,85
200906,83.0,7,85
201027,83.06,7,85
201148,82.8,7,85
201269,82.79,7,85
201390,82.55,7,85
201510,82.67,7,85
201631,82.86,7,85
201752,82.73,7,85
201873,82.57,7,85
201994,82.48,7,85
202115,82.39,7,85
202235,82.18,7,85
202356,82.05,7,85
202476,82.03,7,85
202597,82.04,7,85
202718,82.23,7,85
202838,82.13,7,85
202958,82.08,7,85
203079,82.21,7,85
203199,82.1,7,85
203320,81.99,7,85
203441,82.08,7,85
203560,82.64,7,85
203681,82.92,7,85
203802,82.65,7,85
203923,82.62,7,85
204044,82.9,7,85
204165,82.74,7,85
204285,82.54,7,85
204406,82.49,7,85
204527,82.64,7,85
204648,82.76,7,85
204769,82.88,7,85
204890,82.85,7,85
205010,82.45,7,85
205130,82.33,7,85
205251,82.43,7,85
205372,82.45,7,85
205493,82.46,7,85
205614,82.46,7,85
205734,82.55,7,85
205854,82.72,7,85
205975,83.0,7,85
206096,83.22,7,85
206217,83.54,7,85
206339,83.91,7,85
206459,84.6,7,85
206581,84.69,7,85
206703,84.27,7,85
206824,84.25,7,85
206946,84.23,7,85
207067,84.25,7,85
207188,84.25,7,85
207309,84.02,7,85
207431,83.73,7,85
207552,83.71,7,85
207673,83.73,7,85
207795,83.99,7,85
207916,84.16,7,85
208037,83.99,7,85
208158,83.72,7,85
208279,83.71,7,85
208401,83.7,7,85
208522,83.64,7,85
208643,83.76,7,85
208764,84.17,7,85
208885,84.74,7,85
209007,84.64,7,85
209129,84.24,7,85
209250,83.88,7,85
209372,84.16,7,85
209492,83.62,7,85
209613,83.71,7,85
209735,83.97,7,85
209856,83.98,7,85
209978,83.62,7,85
210099,83.59,7,85
210220,83.52,7,85
210340,83.54,7,85
210462,83.49,7,85
210583,83.48,7,85
210704,83.43,7,85
210825,83.44,7,85
210947,83.44,7,85
211067,83.45,7,85
211188,83.41,7,85
211309,83.37,7,85
211431,83.29,7,85
211552,83.26,7,85
211673,83.27,7,85
211793,83.22,7,85
211914,83.16,7,85
212035,83.16,7,85
212156,83.16,7,85
212277,83.18,7,85
212399,83.18,7,85
212519,83.08,7,85
212640,83.18,7,85
212761,83.18,7,85
212882,83.2,7,85
213003,83.39,7,85
213124,83.43,7,85
213244,83.49,7,85
213366,83.55,7,85
213487,83.94,7,85
213608,84.21,7,85
213730,84.25,7,85
213851,84.28,7,85
213972,84.33,7,85
214094,84.62,7,85
214215,84.44,7,85
214337,84.29,7,85
214459,84.54,7,85
214580,85.16,7,85
214702,85.48,7,85
214823,85.32,7,85
214945,85.32,7,85
215067,85.24,7,85
215189,85.95,7,85
215311,86.13,7,85
215434,86.12,7,85
215556,86.23,7,85
215677,86.49,7,85
215800,87.18,7,85
215922,87.03,7,85
216045,86.91,7,85
216168,87.27,7,85
216290,88.12,7,85
216413,87.72,7,85
216536,87.13,7,85
216658,88.4,7,85
216781,88.47,7,85
216904,88.58,7,85
217028,88.15,7,85
217151,89.28,7,85
217274,91.87,7,85
217399,92.27,7,85
217524,91.81,7,85
217648,91.79,7,85
217773,91.99,7,85
217896,89.3,7,85
218020,87.04,7,85
218143,86.5,7,85
218265,85.7,7,85
218387,85.51,7,85
218509,86.13,7,85
218632,86.58,7,85
218754,87.22,7,85
218876,87.04,6,85
219004,87.46,7,85
219128,87.22,7,85
219250,86.31,7,85
219373,86.59,7,85
219495,86.94,7,85
219618,86.62,7,85
219740,87.04,7,85
219863,85.97,7,85
219984,85.87,7,85
220107,85.36,7,85
220229,84.8,7,85
220350,84.9,7,85
220472,85.24,7,85
220594,84.79,7,85
220716,85.06,7,85
220837,84.97,7,85
220959,85.04,7,85
221080,85.25,7,85
221202,85.5,7,85
221324,85.24,7,85
221446,85.26,7,85
221568,85.44,7,85
221689,85.06,7,85
221811,85.14,7,85
221933,85.08,7,85
222055,84.77,7,85
222177,84.9,7,85
222299,85.26,7,85
222419,85.72,7,85
222542,88.44,7,85
222665,92.17,7,85
222790,92.13,7,85
222914,91.22,7,85
223039,91.56,7,85
223163,87.84,7,85
223286,87.04,7,85
223409,89.51,7,85
223532,91.3,7,85
223656,91.91,7,85
223781,92.52,7,85
223906,92.45,7,85
224031,93.23,6,85
224160,93.03,7,85
224285,92.94,7,85
224410,92.99,7,85
224535,93.4,7,85
224661,93.59,7,85
224786,93.65,7,85
224911,94.15,7,85
225037,93.78,7,85
225162,93.74,7,85
225287,94.54,7,85
225413,94.11,7,85
225539,95.43,7,85
225665,96.16,7,85
225790,95.91,7,85
225916,95.65,7,85
226042,95.29,7,85
226168,95.58,7,85
226294,95.2,7,85
226420,94.49,7,85
226546,95.73,7,85
226672,95.17,7,85
226798,94.31,7,85
226924,93.98,7,85
227049,93.91,7,85
227175,94.97,7,85
227301,94.48,7,85
227426,94.33,7,85
227552,93.98,7,85
227677,94.31,7,85
227803,94.37,7,85
227928,94.34,7,85
228054,93.72,7,85
228178,94.21,7,85
228304,92.78,7,85
228429,90.6,7,85
228553,91.75,7,85
228678,89.29,7,85
228801,87.82,7,85
228924,87.59,7,85
229047,87.3,7,85
229170,85.67,7,85
229292,85.78,7,85
229413,85.42,7,85
229535,85.14,7,85
229657,84.9,7,85
229779,85.24,7,85
229901,85.24,7,85
230023,84.88,7,85
230145,84.97,7,85
230266,84.9,7,85
230388,84.79,7,85
230509,84.79,7,85
230631,84.98,7,85
230753,85.35,7,85
230875,85.26,7,85
230996,85.27,7,85
231118,85.54,7,85
231240,85.36,7,85
231362,85.28,7,85
231484,85.25,7,85
231606,85.23,7,85
231728,85.22,7,85
231849,85.21,7,85
231971,84.74,7,85
232092,84.71,7,85
232214,84.42,7,85
232336,84.26,7,85
232457,84.24,7,85
232579,84.25,7,85
232699,84.09,7,85
232821,84.24,7,85
232942,84.27,7,85
233064,84.25,7,85
233185,84.3,7,85
233307,84.69,7,85
233428,84.44,7,85
233549,84.37,7,85
233671,84.25,7,85
233793,84.24,7,85
233914,84.13,7,85
234036,84.08,7,85
234157,83.98,7,85
234278,83.72,7,85
234399,83.86,7,85
234520,83.71,7,85
234642,83.99,7,85
234763,84.16,7,85
234885,84.16,7,85
235005,84.07,7,85
235127,84.17,7,85
235248,83.7,7,85
235369,83.83,7,85
235491,83.89,7,85
235612,83.8,7,85
235734,83.98,7,85
235854,84.24,7,85
235976,84.27,7,85
236097,84.5,7,85
236219,84.44,7,85
236340,84.27,7,85
236462,84.65,7,85
236583,84.27,7,85
236704,84.16,7,85
236826,84.25,7,85
236947,83.98,7,85
237069,83.81,7,85
237190,84.05,7,85
237312,84.08,7,85
237432,83.66,7,85
237553,83.67,7,85
237675,83.63,7,85
237796,83.59,7,85
237917,83.58,7,85
238039,83.63,7,85
238159,83.62,7,85
238280,83.64,7,85
238402,83.66,7,85
238523,83.71,7,85
238644,83.67,7,85
238766,83.63,7,85
238886,83.55,7,85
239007,83.52,7,85
239128,83.55,7,85
239250,83.54,7,85
239371,83.46,7,85
239492,83.48,7,85
239612,83.52,7,85
239734,83.48,7,85
239855,83.47,7,85
239976,83.4,7,85
240097,83.36,7,85
240218,83.3,7,85
240339,83.01,7,85
240460,83.02,7,85
240581,83.29,7,85
240702,83.13,7,85
240823,83.35,7,85
240944,83.28,7,85
241064,83.12,7,85
241186,83.08,7,85
241307,83.35,7,85
241428,83.26,7,85
241549,83.2,7,85
241670,83.02,7,85
241790,83.09,7,85
241911,83.26,7,85
242032,83.29,7,85
242154,82.98,7,85
242275,82.97,7,85
242396,83.0,7,85
0,55.24,7,90
100,93.19,7,90
224,94.17,7,90
350,93.9,7,90
475,94.87,7,90
601,96.41,7,90
727,94.85,7,90
852,93.89,7,90
977,97.23,6,90
1248,90.07,5,90
1375,89.3,7,90
1498,89.66,7,90
1622,90.57,7,90
1745,94.11,6,90
1875,93.84,4,90
2014,94.67,7,90
2140,91.91,3,90
2273,93.38,7,90
2398,93.74,5,90
2826,94.67,3,90
2969,97.55,3,90
3106,95.81,6,90
3233,91.09,3,90
3366,90.13,7,90
3490,90.13,7,90
3614,91.75,7,90
3738,95.34,3,90
3872,96.82,7,90
3999,96.28,3,90
4133,95.2,7,90
4258,94.91,7,90
4384,96.14,7,90
4510,95.7,7,90
4636,96.57,3,90
4770,95.77,7,90
4896,95.96,7,90
5023,95.39,3,90
5156,94.47,7,90
5282,95.83,7,90
5408,96.0,7,90
5534,95.31,7,90
5660,95.77,7,90
5786,95.89,7,90
5912,96.66,7,90
6039,95.69,3,90
6173,95.5,7,90
6299,95.68,7,90
6425,96.41,4,90
6557,96.23,6,90
6685,95.76,7,90
6811,95.14,7,90
6937,94.89,7,90
7063,94.78,3,90
7196,94.69,7,90
7322,94.16,7,90
7447,93.42,7,90
7572,94.22,7,90
7698,95.3,7,90
7824,95.3,7,90
7950,94.46,7,90
8075,94.9,3,90
8658,93.53,3,90
9369,97.09,5,90
9922,96.46,4,90
10061,96.75,5,90
10500,96.39,3,90
10643,96.35,3,90
11194,93.14,7,90
11319,93.19,7,90
11445,93.3,7,90
11570,93.31,3,90
11842,93.73,5,90
11970,94.85,5,90
12412,94.66,3,90
12868,94.63,4,90
13006,93.05,7,90
13132,92.1,7,90
13256,91.56,7,90
13381,91.07,7,90
13505,91.08,7,90
13629,91.4,7,90
13753,91.92,7,90
13878,92.42,4,90
14016,92.34,4,90
14154,91.81,7,90
14279,91.42,7,90
14403,91.26,7,90
14527,91.28,7,90
14652,91.75,7,90
14776,91.21,7,90
14901,90.85,7,90
15025,90.75,7,90
15149,90.64,7,90
15272,90.73,7,90
15396,90.96,7,90
15520,90.88,7,90
15644,90.83,7,90
15768,90.77,7,90
15893,90.94,7,90
16017,91.21,7,90
16141,91.65,7,90
16266,92.71,4,90
17597,92.66,7,90
17722,91.65,7,90
17847,91.62,7,90
17971,91.7,7,90
18096,92.01,7,90
18220,91.98,7,90
18344,91.37,7,90
18468,90.57,7,90
18592,89.51,7,90
18716,88.84,7,90
18839,88.39,7,90
18962,88.52,7,90
19086,88.34,7,90
19209,88.26,7,90
19332,88.15,7,90
19454,88.14,7,90
19577,88.07,7,90
19700,88.05,7,90
19823,88.0,7,90
19946,88.04,7,90
20069,88.04,7,90
20192,87.95,7,90
20315,87.8,7,90
20438,87.81,7,90
20560,87.69,7,90
20683,87.53,7,90
20806,87.43,7,90
20929,87.45,7,90
21051,87.47,7,90
21174,87.59,7,90
21297,87.47,7,90
21420,87.51,7,90
21542,87.76,7,90
21664,88.02,7,90
21787,88.33,7,90
21910,88.34,7,90
22034,88.15,7,90
22157,88.02,7,90
22280,87.96,7,90
22403,88.02,7,90
22525,87.97,7,90
22648,87.97,7,90
22771,87.97,7,90
22894,87.98,7,90
23017,88.0,7,90
23140,87.99,7,90
23263,87.97,7,90
23386,87.97,7,90
23508,88.03,7,90
23631,88.14,7,90
23754,88.22,7,90
23877,88.36,7,90
24000,88.24,7,90
24123,88.15,7,90
24246,88.31,7,90
24369,88.13,7,90
24492,87.98,7,90
24614,87.84,7,90
24737,87.78,7,90
24860,87.93,7,90
24983,88.31,7,90
25106,88.12,7,90
25229,87.9,7,90
25352,87.9,7,90
25475,88.04,7,90
25597,88.04,7,90
25720,88.06,7,90
25843,88.49,7,90
25966,88.15,7,90
26090,88.09,7,90
26213,87.97,7,90
26336,88.05,7,90
26459,88.01,7,90
26582,88.02,7,90
26704,88.05,7,90
26827,88.19,7,90
26950,88.03,7,90
27073,88.05,7,90
27196,88.07,7,90
27319,88.49,7,90
27442,88.39,7,90
27565,88.67,7,90
27687,88.78,7,90
27811,88.74,7,90
27934,88.61,7,90
28057,88.27,7,90
28180,87.97,7,90
28303,87.94,7,90
28426,87.98,7,90
28549,88.0,7,90
28672,88.05,7,90
28794,87.98,7,90
28917,87.85,7,90
29040,87.69,7,90
29163,87.69,7,90
29286,87.92,7,90
29409,87.96,7,90
29532,87.94,7,90
29655,87.94,7,90
29777,87.95,7,90
29900,87.89,7,90
30023,87.79,7,90
30146,87.88,7,90
30269,87.94,7,90
30392,87.98,7,90
30515,88.04,7,90
30638,87.96,7,90
30760,87.89,7,90
30883,87.97,7,90
31006,88.06,7,90
31129,88.2,7,90
31252,88.1,7,90
31375,88.02,7,90
31498,87.97,7,90
31621,87.97,7,90
31744,87.9,7,90
31866,87.82,7,90
31989,87.89,7,90
32112,87.87,7,90
32235,87.97,7,90
32358,88.06,7,90
32481,88.13,7,90
32604,87.96,7,90
32727,87.78,7,90
32849,87.74,7,90
32972,87.76,7,90
33095,87.72,7,90
33218,87.68,7,90
33341,87.6,7,90
33464,87.52,7,90
33587,87.43,7,90
33709,87.42,7,90
33831,87.49,7,90
33954,87.52,7,90
34077,87.55,7,90
34199,87.65,7,90
34322,87.78,7,90
34445,87.87,7,90
34568,87.94,7,90
34691,88.18,7,90
34813,88.15,7,90
34936,88.61,7,90
35060,88.6,7,90
35183,88.69,7,90
35306,88.7,7,90
35429,88.69,7,90
35553,88.69,7,90
35676,88.6,7,90
35799,88.67,7,90
35921,88.7,7,90
36045,88.69,7,90
36168,88.77,7,90
36291,88.68,7,90
36415,88.39,7,90
36538,88.32,7,90
36661,88.36,7,90
36784,88.06,7,90
36907,88.02,7,90
37029,87.96,7,90
37152,87.96,7,90
37275,87.96,7,90
37398,87.84,7,90
37521,87.68,7,90
37644,87.63,7,90
37767,87.7,7,90
37890,87.75,7,90
38012,87.71,7,90
38135,87.6,7,90
38258,87.61,7,90
38380,87.64,7,90
38503,87.65,7,90
38626,87.73,7,90
38749,87.83,7,90
38872,87.88,7,90
38994,87.87,7,90
39117,87.72,7,90
39240,87.63,7,90
39363,87.68,7,90
39486,87.67,7,90
39608,87.86,7,90
39731,87.88,7,90
39854,87.85,7,90
39976,87.91,7,90
40099,87.97,7,90
40222,88.01,7,90
40345,88.05,7,90
40468,87.88,7,90
40591,87.87,7,90
40714,87.84,7,90
40837,87.84,7,90
40960,87.89,7,90
41082,87.97,7,90
41205,87.98,7,90
41328,87.97,7,90
41451,87.95,7,90
41574,87.8,7,90
41697,87.69,7,90
41820,87.52,7,90
41943,87.56,7,90
42064,87.7,7,90
42187,87.8,7,90
42310,87.78,7,90
42433,87.8,7,90
42556,87.83,7,90
42679,87.89,7,90
42802,87.8,7,90
42925,87.8,7,90
43047,87.91,7,90
43170,88.26,7,90
43293,88.01,7,90
43416,88.41,7,90
43539,88.42,7,90
43662,88.07,7,90
43785,88.06,7,90
43908,88.35,7,90
44030,88.12,7,90
44154,88.23,7,90
44277,88.54,7,90
44400,88.75,7,90
44523,88.76,7,90
44646,88.79,7,90
44770,88.7,7,90
44893,88.75,7,90
45016,88.78,7,90
45139,88.79,7,90
45262,88.68,7,90
45385,88.59,7,90
45509,88.16,7,90
45632,87.89,7,90
45755,87.96,7,90
45878,88.58,7,90
46001,88.6,7,90
46124,88.56,7,90
46246,88.44,7,90
46369,88.44,7,90
46493,88.24,7,90
46616,87.99,7,90
46739,87.91,7,90
46862,87.9,7,90
46985,88.09,7,90
47108,88.24,7,90
47230,88.15,7,90
47353,88.24,7,90
47476,88.5,7,90
47599,88.3,7,90
47722,88.21,7,90
47845,87.97,7,90
47968,88.03,7,90
48091,88.56,7,90
48215,88.8,7,90
48337,89.3,7,90
48460,89.74,7,90
48584,89.77,7,90
48708,89.38,7,90
48831,88.71,7,90
48955,88.39,7,90
49078,88.43,7,90
49201,88.51,7,90
49324,88.56,7,90
49446,88.5,7,90
49570,88.18,7,90
49693,87.96,7,90
49816,87.88,7,90
49939,87.79,7,90
50062,87.82,7,90
50185,87.94,7,90
50308,88.51,7,90
50430,88.44,7,90
50553,88.61,7,90
50676,88.41,7,90
50799,88.04,7,90
50922,88.31,7,90
51046,88.29,7,90
51169,88.12,7,90
51292,88.05,7,90
51415,88.05,7,90
51537,88.15,7,90
51660,88.23,7,90
51783,88.11,7,90
51906,88.34,7,90
52029,88.22,7,90
52152,88.08,7,90
52276,87.98,7,90
52399,87.98,7,90
52520,87.97,7,90
52643,87.9,7,90
52766,87.88,7,90
52889,87.79,7,90
53012,87.75,7,90
53135,87.79,7,90
53258,87.79,7,90
53381,87.79,7,90
53504,87.8,7,90
53626,87.79,7,90
53749,87.83,7,90
53872,87.88,7,90
53995,87.91,7,90
54118,87.9,7,90
54241,87.95,7,90
54364,87.98,7,90
54487,87.99,7,90
54609,87.98,7,90
54731,87.98,7,90
54854,87.97,7,90
54977,87.97,7,90
55100,88.07,7,90
55223,88.28,7,90
55347,88.15,7,90
55470,88.27,7,90
55592,88.07,7,90
55715,88.28,7,90
55838,88.4,7,90
55961,88.61,7,90
56084,88.49,7,90
56207,88.15,7,90
56331,88.33,7,90
56454,88.53,7,90
56577,88.61,7,90
56699,88.64,7,90
56822,88.7,7,90
56946,88.7,7,90
57069,88.69,7,90
57192,88.65,7,90
57315,88.61,7,90
57439,88.53,7,90
57562,88.15,7,90
57684,88.14,7,90
57807,88.05,7,90
57930,87.98,7,90
58053,87.98,7,90
58176,87.98,7,90
58299,87.98,7,90
58422,87.94,7,90
58545,87.98,7,90
58668,87.88,7,90
58790,87.88,7,90
58913,87.88,7,90
59036,87.88,7,90
59159,87.76,7,90
59282,87.63,7,90
59405,87.48,7,90
59527,87.4,7,90
59650,87.48,7,90
59772,87.72,7,90
59895,87.96,7,90
60018,88.05,7,90
60141,88.07,7,90
60264,88.28,7,90
60387,87.99,7,90
60510,88.07,7,90
60633,88.14,7,90
60755,88.08,7,90
60878,88.46,7,90
61001,88.63,7,90
61124,88.71,7,90
61248,88.7,7,90
61371,88.69,7,90
61494,88.69,7,90
61618,88.69,7,90
61741,88.69,7,90
61863,88.67,7,90
61986,88.69,7,90
62110,88.69,7,90
62233,88.7,7,90
62356,88.68,7,90
62479,88.61,7,90
62603,88.61,7,90
62726,88.32,7,90
62849,88.59,7,90
62971,88.69,7,90
63095,88.7,7,90
63218,88.74,7,90
63341,88.78,7,90
63464,88.77,7,90
63588,88.77,7,90
63711,88.78,7,90
63834,88.78,7,90
63958,88.79,7,90
64080,88.77,7,90
64203,88.69,7,90
64327,88.69,7,90
64450,88.6,7,90
64573,88.48,7,90
64696,88.36,7,90
64819,88.15,7,90
64943,88.48,7,90
65065,88.59,7,90
65188,88.62,7,90
65311,88.69,7,90
65435,88.67,7,90
65558,88.56,7,90
65681,88.52,7,90
65804,88.53,7,90
65927,88.6,7,90
66051,88.59,7,90
66173,88.6,7,90
66296,88.63,7,90
66419,88.68,7,90
66543,88.62,7,90
66666,88.6,7,90
66789,88.57,7,90
66912,88.33,7,90
67036,88.6,7,90
67159,88.61,7,90
67281,88.7,7,90
67404,88.69,7,90
67527,88.77,7,90
67651,88.9,7,90
67774,88.73,7,90
67898,88.69,7,90
68021,88.67,7,90
68144,88.59,7,90
68267,88.51,7,90
68390,88.39,7,90
68513,88.6,7,90
68636,88.57,7,90
68759,88.57,7,90
68882,88.54,7,90
69006,88.38,7,90
69129,88.32,7,90
69252,88.45,7,90
69374,88.31,7,90
69497,88.31,7,90
69621,88.59,7,90
69744,88.23,7,90
69867,88.09,7,90
69990,88.05,7,90
70113,87.98,7,90
70236,87.93,7,90
70359,87.89,7,90
70481,87.97,7,90
70604,87.97,7,90
70727,87.97,7,90
70850,88.04,7,90
70973,87.97,7,90
71096,87.97,7,90
71219,87.97,7,90
71342,87.97,7,90
71464,88.01,7,90
71587,87.98,7,90
71710,87.98,7,90
71833,87.97,7,90
71956,87.91,7,90
72079,87.88,7,90
72202,87.84,7,90
72325,87.69,7,90
72448,87.51,7,90
72569,87.3,7,90
72692,87.17,7,90
72815,87.26,7,90
72938,87.36,7,90
73060,87.48,7,90
73183,87.63,7,90
73306,87.84,7,90
73428,88.02,7,90
73551,88.57,7,90
73674,88.65,7,90
73797,88.69,7,90
73920,88.7,7,90
74044,89.15,7,90
74167,89.2,7,90
74291,89.33,7,90
74414,89.69,7,90
74537,89.58,7,90
74660,89.25,7,90
74784,89.25,7,90
74907,89.18,7,90
75031,88.93,7,90
75154,88.79,7,90
75278,88.7,7,90
75401,88.68,7,90
75524,88.58,7,90
75646,88.6,7,90
75770,88.64,7,90
75893,88.7,7,90
76016,88.68,7,90
76139,88.69,7,90
76263,88.7,7,90
76386,88.69,7,90
76509,88.67,7,90
76632,88.7,7,90
76755,89.0,7,90
76878,89.14,7,90
77002,88.87,7,90
77125,88.78,7,90
77248,89.23,7,90
77372,89.27,7,90
77495,89.3,7,90
77619,89.28,7,90
77742,89.23,7,90
77865,89.22,7,90
77988,89.24,7,90
78112,89.23,7,90
78235,89.19,7,90
78359,89.04,7,90
78482,88.75,7,90
78605,89.21,7,90
78729,88.86,7,90
78852,88.79,7,90
78976,89.06,7,90
79098,89.21,7,90
79222,89.23,7,90
79345,89.23,7,90
79468,89.21,7,90
79592,89.31,7,90
79715,89.69,7,90
79839,89.82,7,90
79963,90.08,7,90
80087,89.99,7,90
80209,89.8,7,90
80333,89.51,7,90
80457,89.21,7,90
80580,89.22,7,90
80704,88.79,7,90
80827,88.76,7,90
80950,88.77,7,90
81074,88.77,7,90
81197,88.93,7,90
81319,89.15,7,90
81443,89.08,7,90
81566,89.01,7,90
81690,89.15,7,90
81813,88.87,7,90
81937,88.87,7,90
82060,88.84,7,90
82183,89.26,7,90
82307,89.32,7,90
82429,89.32,7,90
82553,89.4,7,90
82676,89.78,7,90
82800,89.76,7,90
82924,89.77,7,90
83047,89.77,7,90
83171,89.74,7,90
83295,89.33,7,90
83418,89.33,7,90
83542,89.25,7,90
83664,89.23,7,90
83788,88.91,7,90
83911,88.75,7,90
84035,88.69,7,90
84158,88.67,7,90
84281,88.69,7,90
84405,88.68,7,90
84528,88.69,7,90
84651,88.67,7,90
84773,88.88,7,90
84897,88.84,7,90
85020,89.06,7,90
85143,89.23,7,90
85267,89.21,7,90
85390,89.25,7,90
85514,89.21,7,90
85637,89.33,7,90
85761,89.32,7,90
85883,89.32,7,90
86007,89.32,7,90
86131,89.32,7,90
86254,89.32,7,90
86378,89.33,7,90
86501,89.32,7,90
86625,89.29,7,90
86748,89.22,7,90
86872,89.2,7,90
86994,88.94,7,90
87118,88.78,7,90
87241,88.78,7,90
87364,88.97,7,90
87488,89.23,7,90
87611,89.23,7,90
87735,89.26,7,90
87858,89.28,7,90
87982,89.3,7,90
88104,89.33,7,90
88228,89.32,7,90
88351,89.31,7,90
88475,89.41,7,90
88598,89.76,7,90
88722,89.77,7,90
88846,89.78,7,90
88969,89.78,7,90
89093,89.78,7,90
89217,89.31,7,90
89339,89.32,7,90
89463,89.41,7,90
89586,89.32,7,90
89710,89.3,7,90
89834,89.32,7,90
89957,89.31,7,90
90081,89.33,7,90
90204,89.32,7,90
90328,89.33,7,90
90450,89.33,7,90
90574,89.33,7,90
90697,89.7,7,90
90821,89.78,7,90
90945,89.76,7,90
91068,89.78,7,90
91192,89.85,7,90
91316,89.88,7,90
91439,90.3,7,90
91563,90.4,7,90
91686,90.48,7,90
91810,90.32,7,90
91934,90.32,7,90
92058,90.11,7,90
92182,89.85,7,90
92306,89.94,7,90
92430,90.08,7,90
92553,89.98,7,90
92677,89.78,7,90
92801,89.6,7,90
92924,89.75,7,90
93047,89.77,7,90
93171,89.77,7,90
93295,89.77,7,90
93418,89.98,7,90
93542,90.21,7,90
93666,90.25,7,90
93790,90.53,7,90
93914,90.77,7,90
94038,91.17,7,90
94161,91.3,7,90
94286,91.21,7,90
94410,91.68,7,90
94535,91.22,7,90
94659,90.86,7,90
94783,90.94,7,90
94907,90.88,7,90
95031,90.83,7,90
95155,90.76,7,90
95280,90.41,7,90
95404,90.31,7,90
95526,90.23,7,90
95650,89.8,7,90
95774,89.33,7,90
95898,89.23,7,90
96021,89.3,7,90
96145,89.4,7,90
96268,89.3,7,90
96392,89.66,7,90
96515,89.67,7,90
96638,89.29,7,90
96762,89.34,7,90
96885,89.31,7,90
97009,89.31,7,90
97132,89.33,7,90
97256,89.3,7,90
97379,89.24,7,90
97503,89.38,7,90
97626,89.28,7,90
97750,89.28,7,90
97872,89.32,7,90
97996,89.66,7,90
98120,89.57,7,90
98243,89.78,7,90
98367,89.78,7,90
98491,89.56,7,90
98614,89.24,7,90
98738,89.21,7,90
98861,89.41,7,90
98984,89.88,7,90
99108,89.79,7,90
99231,89.79,7,90
99355,89.65,7,90
99479,89.37,7,90
99602,89.35,7,90
99726,89.25,7,90
99849,89.25,7,90
99973,89.24,7,90
100096,89.34,7,90
100219,89.38,7,90
100343,89.33,7,90
100466,89.76,7,90
100590,89.79,7,90
100714,89.78,7,90
100838,89.86,7,90
100961,90.32,7,90
101085,91.74,7,90
101210,91.42,7,90
101334,90.69,7,90
101457,90.46,7,90
101581,90.46,7,90
101705,90.47,7,90
101829,90.39,7,90
101953,90.28,7,90
102078,90.21,7,90
102201,90.24,7,90
102325,90.23,7,90
102449,90.5,7,90
102573,90.67,7,90
102696,90.26,7,90
102820,89.78,7,90
102944,89.61,7,90
103068,89.4,7,90
103192,89.46,7,90
103315,89.77,7,90
103439,90.05,7,90
103563,90.69,7,90
103687,90.56,7,90
103811,90.04,7,90
103934,89.79,7,90
104058,89.78,7,90
104181,89.71,7,90
104305,89.74,7,90
104429,89.69,7,90
104553,89.59,7,90
104676,89.32,7,90
104800,89.28,7,90
104924,89.33,7,90
105047,89.22,7,90
105170,89.25,7,90
105293,89.24,7,90
105417,89.21,7,90
105540,89.24,7,90
105664,89.27,7,90
105787,89.51,7,90
105911,89.78,7,90
106035,89.78,7,90
106159,89.4,7,90
106281,89.55,7,90
106405,89.78,7,90
106529,89.88,7,90
106653,89.94,7,90
106776,90.6,7,90
106900,91.42,7,90
107025,91.39,7,90
107149,90.95,7,90
107274,91.29,7,90
107398,91.66,7,90
107522,91.78,7,90
107646,91.39,7,90
107770,91.67,7,90
107895,92.26,7,90
108020,92.1,7,90
108144,90.83,7,90
108269,90.62,7,90
108393,90.61,7,90
108517,91.56,7,90
108642,95.22,7,90
108768,95.24,7,90
108894,95.24,7,90
109020,95.38,7,90
109146,96.31,7,90
109272,96.89,7,90
109399,94.33,7,90
109523,93.33,7,90
109648,93.88,7,90
109774,96.21,7,90
109900,96.85,7,90
110027,96.4,7,90
110153,96.76,7,90
110280,96.71,7,90
110406,95.27,7,90
110532,94.45,7,90
110658,94.35,7,90
110784,94.04,7,90
110909,95.04,7,90
111035,96.07,7,90
111161,95.87,7,90
111287,96.28,7,90
111414,95.88,7,90
111540,96.61,7,90
111666,96.03,7,90
111793,95.42,7,90
111919,96.31,7,90
112045,96.59,7,90
112172,96.75,7,90
112297,97.09,7,90
112424,96.88,7,90
112551,96.05,7,90
112677,95.53,7,90
112803,95.99,7,90
112929,95.82,7,90
113056,95.88,7,90
113182,95.88,7,90
113308,96.54,7,90
113434,96.92,7,90
113561,96.35,7,90
113688,96.77,7,90
113814,97.24,7,90
113941,97.66,7,90
114068,97.37,7,90
114195,97.14,7,90
114321,96.89,7,90
114448,96.4,7,90
114575,96.3,7,90
114701,91.59,7,90
114826,90.86,7,90
114950,90.31,7,90
115074,90.31,7,90
115197,89.87,7,90
115321,88.84,7,90
115444,88.63,7,90
115567,88.65,7,90
115691,88.88,7,90
115814,89.13,7,90
115938,88.68,7,90
116061,88.59,7,90
116184,88.37,7,90
116306,88.63,7,90
116430,88.73,7,90
116553,88.7,7,90
116676,88.52,7,90
116800,88.6,7,90
116923,88.59,7,90
117046,88.69,7,90
117169,88.74,7,90
117293,88.82,7,90
117415,88.66,7,90
117538,88.7,7,90
117662,88.61,7,90
117785,88.46,7,90
117908,88.47,7,90
118032,88.32,7,90
118155,88.52,7,90
118278,88.43,7,90
118401,88.17,7,90
118523,87.95,7,90
118646,88.0,7,90
118770,88.0,7,90
118893,87.8,7,90
119016,87.71,7,90
119139,87.73,7,90
119261,87.94,7,90
119385,87.91,7,90
119507,88.08,7,90
119630,87.98,7,90
119753,88.0,7,90
119876,88.26,7,90
119999,88.24,7,90
120122,88.4,7,90
120245,88.58,7,90
120368,88.61,7,90
120492,88.59,7,90
120614,88.42,7,90
120737,88.54,7,90
120861,88.62,7,90
120984,88.71,7,90
121107,88.7,7,90
121230,88.72,7,90
121354,88.98,7,90
121477,88.64,7,90
121601,88.61,7,90
121723,88.51,7,90
121846,88.05,7,90
121969,88.07,7,90
122092,88.15,7,90
122215,88.53,7,90
122339,88.64,7,90
122462,88.69,7,90
122585,88.7,7,90
122708,88.63,7,90
122831,88.5,7,90
122954,88.22,7,90
123077,88.26,7,90
123201,88.04,7,90
123324,88.25,7,90
123447,88.17,7,90
123570,88.31,7,90
123693,88.07,7,90
123815,87.95,7,90
123938,88.21,7,90
124061,88.5,7,90
124185,88.68,7,90
124308,88.85,7,90
124431,90.26,7,90
124555,90.74,7,90
124679,91.34,7,90
124804,91.2,7,90
124928,90.39,7,90
125051,90.11,7,90
125175,89.85,7,90
125299,89.94,7,90
125423,89.88,7,90
125546,89.78,7,90
125670,89.95,7,90
125794,89.78,7,90
125918,89.55,7,90
126042,89.16,7,90
126164,89.42,7,90
126288,89.85,7,90
126411,90.03,7,90
126535,90.03,7,90
126659,89.56,7,90
126783,89.66,7,90
126906,89.42,7,90
127030,88.94,7,90
127154,88.7,7,90
127277,88.48,7,90
127399,88.4,7,90
127522,88.66,7,90
127646,88.93,7,90
127769,89.19,7,90
127893,89.33,7,90
128016,89.52,7,90
128140,89.72,7,90
128264,90.09,7,90
128388,90.55,7,90
128512,90.47,7,90
128635,90.57,7,90
128759,90.69,7,90
128883,90.47,7,90
129007,90.09,7,90
129131,89.28,7,90
129254,88.66,7,90
129378,88.42,7,90
129501,87.89,7,90
129624,87.87,7,90
129746,87.83,7,90
129869,87.9,7,90
129992,88.32,7,90
130115,88.49,7,90
130238,88.33,7,90
130362,87.71,7,90
130485,87.63,7,90
130607,87.77,7,90
130729,87.71,7,90
130852,87.74,7,90
130975,87.7,7,90
131098,87.64,7,90
131221,87.89,7,90
131344,88.57,7,90
131467,88.86,7,90
131591,88.79,7,90
131714,88.61,7,90
131836,88.61,7,90
131960,88.65,7,90
132083,88.65,7,90
132206,88.7,7,90
132330,88.69,7,90
132453,88.59,7,90
132576,88.53,7,90
132700,88.05,7,90
132823,88.05,7,90
132945,88.44,7,90
133068,88.21,7,90
133191,88.33,7,90
133314,88.09,7,90
133437,88.44,7,90
133561,88.07,7,90
133684,87.95,7,90
133807,87.72,7,90
133929,87.61,7,90
134052,87.6,7,90
134174,87.65,7,90
134297,87.54,7,90
134420,87.69,7,90
134543,87.78,7,90
134666,87.71,7,90
134789,87.71,7,90
134912,87.76,7,90
135034,87.73,7,90
135157,87.79,7,90
135280,87.59,7,90
135403,87.61,7,90
135526,87.7,7,90
135648,87.63,7,90
135771,87.78,7,90
135894,87.8,7,90
136016,87.67,7,90
136139,87.81,7,90
136262,88.0,7,90
136385,88.06,7,90
136508,87.95,7,90
136631,87.82,7,90
136754,87.64,7,90
136877,87.63,7,90
136999,87.52,7,90
137122,87.47,7,90
137245,87.65,7,90
137368,87.63,7,90
137491,87.51,7,90
137614,87.45,7,90
137737,87.37,7,90
137859,87.55,7,90
137981,87.57,7,90
138104,87.6,7,90
138227,87.83,7,90
138350,87.91,7,90
138473,88.1,7,90
138596,88.42,7,90
138719,88.71,7,90
138843,89.5,7,90
138966,89.01,7,90
139089,88.53,7,90
139212,88.55,7,90
139335,88.34,7,90
139458,88.05,7,90
139582,87.81,7,90
139705,87.65,7,90
139828,87.52,7,90
139950,87.54,7,90
140072,87.67,7,90
140195,87.93,7,90
140318,88.02,7,90
140441,87.87,7,90
140564,87.95,7,90
140687,87.95,7,90
140810,87.93,7,90
140933,87.71,7,90
141056,87.79,7,90
141178,87.79,7,90
141301,87.79,7,90
141424,87.67,7,90
141547,87.47,7,90
141670,87.36,7,90
141793,87.53,7,90
141916,87.81,7,90
142039,87.83,7,90
142161,87.71,7,90
142284,87.76,7,90
142407,87.81,7,90
142530,87.77,7,90
142652,88.0,7,90
142776,87.97,7,90
142899,87.48,7,90
143021,87.43,7,90
143143,87.43,7,90
143266,87.7,7,90
143389,87.87,7,90
143512,87.9,7,90
143635,87.91,7,90
143758,87.69,7,90
143881,87.54,7,90
144004,87.79,7,90
144126,87.85,7,90
144249,87.79,7,90
144372,87.83,7,90
144495,87.78,7,90
144618,87.79,7,90
144741,87.78,7,90
144864,87.69,7,90
144987,87.47,7,90
145110,87.43,7,90
145232,87.65,7,90
145354,87.99,7,90
145478,88.65,7,90
145601,89.27,7,90
145724,89.29,7,90
145848,88.64,7,90
145971,88.14,7,90
146094,88.56,7,90
146217,88.57,7,90
146340,88.08,7,90
146463,88.36,7,90
146586,87.95,7,90
146709,87.84,7,90
146832,87.79,7,90
146955,87.77,7,90
147078,87.86,7,90
147201,88.15,7,90
147323,88.43,7,90
147447,88.32,7,90
147570,88.41,7,90
147693,88.27,7,90
147816,88.06,7,90
147939,87.91,7,90
148062,87.68,7,90
148185,87.71,7,90
148307,87.74,7,90
148430,87.94,7,90
148553,88.03,7,90
148676,87.87,7,90
148799,87.81,7,90
148922,87.75,7,90
149045,87.5,7,90
149168,87.66,7,90
149291,88.04,7,90
149413,88.5,7,90
149536,88.06,7,90
149659,87.96,7,90
149782,88.33,7,90
149906,88.61,7,90
150029,88.96,7,90
150152,88.81,7,90
150276,88.78,7,90
150398,89.15,7,90
150522,89.06,7,90
150645,89.18,7,90
150768,89.31,7,90
150892,89.73,7,90
151016,90.1,7,90
151140,91.19,7,90
151264,92.91,7,90
151389,97.26,6,90
151520,98.88,5,90
151652,102.83,4,90
151787,101.77,7,90
151915,101.21,7,90
152044,102.59,4,90
152332,98.85,3,90
153178,97.8,7,90
153305,97.61,7,90
153432,97.33,7,90
153559,97.03,7,90
153686,96.53,7,90
153811,95.94,7,90
153937,92.26,7,90
154062,91.66,7,90
154187,91.97,7,90
154311,90.49,7,90
154436,89.6,7,90
154559,88.9,7,90
154683,88.29,7,90
154806,88.49,7,90
154929,88.13,7,90
155052,87.96,7,90
155174,87.93,7,90
155297,87.87,7,90
155420,87.87,7,90
155543,87.88,7,90
155666,87.8,7,90
155789,87.72,7,90
155912,87.78,7,90
156035,87.89,7,90
156157,88.0,7,90
156280,88.03,7,90
156403,88.15,7,90
156526,88.15,7,90
156649,88.07,7,90
156773,88.14,7,90
156896,88.06,7,90
157019,87.95,7,90
157142,88.24,7,90
157264,87.89,7,90
157387,88.34,7,90
157510,88.01,7,90
157633,88.3,7,90
157756,88.51,7,90
157880,88.67,7,90
158003,88.64,7,90
158126,88.6,7,90
158248,88.4,7,90
158372,88.15,7,90
158495,88.52,7,90
158618,88.5,7,90
158741,88.44,7,90
158864,88.32,7,90
158988,88.04,7,90
159111,88.05,7,90
159234,87.88,7,90
159356,87.96,7,90
159479,87.96,7,90
159602,87.77,7,90
159725,87.71,7,90
159848,87.58,7,90
159971,87.49,7,90
160094,87.6,7,90
160217,87.87,7,90
160339,87.92,7,90
160462,88.0,7,90
160585,88.06,7,90
160708,88.23,7,90
160831,88.0,7,90
160954,88.1,7,90
161077,87.91,7,90
161200,88.1,7,90
161323,88.23,7,90
161445,88.11,7,90
161568,88.2,7,90
161692,87.72,7,90
161815,87.79,7,90
161938,88.04,7,90
162061,88.39,7,90
162184,88.41,7,90
162307,88.9,7,90
162429,89.75,7,90
162553,89.93,7,90
162677,90.04,7,90
162801,89.77,7,90
162925,89.43,7,90
163048,88.77,7,90
163172,88.71,7,90
163295,88.74,7,90
163418,88.85,7,90
163542,88.93,7,90
163664,88.75,7,90
163788,89.13,7,90
163911,88.68,7,90
164034,88.62,7,90
164158,88.71,7,90
164281,88.79,7,90
164404,89.12,7,90
164528,89.24,7,90
164651,89.3,7,90
164774,89.75,7,90
164898,90.48,7,90
165022,90.68,7,90
165146,89.55,7,90
165270,89.27,7,90
165393,89.23,7,90
165517,89.7,7,90
165640,89.78,7,90
165764,90.24,7,90
165888,91.14,7,90
166011,92.91,3,90
166297,100.23,7,90
166425,92.35,6,90
166555,93.88,7,90
166680,94.37,7,90
166806,91.19,7,90
166930,90.3,7,90
167054,89.22,7,90
167178,89.01,7,90
167301,89.18,7,90
167425,89.41,7,90
167547,89.5,7,90
167671,88.95,7,90
167794,89.01,7,90
167918,89.87,7,90
168042,89.85,7,90
168165,89.28,7,90
168289,88.93,7,90
168412,89.23,7,90
168536,89.03,7,90
168658,88.63,7,90
168782,88.1,7,90
168905,88.45,7,90
169028,88.27,7,90
169151,88.06,7,90
169274,88.07,7,90
169398,88.19,7,90
169521,88.51,7,90
169644,88.29,7,90
169766,88.23,7,90
169889,88.07,7,90
170012,87.97,7,90
170135,87.97,7,90
170258,87.99,7,90
170381,87.91,7,90
170505,87.69,7,90
170627,87.61,7,90
170749,87.55,7,90
170872,87.51,7,90
170995,87.59,7,90
171118,87.77,7,90
171241,87.98,7,90
171364,87.73,7,90
171487,87.7,7,90
171610,87.69,7,90
171732,87.67,7,90
171855,87.6,7,90
171978,87.5,7,90
172100,87.58,7,90
172223,87.49,7,90
172346,87.65,7,90
172469,87.52,7,90
172592,87.64,7,90
172715,87.41,7,90
172837,87.3,7,90
172960,87.23,7,90
173082,87.21,7,90
173205,87.24,7,90
173328,87.33,7,90
173451,87.42,7,90
173573,87.42,7,90
173696,87.52,7,90
173818,87.52,7,90
173941,87.53,7,90
174064,87.52,7,90
174187,87.52,7,90
174309,87.57,7,90
174432,87.35,7,90
174555,87.61,7,90
174678,87.72,7,90
174800,87.6,7,90
174923,87.59,7,90
175046,87.63,7,90
175169,87.72,7,90
175292,87.81,7,90
175415,87.89,7,90
175538,88.11,7,90
175661,88.2,7,90
175783,88.63,7,90
175906,88.69,7,90
176029,88.62,7,90
176153,88.63,7,90
176276,88.71,7,90
176399,88.69,7,90
176523,88.7,7,90
176646,88.68,7,90
176769,88.68,7,90
176892,88.64,7,90
177015,88.95,7,90
177138,88.91,7,90
177262,88.79,7,90
177385,89.05,7,90
177509,88.97,7,90
177632,89.37,7,90
177756,89.48,7,90
177879,89.16,7,90
178002,89.14,7,90
178125,89.41,7,90
178249,89.59,7,90
178373,89.58,7,90
178496,89.52,7,90
178620,88.96,7,90
178744,88.79,7,90
178867,88.79,7,90
178990,89.04,7,90
179113,88.7,7,90
179236,88.52,7,90
179359,88.5,7,90
179483,88.53,7,90
179606,88.25,7,90
179729,88.42,7,90
179852,88.59,7,90
179975,88.51,7,90
180099,88.08,7,90
180221,88.26,7,90
180344,88.25,7,90
180467,88.42,7,90
180590,88.34,7,90
180714,88.21,7,90
180837,87.84,7,90
180960,87.93,7,90
181083,88.34,7,90
181206,88.33,7,90
181328,88.09,7,90
181451,88.22,7,90
181574,88.32,7,90
181698,88.12,7,90
181821,88.51,7,90
181944,88.57,7,90
182067,88.52,7,90
182190,88.17,7,90
182313,88.43,7,90
182436,88.54,7,90
182559,88.43,7,90
182682,88.41,7,90
182806,88.44,7,90
182929,88.52,7,90
183052,88.54,7,90
183175,88.69,7,90
183299,89.01,7,90
183421,89.42,7,90
183545,90.18,7,90
183669,90.07,7,90
183793,90.57,7,90
183917,90.24,7,90
184041,90.18,7,90
184164,89.76,7,90
184288,89.59,7,90
184412,88.8,7,90
184535,88.79,7,90
184658,89.13,7,90
184781,89.24,7,90
184905,89.22,7,90
185028,89.01,7,90
185152,88.66,7,90
185275,88.56,7,90
185398,88.59,7,90
185522,88.6,7,90
185645,88.59,7,90
185767,88.6,7,90
185890,88.54,7,90
186014,88.34,7,90
186137,88.51,7,90
186260,88.5,7,90
186383,88.53,7,90
186507,88.03,7,90
186630,87.96,7,90
186753,87.98,7,90
186875,87.88,7,90
186998,87.82,7,90
187121,87.72,7,90
187244,87.51,7,90
187367,87.34,7,90
187490,87.28,7,90
187612,87.44,7,90
187735,87.68,7,90
187857,87.9,7,90
187980,88.38,7,90
188103,88.59,7,90
188226,88.6,7,90
188350,88.46,7,90
188473,88.18,7,90
188596,88.07,7,90
188719,87.96,7,90
188841,87.85,7,90
188964,88.08,7,90
189087,87.92,7,90
189211,87.79,7,90
189333,87.8,7,90
189456,87.79,7,90
189579,88.03,7,90
189703,87.97,7,90
189826,88.39,7,90
189948,88.49,7,90
190071,88.59,7,90
190194,88.71,7,90
190318,88.97,7,90
190441,89.24,7,90
190565,89.5,7,90
190688,89.82,7,90
190812,90.23,7,90
190936,90.5,7,90
191059,91.66,7,90
191183,93.11,7,90
191309,93.83,7,90
191434,95.58,7,90
191560,93.77,7,90
191686,92.49,7,90
191811,91.72,7,90
191935,93.54,3,90
192372,99.84,3,90
192506,98.5,7,90
192634,98.38,7,90
192761,98.33,7,90
192888,98.9,7,90
193015,99.32,7,90
193143,100.3,5,90
193431,100.42,7,90
193846,91.55,7,90
193970,90.02,7,90
194094,89.79,7,90
194217,89.84,7,90
194341,90.32,7,90
194465,91.2,7,90
194589,91.91,7,90
194714,96.18,3,90
194989,92.46,6,90
195115,92.45,7,90
195239,92.46,7,90
196058,92.71,7,90
196183,92.02,7,90
196306,92.12,7,90
196431,93.52,7,90
196556,99.2,3,90
196691,96.3,7,90
196817,96.6,7,90
196944,97.05,7,90
197071,96.95,7,90
197197,96.27,7,90
197324,96.4,7,90
197450,95.75,7,90
197576,94.53,7,90
197702,93.16,7,90
197827,92.7,7,90
197952,92.45,7,90
198077,93.8,7,90
198203,92.53,7,90
198328,92.54,7,90
198453,92.62,5,90
198719,92.46,7,90
198844,93.39,7,90
198969,92.78,7,90
199094,93.22,7,90
199220,100.18,3,90
199355,99.15,7,90
199482,97.36,7,90
199609,96.07,7,90
199735,97.17,7,90
199862,100.09,5,90
199995,93.06,5,90
200123,92.78,7,90
200248,93.56,7,90
200373,92.54,7,90
200498,92.45,7,90
200623,92.63,5,90
200894,95.48,4,90
201024,92.36,7,90
201148,91.48,7,90
201273,91.56,7,90
201397,91.47,7,90
201522,91.13,7,90
201646,91.28,7,90
201769,91.13,7,90
201894,90.57,7,90
202018,89.94,7,90
202142,89.65,7,90
202266,89.33,7,90
202389,89.2,7,90
202513,89.17,7,90
202636,89.19,7,90
202760,89.14,7,90
202883,89.18,7,90
203006,89.17,7,90
203129,89.15,7,90
203253,89.15,7,90
203376,89.15,7,90
203500,89.14,7,90
203623,89.15,7,90
203747,89.22,7,90
203870,89.23,7,90
203994,89.32,7,90
204118,89.32,7,90
204240,89.69,7,90
204364,89.69,7,90
204488,89.74,7,90
204611,89.78,7,90
204735,89.85,7,90
204859,89.69,7,90
204983,89.33,7,90
205106,89.23,7,90
205230,89.25,7,90
205352,89.25,7,90
205476,89.17,7,90
205599,88.98,7,90
205723,88.69,7,90
205846,88.68,7,90
205970,88.61,7,90
206093,88.26,7,90
206216,88.38,7,90
206339,88.07,7,90
206461,88.08,7,90
206584,88.07,7,90
206707,88.07,7,90
206831,88.06,7,90
206954,88.06,7,90
207077,88.06,7,90
207200,88.06,7,90
207323,88.05,7,90
207446,88.05,7,90
207568,88.06,7,90
207691,88.05,7,90
207814,88.0,7,90
207937,87.96,7,90
208060,87.91,7,90
208183,87.87,7,90
208306,87.76,7,90
208429,87.71,7,90
208551,87.68,7,90
208674,87.72,7,90
208797,87.8,7,90
208920,87.85,7,90
209043,87.79,7,90
209166,87.79,7,90
209289,87.78,7,90
209412,87.78,7,90
209534,87.79,7,90
209657,87.78,7,90
209779,87.78,7,90
209902,87.79,7,90
210025,87.78,7,90
210148,87.79,7,90
210271,88.02,7,90
210394,88.25,7,90
210516,88.17,7,90
210640,87.95,7,90
210763,87.89,7,90
210886,88.18,7,90
211009,87.97,7,90
211132,88.11,7,90
211255,87.87,7,90
211378,87.82,7,90
211501,87.78,7,90
211623,87.78,7,90
211746,87.78,7,90
211869,87.79,7,90
211992,87.79,7,90
212115,87.78,7,90
212237,87.83,7,90
212360,87.88,7,90
212483,87.97,7,90
212605,88.38,7,90
212729,88.54,7,90
212852,88.66,7,90
212975,89.03,7,90
213099,89.23,7,90
213222,89.44,7,90
213346,89.37,7,90
213469,89.49,7,90
213593,89.23,7,90
213715,89.33,7,90
213839,89.25,7,90
213963,89.24,7,90
214086,89.23,7,90
214210,89.23,7,90
214333,89.21,7,90
214457,89.21,7,90
214580,89.22,7,90
214704,89.17,7,90
214827,89.23,7,90
214950,89.23,7,90
215073,89.23,7,90
215197,89.66,7,90
215321,89.67,7,90
215444,89.68,7,90
215568,89.91,7,90
215692,90.1,7,90
215816,90.22,7,90
215940,90.32,7,90
216064,90.22,7,90
216187,90.2,7,90
216311,90.2,7,90
216434,90.49,7,90
216559,90.85,7,90
216683,91.11,7,90
216807,91.29,7,90
216931,91.56,7,90
217056,91.81,7,90
217180,91.64,7,90
217305,92.0,3,90
217438,92.32,6,90
217567,94.36,4,90
217697,94.4,6,90
217827,97.41,3,90
217970,95.25,5,90
218105,90.67,7,90
218229,89.75,7,90
218353,89.94,7,90
218477,90.38,7,90
218601,90.83,7,90
218725,91.22,7,90
218849,91.11,7,90
218973,91.36,7,90
219098,91.43,7,90
219222,91.46,7,90
219346,91.57,7,90
219470,91.57,7,90
219595,91.59,7,90
219719,91.13,7,90
219843,91.11,7,90
219968,90.68,7,90
220092,90.41,7,90
220216,90.23,7,90
220340,90.6,7,90
220464,90.57,7,90
220588,90.23,7,90
220711,89.76,7,90
220835,89.72,7,90
220958,89.6,7,90
221082,89.22,7,90
221206,89.15,7,90
221329,89.15,7,90
221453,89.15,7,90
221576,89.29,7,90
221700,89.23,7,90
221822,89.22,7,90
221946,89.14,7,90
222070,88.84,7,90
222193,88.58,7,90
222316,88.59,7,90
222440,88.6,7,90
222563,88.51,7,90
222686,88.49,7,90
222809,88.48,7,90
222932,88.43,7,90
223055,88.35,7,90
223178,88.17,7,90
223301,88.24,7,90
223424,88.18,7,90
223547,88.1,7,90
223670,88.25,7,90
223794,88.18,7,90
223917,88.24,7,90
224039,88.24,7,90
224162,88.24,7,90
224285,88.03,7,90
224408,88.08,7,90
224531,88.22,7,90
224654,88.24,7,90
224777,88.25,7,90
224901,88.24,7,90
225024,88.14,7,90
225146,88.12,7,90
225269,87.85,7,90
225392,87.78,7,90
225515,88.13,7,90
225638,88.14,7,90
225761,88.14,7,90
225884,87.69,7,90
226007,87.84,7,90
226129,87.83,7,90
226252,88.13,7,90
226375,88.13,7,90
226498,88.14,7,90
226621,88.14,7,90
226744,88.16,7,90
226867,88.15,7,90
226991,88.15,7,90
227113,88.16,7,90
227236,88.15,7,90
227359,88.18,7,90
227482,88.15,7,90
227605,88.09,7,90
227728,87.91,7,90
227851,87.99,7,90
227974,88.06,7,90
228097,88.05,7,90
228219,88.0,7,90
228342,87.97,7,90
228465,87.97,7,90
228588,87.88,7,90
228711,87.97,7,90
228834,87.66,7,90
228957,87.52,7,90
229080,87.92,7,90
229202,88.03,7,90
229325,88.05,7,90
229448,88.14,7,90
229571,88.14,7,90
229694,88.14,7,90
229818,88.1,7,90
229941,88.06,7,90
230064,88.05,7,90
230187,88.06,7,90
230309,88.07,7,90
230432,88.12,7,90
230555,88.15,7,90
230678,88.14,7,90
230801,88.13,7,90
230924,88.19,7,90
231047,88.27,7,90
231170,88.33,7,90
231293,88.33,7,90
231416,88.31,7,90
231539,88.22,7,90
231662,88.19,7,90
231785,88.31,7,90
231908,88.33,7,90
232032,88.32,7,90
232155,88.32,7,90
232278,88.24,7,90
232400,88.26,7,90
232523,88.28,7,90
232646,88.24,7,90
232770,88.25,7,90
232893,88.25,7,90
233016,88.28,7,90
233139,88.26,7,90
233262,88.26,7,90
233384,88.24,7,90
233507,88.24,7,90
233631,88.24,7,90
233754,88.16,7,90
233877,88.15,7,90
234000,88.16,7,90
234123,88.25,7,90
234246,88.23,7,90
234369,88.24,7,90
234492,88.24,7,90
234615,88.23,7,90
234738,88.27,7,90
234861,88.29,7,90
234984,88.23,7,90
235107,88.23,7,90
235230,88.24,7,90
235354,88.24,7,90
235476,88.17,7,90
235599,88.16,7,90
235722,88.08,7,90
235845,88.06,7,90
235968,87.95,7,90
236091,87.95,7,90
236214,87.94,7,90
236337,87.96,7,90
236460,87.88,7,90
236582,88.03,7,90
236705,88.04,7,90
236828,88.06,7,90
236951,88.14,7,90
237074,88.15,7,90
237197,88.16,7,90
237321,88.22,7,90
237444,88.24,7,90
237566,88.24,7,90
237689,88.18,7,90
237812,88.11,7,90
237935,88.16,7,90
238058,88.15,7,90
238181,88.15,7,90
238305,88.13,7,90
238428,88.07,7,90
238551,88.05,7,90
238673,88.06,7,90
238796,88.13,7,90
238919,88.14,7,90
239042,88.22,7,90
239165,88.22,7,90
239288,88.27,7,90
239412,88.3,7,90
239535,88.33,7,90
239657,88.33,7,90
239780,88.33,7,90
239903,88.38,7,90
240026,88.43,7,90
240150,88.42,7,90
240273,88.8,7,90
240396,88.65,7,90
240519,88.58,7,90
240643,88.8,7,90
240765,88.58,7,90
240888,88.51,7,90
241012,88.65,7,90
241135,88.76,7,90
241258,88.86,7,90
241382,88.6,7,90
241505,89.01,7,90
241628,89.06,7,90
241752,88.77,7,90
241874,88.81,7,90
241998,88.82,7,90
242121,88.72,7,90
242244,88.74,7,90
242368,88.68,7,90
242491,88.57,7,90
242614,88.59,7,90
242738,88.53,7,90
242861,88.49,7,90
242983,88.49,7,90
243106,88.51,7,90
243230,88.56,7,90
243353,88.59,7,90
243476,88.75,7,90
243600,88.9,7,90
243723,88.6,7,90
243846,88.61,7,90
243970,88.61,7,90
244092,88.59,7,90
244215,88.75,7,90
244339,88.77,7,90
244462,88.84,7,90
244585,88.88,7,90
244709,89.02,7,90
244832,88.93,7,90
244956,88.9,7,90
245079,88.84,7,90
245201,88.51,7,90
245325,88.51,7,90
245448,88.51,7,90
245571,88.96,7,90
245695,88.82,7,90
245818,88.9,7,90
245941,88.79,7,90
246065,88.98,7,90
246188,88.99,7,90
246311,88.75,7,90
246434,88.93,7,90
246557,88.79,7,90
246681,89.03,7,90
246804,89.05,7,90
246928,88.95,7,90
247051,88.61,7,90
247174,88.75,7,90
247298,88.61,7,90
247420,88.77,7,90
247544,88.97,7,90
247667,88.89,7,90
247790,89.09,7,90
247914,89.14,7,90
248037,89.04,7,90
248161,89.11,7,90
248284,89.13,7,90
248408,89.04,7,90
248530,89.11,7,90
248654,89.14,7,90
248777,89.13,7,90
248901,89.14,7,90
249024,89.11,7,90
249148,88.97,7,90
249271,88.68,7,90
249394,89.06,7,90
249518,89.1,7,90
249640,89.65,7,90
249764,89.78,7,90
249888,90.1,7,90
250012,90.23,7,90
250136,90.58,7,90
250260,90.58,7,90
250384,90.24,7,90
250508,90.14,7,90
250632,90.14,7,90
250756,89.68,7,90
250878,89.69,7,90
251002,89.68,7,90
251126,89.69,7,90
251249,89.61,7,90
251373,89.57,7,90
251497,89.63,7,90
251620,89.69,7,90
251744,89.69,7,90
251868,89.78,7,90
251992,89.7,7,90
252114,89.69,7,90
252238,89.69,7,90
252362,89.68,7,90
252485,89.69,7,90
252609,89.69,7,90
252733,89.69,7,90
252857,89.69,7,90
252980,89.69,7,90
0,95.34,7,95
100,59.83,7,95
210,58.28,7,95
321,78.72,7,95
440,86.08,7,95
561,85.19,7,95
681,71.84,7,95
798,59.79,7,95
909,58.66,7,95
1019,57.82,7,95
1130,65.91,7,95
1246,93.37,7,95
1371,93.43,7,95
1496,86.51,7,95
1616,90.55,7,95
1739,94.59,7,95
1865,95.1,7,95
1990,97.22,7,95
2117,99.83,7,95
2245,100.82,7,95
2523,96.65,7,95
2650,96.12,7,95
2776,94.96,7,95
2902,94.8,7,95
3026,94.76,7,95
3152,78.17,7,95
3271,77.54,7,95
3389,70.28,7,95
3505,74.96,7,95
3622,71.3,7,95
3738,74.19,7,95
3856,86.44,7,95
3977,93.8,7,95
4102,93.7,7,95
4228,93.47,7,95
4353,93.61,7,95
4477,93.8,7,95
4602,93.8,7,95
4728,93.91,7,95
4853,94.19,7,95
4978,94.35,7,95
5104,93.91,7,95
5229,93.87,7,95
5355,93.46,7,95
5480,93.2,7,95
5605,92.76,7,95
5730,92.82,7,95
5855,92.73,7,95
5979,92.72,7,95
6104,92.72,7,95
6228,92.62,7,95
6353,92.42,7,95
6478,92.18,7,95
6603,92.0,7,95
6727,92.02,7,95
6852,92.09,7,95
6976,92.53,7,95
7101,92.83,7,95
7226,92.87,7,95
7351,93.11,7,95
7476,93.25,7,95
7601,93.12,7,95
7726,93.04,7,95
7851,93.08,7,95
7975,93.12,7,95
8100,93.67,7,95
8225,94.61,7,95
8351,96.31,7,95
8477,98.61,6,95
8610,95.14,7,95
8735,94.38,7,95
8861,94.76,7,95
8987,95.57,7,95
9113,96.86,7,95
9239,101.9,7,95
9368,100.79,7,95
9496,99.68,7,95
9623,99.52,7,95
9751,100.39,7,95
9879,101.23,7,95
10007,99.53,5,95
10146,100.61,7,95
10274,101.29,7,95
10402,101.54,7,95
10531,102.62,6,95
10665,104.2,4,95
10811,102.95,7,95
11251,99.64,3,95
11680,98.39,4,95
12398,102.08,3,95
12537,103.14,3,95
12678,100.86,7,95
12806,101.94,7,95
12935,101.4,7,95
13952,103.28,3,95
15300,103.15,6,95
15431,102.82,7,95
15560,102.16,7,95
15688,102.54,7,95
15817,103.33,5,95
15958,102.75,7,95
16087,101.77,7,95
16216,102.06,7,95
16344,102.93,7,95
16473,101.62,7,95
16602,101.37,6,95
16735,101.28,6,95
16869,101.19,7,95
16998,101.0,7,95
17126,100.76,6,95
17259,102.86,5,95
17399,102.74,7,95
17528,102.05,7,95
17657,101.79,7,95
17785,101.65,7,95
17914,101.61,7,95
18042,101.6,7,95
18171,102.55,4,95
18317,99.59,5,95
18455,95.61,7,95
18581,96.04,7,95
18708,97.01,6,95
18840,96.3,7,95
18966,94.98,7,95
19092,94.42,7,95
19218,94.6,7,95
19343,94.43,7,95
19469,94.17,7,95
19594,93.81,7,95
19720,93.82,7,95
19845,93.89,7,95
19970,93.84,7,95
20096,93.63,7,95
20220,93.68,7,95
20345,93.87,7,95
20471,93.82,7,95
20596,93.81,7,95
20721,93.71,7,95
20847,93.9,7,95
20972,94.35,7,95
21098,94.43,7,95
21223,94.83,7,95
21349,95.0,7,95
21475,94.5,7,95
21600,94.23,7,95
21726,94.41,7,95
21852,94.37,7,95
21977,94.34,7,95
22103,93.87,7,95
22227,93.91,7,95
22352,93.9,7,95
22478,93.88,7,95
22603,93.86,7,95
22729,86.67,7,95
22850,75.02,7,95
22969,93.79,7,95
23092,93.85,7,95
23217,86.62,7,95
23337,78.06,7,95
23456,71.35,7,95
23573,75.31,7,95
23692,93.79,7,95
23817,93.88,7,95
23942,93.83,7,95
24068,86.62,7,95
24188,75.07,7,95
24306,86.21,7,95
24427,93.53,7,95
24551,93.39,7,95
24675,93.61,7,95
24800,78.82,7,95
24919,76.04,7,95
25036,93.45,7,95
25159,93.89,7,95
25285,93.85,7,95
25410,93.84,7,95
25535,93.88,7,95
25661,93.88,7,95
25786,93.89,7,95
25911,93.92,7,95
26037,93.9,7,95
26162,93.87,7,95
26288,94.08,7,95
26413,93.99,7,95
26537,93.82,7,95
26663,93.82,7,95
26788,94.15,7,95
26914,93.87,7,95
27039,93.96,7,95
27164,93.81,7,95
27290,93.43,7,95
27413,93.22,7,95
27536,92.86,7,95
27659,93.81,7,95
27785,93.17,7,95
27908,93.03,7,95
28030,94.06,7,95
28156,94.32,7,95
28281,93.96,7,95
28407,93.55,7,95
28530,93.33,7,95
28655,93.52,7,95
28780,93.55,7,95
28906,93.71,7,95
29031,93.74,7,95
29156,93.8,7,95
29281,93.91,7,95
29407,94.41,7,95
29532,94.45,7,95
29658,94.31,7,95
29784,94.15,7,95
29908,94.07,7,95
30034,94.18,7,95
30159,94.48,7,95
30285,94.89,7,95
30410,94.96,7,95
30536,94.91,7,95
30662,94.89,7,95
30788,95.26,7,95
30914,94.8,7,95
31039,94.37,7,95
31165,95.89,7,95
31291,97.17,4,95
31435,95.75,4,95
31567,95.35,7,95
31693,94.64,7,95
31819,94.05,7,95
31944,93.75,7,95
32070,93.33,7,95
32195,92.72,7,95
32320,92.25,7,95
32445,91.91,7,95
32569,91.47,7,95
32694,91.06,7,95
32818,90.87,7,95
32942,91.03,7,95
33065,91.5,7,95
33190,92.16,7,95
33314,92.57,7,95
33439,92.96,7,95
33564,93.35,7,95
33689,93.35,7,95
33813,76.39,7,95
33931,93.61,7,95
34054,93.43,7,95
34178,79.95,7,95
34296,93.77,7,95
34421,79.37,7,95
34541,75.81,7,95
34659,93.17,7,95
34784,92.98,7,95
34909,92.88,7,95
35034,92.79,7,95
35159,92.71,7,95
35283,92.82,7,95
35408,93.07,7,95
35533,93.31,7,95
35658,93.36,7,95
35783,93.37,7,95
35908,93.34,7,95
36033,93.07,7,95
36158,93.55,7,95
36283,93.64,7,95
36409,93.64,7,95
36534,93.61,7,95
36659,93.62,7,95
36785,93.64,7,95
36910,93.66,7,95
37035,79.75,7,95
37153,79.86,7,95
37273,93.61,7,95
37398,93.6,7,95
37523,93.33,7,95
37648,85.53,7,95
37769,79.06,7,95
37888,93.12,7,95
38010,93.1,7,95
38133,93.1,7,95
38259,93.28,7,95
38384,93.19,7,95
38509,93.32,7,95
38634,93.31,7,95
38757,94.05,7,95
38882,94.08,7,95
39008,93.74,7,95
39133,93.98,7,95
39259,93.63,7,95
39384,93.64,7,95
39508,78.04,7,95
39627,86.09,7,95
39748,93.32,7,95
39873,92.83,7,95
39998,92.73,7,95
40123,92.75,7,95
40248,92.77,7,95
40373,92.74,7,95
40498,93.17,7,95
40623,93.25,7,95
40748,93.29,7,95
40872,92.88,7,95
40997,92.61,7,95
41122,92.48,7,95
41247,92.38,7,95
41371,92.42,7,95
41496,92.55,7,95
41621,92.62,7,95
41746,92.54,7,95
41871,92.56,7,95
41995,92.54,7,95
42120,92.49,7,95
42245,92.38,7,95
42370,92.17,7,95
42494,92.18,7,95
42618,92.33,7,95
42743,92.46,7,95
42868,92.65,7,95
42993,92.63,7,95
43118,92.64,7,95
43242,92.7,7,95
43367,92.77,7,95
43492,92.59,7,95
43617,92.44,7,95
43742,92.29,7,95
43867,92.23,7,95
43991,92.25,7,95
44115,92.39,7,95
44240,92.72,7,95
44365,92.85,7,95
44490,92.72,7,95
44615,92.65,7,95
44740,92.8,7,95
44864,92.54,7,95
44989,92.56,7,95
45114,92.75,7,95
45239,92.64,7,95
45364,92.65,7,95
45489,92.65,7,95
45614,92.7,7,95
45739,92.63,7,95
45862,92.54,7,95
45987,92.63,7,95
46112,92.63,7,95
46237,92.58,7,95
46362,92.34,7,95
46487,92.26,7,95
46611,92.12,7,95
46736,92.04,7,95
46861,92.15,7,95
46985,92.22,7,95
47110,92.27,7,95
47235,92.25,7,95
47360,92.33,7,95
47483,92.35,7,95
47608,92.35,7,95
47733,92.33,7,95
47858,92.33,7,95
47982,92.31,7,95
48107,92.31,7,95
48232,92.34,7,95
48357,92.37,7,95
48481,92.3,7,95
48606,92.24,7,95
48731,91.88,7,95
48855,91.8,7,95
48979,91.74,7,95
49103,92.01,7,95
49228,91.92,7,95
49353,91.73,7,95
49477,91.74,7,95
49602,91.91,7,95
49726,91.98,7,95
49851,91.93,7,95
49975,92.05,7,95
50100,92.17,7,95
50225,92.25,7,95
50349,92.28,7,95
50473,92.24,7,95
50598,92.53,7,95
50722,92.55,7,95
50847,92.47,7,95
50972,92.46,7,95
51097,92.53,7,95
51222,92.52,7,95
51347,92.54,7,95
51471,92.54,7,95
51596,92.62,7,95
51721,92.79,7,95
51846,92.8,7,95
51971,92.7,7,95
52096,92.8,7,95
52220,92.97,7,95
52345,92.74,7,95
52470,92.73,7,95
52595,92.79,7,95
52720,93.07,7,95
52845,93.07,7,95
52970,93.09,7,95
53095,93.07,7,95
53220,93.0,7,95
53345,92.94,7,95
53470,92.87,7,95
53595,92.84,7,95
53720,92.91,7,95
53844,92.93,7,95
53969,92.92,7,95
54094,92.8,7,95
54219,92.63,7,95
54343,92.41,7,95
54468,92.15,7,95
54593,92.26,7,95
54718,92.1,7,95
54842,91.99,7,95
54967,92.39,7,95
55092,92.52,7,95
55216,92.66,7,95
55341,92.78,7,95
55465,92.72,7,95
55590,92.57,7,95
55715,92.43,7,95
55840,92.01,7,95
55964,91.44,7,95
56089,91.21,7,95
56213,91.39,7,95
56338,91.91,7,95
56462,92.31,7,95
56587,92.49,7,95
56712,92.6,7,95
56837,92.49,7,95
56961,92.58,7,95
57085,92.76,7,95
57210,93.01,7,95
57335,92.76,7,95
57460,92.69,7,95
57585,92.74,7,95
57710,92.98,7,95
57835,93.17,7,95
57960,93.07,7,95
58085,92.96,7,95
58210,92.87,7,95
58335,92.8,7,95
58460,92.65,7,95
58585,92.63,7,95
58710,92.65,7,95
58833,92.65,7,95
58958,92.65,7,95
59083,92.64,7,95
59208,92.46,7,95
59333,92.37,7,95
59458,92.24,7,95
59582,92.16,7,95
59707,92.29,7,95
59832,92.37,7,95
59957,92.22,7,95
60081,91.89,7,95
60206,92.03,7,95
60329,92.31,7,95
60454,92.36,7,95
60579,92.37,7,95
60704,92.42,7,95
60829,92.53,7,95
60953,92.69,7,95
61078,92.77,7,95
61203,92.82,7,95
61328,92.91,7,95
61453,92.97,7,95
61578,93.08,7,95
61703,93.44,7,95
61828,93.44,7,95
61953,93.45,7,95
62078,93.48,7,95
62203,93.48,7,95
62328,93.13,7,95
62453,92.73,7,95
62578,92.7,7,95
62703,92.74,7,95
62828,92.74,7,95
62953,92.64,7,95
63078,92.53,7,95
63203,92.46,7,95
63327,92.39,7,95
63452,92.41,7,95
63577,92.55,7,95
63702,92.6,7,95
63825,92.55,7,95
63950,92.38,7,95
64075,92.4,7,95
64200,92.57,7,95
64325,92.64,7,95
64450,92.58,7,95
64574,92.35,7,95
64699,92.09,7,95
64824,92.02,7,95
64948,92.0,7,95
65073,92.07,7,95
65198,92.22,7,95
65321,92.22,7,95
65446,92.18,7,95
65571,92.16,7,95
65695,92.27,7,95
65820,92.16,7,95
65945,91.8,7,95
66069,91.74,7,95
66194,91.53,7,95
66318,91.59,7,95
66443,92.12,7,95
66567,92.29,7,95
66692,92.43,7,95
66817,92.42,7,95
66941,91.95,7,95
67065,92.36,7,95
67190,92.52,7,95
67315,92.5,7,95
67440,92.26,7,95
67565,91.67,7,95
67689,91.92,7,95
67814,91.9,7,95
67938,91.94,7,95
68063,92.0,7,95
68187,92.27,7,95
68312,92.17,7,95
68436,91.93,7,95
68560,91.62,7,95
68685,91.83,7,95
68809,91.74,7,95
68934,91.74,7,95
69058,91.62,7,95
69183,92.15,7,95
69307,91.73,7,95
69432,91.86,7,95
69557,91.49,7,95
69681,91.48,7,95
69805,91.43,7,95
69929,91.08,7,95
70053,91.51,7,95
70177,91.75,7,95
70302,92.14,7,95
70426,92.22,7,95
70551,92.27,7,95
70676,92.37,7,95
70801,92.1,7,95
70925,91.94,7,95
71050,91.98,7,95
71175,91.68,7,95
71299,91.6,7,95
71424,91.57,7,95
71547,91.56,7,95
71671,91.48,7,95
71796,91.59,7,95
71920,91.51,7,95
72045,91.81,7,95
72169,92.39,7,95
72294,92.63,7,95
72419,92.79,7,95
72544,92.83,7,95
72669,92.49,7,95
72793,92.33,7,95
72918,92.35,7,95
73042,92.07,7,95
73167,91.5,7,95
73291,90.8,7,95
73415,90.7,7,95
73539,90.89,7,95
73664,91.09,7,95
73788,91.31,7,95
73912,90.92,7,95
74036,90.78,7,95
74160,91.01,7,95
74285,91.11,7,95
74408,90.8,7,95
74532,91.18,7,95
74656,91.27,7,95
74781,91.27,7,95
74905,91.02,7,95
75029,91.37,7,95
75154,91.89,7,95
75278,92.04,7,95
75403,91.81,7,95
75527,91.32,7,95
75652,91.47,7,95
75776,91.28,7,95
75899,90.98,7,95
76024,90.67,7,95
76148,90.77,7,95
76272,91.03,7,95
76396,91.24,7,95
76520,91.54,7,95
76645,91.9,7,95
76769,91.74,7,95
76894,91.71,7,95
77018,91.78,7,95
77143,91.29,7,95
77266,91.1,7,95
77390,90.39,7,95
77514,90.95,7,95
77639,91.28,7,95
77763,91.21,7,95
77887,91.3,7,95
78012,91.24,7,95
78136,91.03,7,95
78260,91.27,7,95
78384,91.83,7,95
78509,91.75,7,95
78632,91.76,7,95
78757,91.45,7,95
78881,91.5,7,95
79006,91.62,7,95
79130,92.18,7,95
79255,92.23,7,95
79380,92.57,7,95
79504,92.64,7,95
79629,92.54,7,95
79754,92.68,7,95
79879,92.6,7,95
80004,92.56,7,95
80129,92.38,7,95
80252,91.51,7,95
80377,90.98,7,95
80501,90.67,7,95
80625,90.85,7,95
80749,91.41,7,95
80874,91.95,7,95
80998,92.3,7,95
81123,92.45,7,95
81248,92.52,7,95
81373,92.46,7,95
81497,92.45,7,95
81622,92.36,7,95
81746,92.14,7,95
81871,91.92,7,95
81995,92.01,7,95
82120,92.34,7,95
82245,92.7,7,95
82369,92.93,7,95
82494,92.99,7,95
82619,92.99,7,95
82744,93.02,7,95
82869,93.1,7,95
82994,93.08,7,95
83120,93.21,7,95
83245,93.61,7,95
83369,93.72,7,95
83494,93.94,7,95
83620,93.95,7,95
83745,93.7,7,95
83870,93.71,7,95
83996,93.73,7,95
84121,93.76,7,95
84246,93.81,7,95
84372,94.18,7,95
84497,94.23,7,95
84623,94.24,7,95
84748,93.8,7,95
84873,93.82,7,95
84999,93.83,7,95
85124,93.93,7,95
85250,93.91,7,95
85374,93.73,7,95
85499,94.02,7,95
85625,93.75,7,95
85750,93.72,7,95
85875,93.78,7,95
86001,93.6,7,95
86126,93.21,7,95
86251,93.12,7,95
86376,93.64,7,95
86501,94.26,7,95
86627,95.07,7,95
86753,95.96,7,95
86879,96.4,7,95
87005,101.37,7,95
87134,97.86,7,95
87261,97.03,7,95
87387,96.78,7,95
87514,96.61,7,95
87640,95.73,7,95
87767,94.81,7,95
87891,93.95,7,95
88017,94.07,7,95
88142,94.26,7,95
88268,94.71,7,95
88393,94.2,7,95
88519,93.6,7,95
88644,93.41,7,95
88769,93.67,7,95
88895,93.7,7,95
89020,93.65,7,95
89145,93.35,7,95
89270,93.18,7,95
89395,93.18,7,95
89521,93.61,7,95
89646,93.76,7,95
89771,94.11,7,95
89896,93.56,7,95
90021,93.16,7,95
90146,93.04,7,95
90271,93.13,7,95
90396,93.58,7,95
90521,93.6,7,95
90646,93.67,7,95
90772,93.66,7,95
90897,93.35,7,95
91022,93.04,7,95
91147,93.11,7,95
91272,93.54,7,95
91398,93.75,7,95
91523,93.8,7,95
91648,94.03,7,95
91773,94.05,7,95
91898,94.22,7,95
92024,94.31,7,95
92149,94.01,7,95
92275,93.7,7,95
92400,93.62,7,95
92525,93.5,7,95
92650,93.39,7,95
92776,93.18,7,95
92901,93.61,7,95
93026,93.62,7,95
93151,93.64,7,95
93276,94.11,7,95
93402,94.22,7,95
93527,93.76,7,95
93652,93.81,7,95
93777,94.03,7,95
93903,93.79,7,95
94028,93.94,7,95
94153,93.79,7,95
94279,94.05,7,95
94404,94.1,7,95
94529,94.01,7,95
94655,93.79,7,95
94780,93.97,7,95
94906,94.28,7,95
95031,94.42,7,95
95157,94.43,7,95
95282,94.34,7,95
95408,94.43,7,95
95534,94.53,7,95
95659,94.34,7,95
95784,94.25,7,95
95909,94.29,7,95
96035,94.34,7,95
96160,94.54,7,95
96286,95.15,7,95
96412,95.31,7,95
96538,95.6,7,95
96664,95.02,7,95
96790,94.99,7,95
96916,95.07,7,95
97041,94.62,7,95
97167,94.13,7,95
97293,93.68,7,95
97418,93.11,7,95
97543,93.19,7,95
97668,93.49,7,95
97793,93.32,7,95
97917,93.01,7,95
98042,92.84,7,95
98167,92.85,7,95
98292,92.98,7,95
98417,92.99,7,95
98542,92.94,7,95
98667,93.0,7,95
98792,93.01,7,95
98917,93.11,7,95
99042,93.36,7,95
99168,93.63,7,95
99293,93.7,7,95
99418,93.76,7,95
99543,93.67,7,95
99668,93.24,7,95
99793,93.2,7,95
99918,93.15,7,95
100043,93.19,7,95
100168,93.14,7,95
100293,93.08,7,95
100418,93.1,7,95
100543,93.1,7,95
100669,93.07,7,95
100794,93.01,7,95
100919,92.9,7,95
101044,92.92,7,95
101169,92.93,7,95
101294,93.06,7,95
101419,93.08,7,95
101543,93.05,7,95
101668,92.97,7,95
101793,93.01,7,95
101918,93.1,7,95
102043,93.07,7,95
102168,93.05,7,95
102293,92.98,7,95
102418,92.91,7,95
102544,92.91,7,95
102669,92.94,7,95
102794,92.96,7,95
102919,93.0,7,95
103044,92.97,7,95
103169,92.93,7,95
103293,92.92,7,95
103418,92.92,7,95
103543,92.92,7,95
103668,93.0,7,95
103793,93.18,7,95
103918,93.64,7,95
104043,93.74,7,95
104169,93.74,7,95
104294,94.17,7,95
104420,94.26,7,95
104545,94.19,7,95
104671,93.75,7,95
104796,93.75,7,95
104921,94.1,7,95
105047,93.73,7,95
105171,93.58,7,95
105297,93.1,7,95
105422,93.12,7,95
105547,93.66,7,95
105672,93.86,7,95
105798,93.81,7,95
105923,93.79,7,95
106048,93.72,7,95
106174,93.37,7,95
106299,92.85,7,95
106424,92.53,7,95
106549,92.34,7,95
106674,92.28,7,95
106799,92.37,7,95
106923,92.5,7,95
107047,92.66,7,95
107172,92.85,7,95
107297,93.05,7,95
107422,93.42,7,95
107547,93.67,7,95
107673,93.71,7,95
107798,93.68,7,95
107923,93.69,7,95
108049,93.65,7,95
108174,93.63,7,95
108299,93.63,7,95
108425,93.65,7,95
108550,93.71,7,95
108675,93.71,7,95
108801,94.14,7,95
108925,94.26,7,95
109051,94.29,7,95
109176,94.26,7,95
109302,94.26,7,95
109427,94.26,7,95
109553,94.22,7,95
109678,94.27,7,95
109804,94.2,7,95
109930,94.11,7,95
110055,94.08,7,95
110181,93.83,7,95
110306,94.16,7,95
110431,93.82,7,95
110557,93.82,7,95
110682,93.8,7,95
110808,93.82,7,95
110932,93.8,7,95
111057,94.04,7,95
111183,93.81,7,95
111308,93.78,7,95
111434,94.25,7,95
111559,94.17,7,95
111685,94.26,7,95
111810,94.28,7,95
111936,94.25,7,95
112061,94.32,7,95
112187,94.27,7,95
112313,94.29,7,95
112438,94.28,7,95
112564,94.31,7,95
112689,94.27,7,95
112815,93.94,7,95
112940,93.97,7,95
113065,94.0,7,95
113190,93.79,7,95
113316,93.82,7,95
113441,94.15,7,95
113566,94.29,7,95
113692,94.32,7,95
113818,94.27,7,95
113943,94.26,7,95
114069,94.23,7,95
114194,94.27,7,95
114320,94.06,7,95
114445,93.82,7,95
114571,93.81,7,95
114696,93.79,7,95
114822,93.73,7,95
114947,93.7,7,95
115072,93.73,7,95
115197,93.94,7,95
115322,94.08,7,95
115448,94.18,7,95
115573,93.89,7,95
115699,93.74,7,95
115824,93.66,7,95
115949,93.72,7,95
116075,93.72,7,95
116200,93.7,7,95
116325,93.73,7,95
116451,93.8,7,95
116576,93.78,7,95
116701,93.81,7,95
116827,93.74,7,95
116952,93.67,7,95
117078,93.71,7,95
117202,93.77,7,95
117327,93.8,7,95
117453,93.76,7,95
117578,93.32,7,95
117703,93.59,7,95
117828,93.72,7,95
117954,93.58,7,95
118079,93.35,7,95
118204,93.07,7,95
118330,93.06,7,95
118455,93.09,7,95
118580,93.16,7,95
118705,93.56,7,95
118830,94.07,7,95
118956,94.27,7,95
119080,93.89,7,95
119206,93.7,7,95
119331,93.71,7,95
119456,93.84,7,95
119582,93.99,7,95
119707,93.96,7,95
119833,93.83,7,95
119958,93.87,7,95
120083,93.74,7,95
120209,93.67,7,95
120334,93.69,7,95
120459,93.73,7,95
120585,94.11,7,95
120710,94.27,7,95
120836,94.15,7,95
120961,93.73,7,95
121086,93.58,7,95
121211,93.58,7,95
121336,93.77,7,95
121462,93.78,7,95
121587,94.1,7,95
121713,94.06,7,95
121838,94.25,7,95
121964,93.92,7,95
122089,93.75,7,95
122215,93.72,7,95
122340,93.73,7,95
122465,93.96,7,95
122591,94.31,7,95
122716,94.34,7,95
122842,94.34,7,95
122967,94.36,7,95
123092,94.37,7,95
123218,94.7,7,95
123343,94.77,7,95
123469,94.52,7,95
123595,94.46,7,95
123720,94.36,7,95
123846,94.35,7,95
123972,94.43,7,95
124097,94.43,7,95
124223,94.38,7,95
124349,94.36,7,95
124474,94.45,7,95
124600,94.61,7,95
124726,94.35,7,95
124851,94.41,7,95
124977,95.21,7,95
125103,95.61,7,95
125229,95.76,7,95
125355,95.06,7,95
125480,94.67,7,95
125606,94.46,7,95
125731,94.74,7,95
125857,94.43,7,95
125983,94.8,7,95
126108,94.86,7,95
126234,94.88,7,95
126360,94.88,7,95
126486,94.84,7,95
126612,94.41,7,95
126737,94.28,7,95
126863,94.1,7,95
126988,93.79,7,95
127114,93.4,7,95
127239,93.54,7,95
127364,93.57,7,95
127490,93.29,7,95
127614,93.19,7,95
127739,93.16,7,95
127864,93.09,7,95
127989,93.2,7,95
128114,93.72,7,95
128240,93.65,7,95
128365,93.12,7,95
128490,93.0,7,95
128615,93.04,7,95
128740,93.08,7,95
128866,93.05,7,95
128991,92.98,7,95
129116,92.96,7,95
129241,93.0,7,95
129366,92.99,7,95
129490,92.89,7,95
129615,92.83,7,95
129740,92.86,7,95
129865,92.92,7,95
129990,93.08,7,95
130115,93.63,7,95
130240,93.81,7,95
130366,94.36,7,95
130491,94.43,7,95
130617,94.46,7,95
130742,94.34,7,95
130868,93.89,7,95
130993,93.88,7,95
131119,94.25,7,95
131244,93.82,7,95
131369,93.71,7,95
131494,93.36,7,95
131619,93.32,7,95
131745,93.5,7,95
131870,93.55,7,95
131995,93.45,7,95
132120,93.56,7,95
132246,93.57,7,95
132371,93.71,7,95
132496,93.64,7,95
132622,93.19,7,95
132747,93.19,7,95
132872,93.34,7,95
132997,93.17,7,95
133122,93.74,7,95
133248,94.01,7,95
133372,94.34,7,95
133498,94.14,7,95
133623,94.01,7,95
133749,94.03,7,95
133874,93.68,7,95
133999,93.73,7,95
134125,93.77,7,95
134250,94.16,7,95
134376,94.3,7,95
134501,94.38,7,95
134627,94.35,7,95
134752,93.99,7,95
134878,93.82,7,95
135003,93.81,7,95
135129,87.18,7,95
135249,91.12,7,95
135373,93.55,7,95
135498,93.16,7,95
135623,93.04,7,95
135748,92.86,7,95
135873,92.69,7,95
135998,92.59,7,95
136123,92.61,7,95
136248,92.64,7,95
136373,92.84,7,95
136498,93.05,7,95
136623,86.65,7,95
136743,91.09,7,95
136866,93.73,7,95
136992,94.34,7,95
137117,94.37,7,95
137243,94.34,7,95
137369,94.25,7,95
137494,94.52,7,95
137620,94.26,7,95
137745,93.87,7,95
137871,94.1,7,95
137996,93.77,7,95
138122,93.7,7,95
138247,93.29,7,95
138372,93.48,7,95
138497,93.74,7,95
138622,94.13,7,95
138747,93.92,7,95
138873,94.34,7,95
138998,94.07,7,95
139124,94.31,7,95
139249,94.36,7,95
139375,94.04,7,95
139501,93.72,7,95
139626,93.46,7,95
139751,93.07,7,95
139876,93.72,7,95
140002,93.79,7,95
140127,93.71,7,95
140252,93.65,7,95
140378,93.7,7,95
140503,93.71,7,95
140627,93.71,7,95
140753,93.96,7,95
140878,93.64,7,95
141003,93.6,7,95
141129,93.1,7,95
141254,93.44,7,95
141379,93.3,7,95
141504,92.72,7,95
141629,92.38,7,95
141754,92.47,7,95
141879,92.72,7,95
142004,92.92,7,95
142129,92.83,7,95
142254,93.0,7,95
142379,93.17,7,95
142503,93.05,7,95
142628,93.35,7,95
142753,93.26,7,95
142879,93.1,7,95
143004,93.11,7,95
143129,93.35,7,95
143254,92.8,7,95
143379,92.64,7,95
143504,92.75,7,95
143629,93.09,7,95
143754,92.74,7,95
143879,92.8,7,95
144004,93.17,7,95
144129,93.0,7,95
144253,93.01,7,95
144378,93.01,7,95
144503,92.89,7,95
144628,92.83,7,95
144753,92.83,7,95
144878,93.25,7,95
145003,93.16,7,95
145129,93.05,7,95
145254,93.05,7,95
145379,93.2,7,95
145504,93.04,7,95
145629,93.05,7,95
145754,93.19,7,95
145879,93.03,7,95
146003,93.01,7,95
146128,92.9,7,95
146253,92.91,7,95
146378,92.98,7,95
146504,93.01,7,95
146629,93.11,7,95
146754,93.01,7,95
146879,93.27,7,95
147004,93.22,7,95
147129,93.09,7,95
147254,92.73,7,95
147379,92.71,7,95
147504,92.92,7,95
147629,92.94,7,95
147753,86.03,7,95
147874,93.66,7,95
148000,94.46,7,95
148125,95.38,7,95
148251,95.13,7,95
148377,94.52,7,95
148503,93.65,7,95
148628,93.49,7,95
148751,93.62,7,95
148877,93.46,7,95
149002,93.55,7,95
149127,93.69,7,95
149253,94.07,7,95
149378,94.16,7,95
149504,94.2,7,95
149628,93.7,7,95
149754,93.34,7,95
149879,93.26,7,95
150004,93.52,7,95
150129,93.6,7,95
150254,94.16,7,95
150380,94.65,7,95
150506,95.07,7,95
150631,95.02,7,95
150757,94.83,7,95
150883,94.42,7,95
151009,93.55,7,95
151133,85.65,7,95
151254,92.84,7,95
151378,93.25,7,95
151503,93.2,7,95
151628,93.6,7,95
151754,93.69,7,95
151879,94.18,7,95
152004,94.28,7,95
152130,94.26,7,95
152256,94.19,7,95
152381,93.71,7,95
152507,93.64,7,95
152632,93.6,7,95
152757,93.55,7,95
152882,93.61,7,95
153008,93.65,7,95
153133,93.59,7,95
153257,93.64,7,95
153383,93.69,7,95
153508,93.67,7,95
153633,93.72,7,95
153759,93.75,7,95
153884,93.9,7,95
154009,94.0,7,95
154135,94.16,7,95
154260,94.18,7,95
154386,94.17,7,95
154511,94.18,7,95
154637,94.17,7,95
154763,94.18,7,95
154888,94.16,7,95
155014,94.08,7,95
155139,93.72,7,95
155264,93.63,7,95
155389,93.21,7,95
155514,92.94,7,95
155639,92.83,7,95
155764,93.05,7,95
155889,92.92,7,95
156014,93.14,7,95
156139,93.08,7,95
156264,93.06,7,95
156389,93.54,7,95
156515,93.56,7,95
156640,93.59,7,95
156765,93.62,7,95
156891,93.63,7,95
157016,93.62,7,95
157140,93.6,7,95
157266,93.65,7,95
157391,93.61,7,95
157516,93.62,7,95
157642,93.63,7,95
157767,93.64,7,95
157892,93.7,7,95
158018,93.89,7,95
158143,94.12,7,95
158268,94.17,7,95
158394,94.16,7,95
158519,94.19,7,95
158645,94.17,7,95
158770,94.17,7,95
158896,94.05,7,95
159021,93.73,7,95
159147,93.71,7,95
159271,93.69,7,95
159397,93.63,7,95
159522,93.63,7,95
159647,93.54,7,95
159773,93.37,7,95
159898,93.04,7,95
160023,92.89,7,95
160148,92.85,7,95
160273,92.76,7,95
160398,92.96,7,95
160523,93.23,7,95
160648,93.61,7,95
160773,94.11,7,95
160899,94.48,7,95
161024,95.22,7,95
161149,95.78,7,95
161276,97.07,7,95
161402,97.56,7,95
161529,97.07,7,95
161656,96.1,7,95
161782,95.29,7,95
161908,94.73,7,95
162034,94.23,7,95
162160,93.96,7,95
162285,93.6,7,95
162410,93.44,7,95
162536,93.08,7,95
162661,93.09,7,95
162786,93.09,7,95
162911,93.53,7,95
163036,93.49,7,95
163161,93.63,7,95
163287,93.73,7,95
163411,93.8,7,95
163536,94.18,7,95
163662,94.25,7,95
163788,94.44,7,95
163913,94.69,7,95
164039,94.52,7,95
164165,94.25,7,95
164290,94.25,7,95
164416,94.25,7,95
164541,94.19,7,95
164667,94.19,7,95
164792,94.2,7,95
164918,94.24,7,95
165043,94.27,7,95
165169,94.28,7,95
165295,94.71,7,95
165420,94.75,7,95
165545,95.05,7,95
165671,95.67,7,95
165797,95.94,7,95
165923,95.76,7,95
166049,95.59,7,95
166175,95.08,7,95
166301,94.8,7,95
166427,94.34,7,95
166553,94.41,7,95
166678,94.31,7,95
166804,94.54,7,95
166930,94.54,7,95
167055,94.68,7,95
167181,94.78,7,95
167307,94.77,7,95
167433,94.87,7,95
167558,94.86,7,95
167684,94.79,7,95
167810,94.77,7,95
167936,94.72,7,95
168061,94.71,7,95
168186,94.72,7,95
168312,94.7,7,95
168438,94.71,7,95
168564,94.56,7,95
168689,94.68,7,95
168815,94.48,7,95
168941,94.7,7,95
169066,94.74,7,95
169192,94.76,7,95
169318,95.0,7,95
169444,95.02,7,95
169570,95.27,7,95
169696,95.75,7,95
169822,96.07,7,95
169948,95.77,7,95
170074,94.63,7,95
170200,94.34,7,95
170326,94.69,7,95
170450,95.32,7,95
170576,95.67,7,95
170702,95.51,7,95
170828,96.14,7,95
170955,95.99,7,95
171081,96.32,7,95
171207,96.22,7,95
171334,96.34,7,95
171460,96.58,7,95
171587,97.7,7,95
171714,97.62,7,95
171841,97.82,7,95
171968,97.72,7,95
172095,95.97,7,95
172221,96.77,7,95
172348,97.51,5,95
172482,102.88,5,95
172614,102.26,7,95
172743,100.75,7,95
172872,101.85,6,95
173006,101.4,7,95
173134,98.53,7,95
173261,97.45,7,95
173388,97.39,7,95
173515,96.77,7,95
173642,95.71,7,95
173768,95.72,7,95
173894,96.69,7,95
174021,97.21,7,95
174148,98.03,7,95
174275,97.45,7,95
174402,96.05,7,95
174528,95.5,7,95
174654,95.57,7,95
174780,95.3,7,95
174906,95.12,7,95
175032,95.15,7,95
175158,95.23,7,95
175284,94.61,7,95
175410,94.8,7,95
175536,94.31,7,95
175661,95.04,7,95
175787,95.25,7,95
175912,95.07,7,95
176038,95.12,7,95
176164,95.08,7,95
176290,94.81,7,95
176416,95.06,7,95
176542,95.13,7,95
176668,95.66,7,95
176794,96.45,7,95
176920,96.01,6,95
177052,96.68,4,95
177185,98.12,7,95
177312,96.84,7,95
177439,98.72,7,95
177566,99.98,7,95
177694,100.07,7,95
177822,100.09,7,95
177950,100.16,7,95
178078,98.55,7,95
178205,99.99,7,95
178333,101.92,6,95
178467,102.23,5,95
178607,101.17,7,95
178736,101.49,7,95
178864,101.82,7,95
178993,102.74,3,95
179143,101.96,3,95
179282,100.4,7,95
179410,100.65,7,95
179538,101.08,7,95
179667,100.73,7,95
179795,99.69,7,95
179923,98.98,7,95
180050,100.24,7,95
180178,100.16,7,95
180306,99.46,5,95
180729,96.15,7,95
180855,98.6,7,95
180982,97.32,7,95
181109,97.66,7,95
181236,98.93,4,95
181541,98.7,3,95
181858,101.94,3,95
182008,102.6,3,95
182159,102.35,7,95
182288,103.69,7,95
182417,99.05,7,95
182544,96.87,7,95
182671,97.11,7,95
182798,100.91,7,95
182926,96.69,7,95
183053,97.6,7,95
183180,99.67,7,95
183307,97.03,7,95
183434,97.74,7,95
183561,97.05,7,95
183688,96.69,7,95
183815,95.83,7,95
183941,96.57,7,95
184067,96.07,7,95
184194,96.06,7,95
184320,95.61,7,95
184445,95.25,7,95
184571,95.14,7,95
184697,94.7,7,95
184823,94.42,7,95
184949,94.13,7,95
185074,94.03,7,95
185199,94.16,7,95
185325,94.61,7,95
185451,94.61,7,95
185576,94.62,7,95
185702,94.58,7,95
185828,94.61,7,95
185954,94.61,7,95
186079,94.61,7,95
186205,94.54,7,95
186331,94.44,7,95
186456,94.48,7,95
186582,94.5,7,95
186707,94.52,7,95
186832,94.52,7,95
186958,94.51,7,95
187084,94.31,7,95
187209,94.34,7,95
187335,94.29,7,95
187460,94.29,7,95
187586,94.14,7,95
187711,94.08,7,95
187837,94.05,7,95
187962,94.08,7,95
188088,94.06,7,95
188213,94.07,7,95
188339,94.04,7,95
188464,94.08,7,95
188590,94.14,7,95
188715,94.17,7,95
188840,94.15,7,95
188965,94.18,7,95
189091,94.16,7,95
189216,94.17,7,95
189342,94.17,7,95
189468,94.15,7,95
189593,94.15,7,95
189719,94.17,7,95
189844,94.14,7,95
189970,94.16,7,95
190095,94.15,7,95
190221,94.17,7,95
190346,94.14,7,95
190472,94.15,7,95
190597,94.15,7,95
190723,94.14,7,95
190848,94.16,7,95
190973,94.09,7,95
191098,94.09,7,95
191224,94.06,7,95
191349,94.07,7,95
191475,94.06,7,95
191600,94.06,7,95
191726,93.85,7,95
191851,93.69,7,95
191976,93.77,7,95
192102,93.64,7,95
192227,93.61,7,95
192352,93.62,7,95
192478,93.61,7,95
192603,93.61,7,95
192728,93.84,7,95
192854,93.98,7,95
192978,93.78,7,95
193104,93.73,7,95
193229,94.04,7,95
193354,93.85,7,95
193480,93.61,7,95
193605,93.76,7,95
193731,93.63,7,95
193856,94.0,7,95
193981,94.08,7,95
194107,94.14,7,95
194232,94.77,7,95
194358,95.23,7,95
194484,95.7,7,95
194610,96.47,7,95
194737,96.85,7,95
194863,102.61,7,95
194992,101.92,7,95
195121,101.5,7,95
195737,104.25,4,95
195883,102.86,7,95
196013,104.38,7,95
196641,105.88,4,95
196787,102.79,7,95
196917,102.04,7,95
197045,101.76,7,95
197174,101.23,7,95
197302,101.49,7,95
197431,101.6,7,95
197559,101.6,7,95
197688,101.68,7,95
197817,101.95,7,95
197945,102.2,7,95
198074,102.5,7,95
198203,102.86,7,95
198332,102.51,7,95
198461,102.85,7,95
198590,102.87,7,95
198719,102.8,7,95
198848,102.58,7,95
198977,102.6,7,95
199106,102.12,7,95
199235,101.6,7,95
199363,100.89,7,95
199492,100.96,7,95
199620,101.47,7,95
199749,100.68,7,95
199877,100.1,7,95
200005,100.15,7,95
200133,99.99,7,95
200261,100.25,7,95
200389,100.08,7,95
200517,99.97,7,95
200644,100.42,7,95
200925,103.66,5,95
201058,101.88,7,95
201187,101.24,7,95
201315,100.91,7,95
201443,99.28,7,95
201571,98.81,7,95
201698,96.95,7,95
201825,96.05,7,95
201951,95.53,7,95
202077,95.16,7,95
202203,95.15,7,95
202329,95.06,7,95
202455,95.14,7,95
202580,95.06,7,95
202706,94.7,7,95
202832,94.51,7,95
202957,94.26,7,95
203083,94.15,7,95
203208,94.19,7,95
203334,94.14,7,95
203460,93.8,7,95
203585,94.06,7,95
203710,93.61,7,95
203836,93.6,7,95
203961,93.6,7,95
204086,93.62,7,95
204212,93.64,7,95
204337,93.57,7,95
204462,93.53,7,95
204587,93.47,7,95
204712,78.73,7,95
204831,86.15,7,95
204952,85.78,7,95
205073,93.2,7,95
205198,93.29,7,95
205323,93.34,7,95
205446,82.4,7,95
205565,78.57,7,95
205684,78.56,7,95
205803,89.54,7,95
205925,93.42,7,95
206051,93.46,7,95
206176,93.46,7,95
206301,92.91,7,95
206424,93.21,7,95
206548,93.06,7,95
206673,93.3,7,95
206798,93.08,7,95
206924,93.16,7,95
207049,92.91,7,95
207174,93.25,7,95
207299,92.91,7,95
207424,92.95,7,95
207549,92.73,7,95
207674,92.69,7,95
207799,92.63,7,95
207924,92.58,7,95
208049,92.53,7,95
208174,92.47,7,95
208299,92.45,7,95
208422,92.47,7,95
208547,92.46,7,95
208672,92.46,7,95
208797,92.46,7,95
208922,92.45,7,95
209047,92.47,7,95
209171,92.53,7,95
209296,92.56,7,95
209421,92.56,7,95
209546,92.61,7,95
209671,92.59,7,95
209796,92.74,7,95
209921,92.59,7,95
210045,92.49,7,95
210170,92.26,7,95
210294,92.24,7,95
210419,92.19,7,95
210544,92.18,7,95
210669,92.19,7,95
210793,92.19,7,95
210918,92.25,7,95
211043,92.11,7,95
211168,92.29,7,95
211292,92.11,7,95
211417,92.2,7,95
211542,92.08,7,95
211666,92.1,7,95
211790,92.11,7,95
211915,92.17,7,95
212040,92.18,7,95
212164,92.16,7,95
212289,92.18,7,95
212414,92.17,7,95
212539,92.38,7,95
212664,92.28,7,95
212788,92.41,7,95
212913,92.37,7,95
213038,92.37,7,95
213163,92.34,7,95
213287,92.33,7,95
213411,92.39,7,95
213536,92.38,7,95
213661,92.37,7,95
213786,92.37,7,95
213911,92.37,7,95
214035,92.37,7,95
214160,92.28,7,95
214285,92.35,7,95
214410,92.33,7,95
214535,92.38,7,95
214659,92.38,7,95
214784,92.38,7,95
214908,92.48,7,95
215033,92.27,7,95
215158,92.28,7,95
215282,92.22,7,95
215407,92.18,7,95
215532,92.19,7,95
215657,91.95,7,95
215781,91.9,7,95
215906,91.81,7,95
216031,91.74,7,95
216155,91.73,7,95
216280,91.73,7,95
216403,91.76,7,95
216528,91.74,7,95
216652,91.85,7,95
216777,91.83,7,95
216902,91.99,7,95
217026,92.17,7,95
217151,92.01,7,95
217276,92.01,7,95
217400,92.03,7,95
217525,92.03,7,95
217650,92.01,7,95
217774,92.01,7,95
217899,91.9,7,95
218023,91.91,7,95
218147,91.87,7,95
218272,91.81,7,95
218397,91.72,7,95
218521,91.63,7,95
218646,91.6,7,95
218770,91.55,7,95
218895,91.56,7,95
219019,91.54,7,95
219144,91.5,7,95
219268,91.44,7,95
219392,91.47,7,95
219516,91.46,7,95
219640,91.47,7,95
219765,91.54,7,95
219889,91.55,7,95
220014,91.49,7,95
220138,91.47,7,95
220263,91.49,7,95
220387,91.47,7,95
220511,91.44,7,95
220636,91.39,7,95
220760,91.41,7,95
220884,91.4,7,95
221008,91.47,7,95
221133,91.57,7,95
221257,91.7,7,95
221382,91.89,7,95
221506,92.0,7,95
221631,92.12,7,95
221756,92.25,7,95
221880,92.22,7,95
222005,92.2,7,95
222130,92.2,7,95
222255,92.19,7,95
222379,92.2,7,95
222503,92.38,7,95
222628,92.38,7,95
222753,92.53,7,95
222878,92.58,7,95
223002,92.81,7,95
223127,92.95,7,95
223252,93.1,7,95
223378,93.11,7,95
223503,93.14,7,95
223628,93.19,7,95
223753,93.28,7,95
223878,93.33,7,95
224003,93.35,7,95
224128,93.37,7,95
224253,93.42,7,95
224378,93.45,7,95
224503,93.53,7,95
224628,93.62,7,95
224754,93.92,7,95
224879,94.02,7,95
225004,94.18,7,95
225130,94.39,7,95
225256,94.58,7,95
225381,94.71,7,95
225507,95.08,7,95
225633,95.85,7,95
225759,96.85,7,95
225886,99.7,7,95
226013,102.06,7,95
226142,101.75,7,95
226271,101.39,7,95
226399,102.58,7,95
226528,102.92,3,95
226668,102.34,7,95
226797,101.96,7,95
226925,101.23,7,95
227054,101.26,7,95
227182,101.89,7,95
227311,101.71,7,95
227440,101.38,7,95
227568,102.02,7,95
227697,98.1,7,95
227824,95.89,7,95
227950,95.0,7,95
228076,94.72,7,95
228202,94.71,7,95
228328,94.67,7,95
228453,94.18,7,95
228579,94.11,7,95
228704,94.07,7,95
228830,94.07,7,95
228955,94.1,7,95
229081,94.08,7,95
229206,93.93,7,95
229331,93.65,7,95
229456,93.55,7,95
229581,93.55,7,95
229707,93.47,7,95
229832,93.42,7,95
229957,93.36,7,95
230082,93.28,7,95
230208,93.27,7,95
230333,93.28,7,95
230458,93.28,7,95
230583,93.25,7,95
230708,93.22,7,95
230833,92.92,7,95
230959,92.69,7,95
231083,92.65,7,95
231207,92.62,7,95
231332,92.93,7,95
231457,92.98,7,95
231582,93.0,7,95
231707,92.97,7,95
231833,92.84,7,95
231958,92.54,7,95
232082,92.37,7,95
232207,92.28,7,95
232332,92.3,7,95
232457,92.3,7,95
232582,92.38,7,95
232706,92.47,7,95
232830,92.49,7,95
232955,92.61,7,95
233080,92.82,7,95
233205,92.85,7,95
233330,92.65,7,95
233455,92.58,7,95
233580,92.61,7,95
233705,92.68,7,95
233830,92.56,7,95
233955,92.56,7,95
234080,92.55,7,95
234204,92.46,7,95
234329,92.45,7,95
234454,92.37,7,95
234578,92.29,7,95
234703,92.27,7,95
234827,92.28,7,95
234952,92.35,7,95
235077,92.38,7,95
235202,92.42,7,95
235327,92.47,7,95
235452,92.46,7,95
235576,92.47,7,95
235701,92.46,7,95
235826,92.49,7,95
235951,92.56,7,95
236076,92.55,7,95
236200,92.55,7,95
236325,92.81,7,95
236450,92.91,7,95
236575,92.76,7,95
236699,92.72,7,95
236824,92.64,7,95
236949,92.75,7,95
237074,92.92,7,95
237199,92.64,7,95
237324,92.77,7,95
237449,92.73,7,95
237574,92.65,7,95
237699,92.58,7,95
237824,92.75,7,95
237948,92.56,7,95
238073,92.67,7,95
238198,92.3,7,95
238323,92.18,7,95
238447,92.23,7,95
238572,92.59,7,95
238697,92.74,7,95
238822,92.74,7,95
238947,92.74,7,95
239072,92.66,7,95
239197,92.61,7,95
239322,92.55,7,95
239447,92.54,7,95
239571,92.71,7,95
239696,93.05,7,95
239821,93.06,7,95
239946,92.8,7,95
240071,92.76,7,95
240196,92.76,7,95
240321,92.7,7,95
240446,92.66,7,95
240571,92.61,7,95
240696,92.56,7,95
240820,92.5,7,95
240945,92.32,7,95
241070,92.32,7,95
241195,92.42,7,95
241319,92.47,7,95
241444,92.49,7,95
241568,92.52,7,95
241693,92.48,7,95
241818,92.5,7,95
241943,92.55,7,95
242068,92.64,7,95
242193,92.78,7,95
242318,92.83,7,95
242443,92.8,7,95
242568,92.81,7,95
242693,92.8,7,95
242818,92.91,7,95
242942,92.82,7,95
243067,92.82,7,95
243192,92.83,7,95
243317,92.79,7,95
243442,92.78,7,95
243567,92.76,7,95
243692,92.77,7,95
243817,92.69,7,95
243942,92.7,7,95
244067,92.66,7,95
244192,92.71,7,95
244316,92.73,7,95
244441,92.74,7,95
244566,92.72,7,95
244690,92.74,7,95
244815,92.71,7,95
244940,92.67,7,95
245065,92.74,7,95
245190,92.71,7,95
245315,92.69,7,95
245440,92.67,7,95
245565,92.63,7,95
245690,92.57,7,95
245815,92.56,7,95
245940,92.6,7,95
246065,92.65,7,95
246189,92.72,7,95
246313,92.76,7,95
246438,92.78,7,95
246563,92.82,7,95
246688,93.0,7,95
246813,92.99,7,95
246938,92.97,7,95
247064,92.8,7,95
247189,92.73,7,95
247314,92.72,7,95
247439,92.68,7,95
247563,92.73,7,95
247688,92.76,7,95
247813,92.83,7,95
247938,92.82,7,95
248062,92.99,7,95
248187,93.01,7,95
248312,92.92,7,95
248437,92.86,7,95
248562,92.83,7,95
248687,93.07,7,95
248813,93.43,7,95
248938,93.43,7,95
249063,93.5,7,95
249188,93.5,7,95
249313,93.55,7,95
249439,93.65,7,95
249564,93.62,7,95
249689,93.61,7,95
249815,93.41,7,95
249939,93.4,7,95
250064,93.3,7,95
250189,93.58,7,95
250315,93.53,7,95
250440,93.63,7,95
250565,93.62,7,95
250690,93.67,7,95
250816,93.72,7,95
250941,93.83,7,95
251066,93.72,7,95
251192,93.74,7,95
251317,93.87,7,95
251443,93.82,7,95
251568,93.96,7,95
251693,93.83,7,95
251819,93.87,7,95
251943,93.85,7,95
252069,93.84,7,95
252194,93.8,7,95
252319,93.9,7,95
252445,93.72,7,95
252570,94.17,7,95
252696,94.1,7,95
252821,93.9,7,95
252947,94.09,7,95
253072,94.21,7,95
253198,94.25,7,95
253323,94.37,7,95
253449,94.67,7,95
253575,94.45,7,95
253700,94.2,7,95
0,52.53,7,100
100,103.75,7,100
229,104.99,7,100
358,105.8,7,100
489,104.29,7,100
618,103.0,7,100
747,103.23,7,100
876,103.41,7,100
1005,101.85,7,100
1134,101.16,7,100
1262,101.48,7,100
1391,102.0,7,100
1519,102.04,7,100
1648,101.75,7,100
1777,101.71,7,100
1905,101.56,7,100
2034,100.41,7,100
2162,101.99,7,100
2290,101.44,7,100
2419,102.79,7,100
2548,105.14,7,100
2677,106.07,7,100
2808,106.4,7,100
2938,106.64,7,100
3068,106.88,3,100
3216,106.83,7,100
3346,102.98,7,100
3475,105.43,7,100
3605,105.7,7,100
3735,104.69,7,100
3865,103.19,7,100
3994,101.53,7,100
4123,101.25,7,100
4251,101.45,7,100
4379,100.9,7,100
4508,100.63,7,100
4636,101.63,7,100
4764,101.13,7,100
4893,101.48,7,100
5021,101.01,7,100
5149,100.85,7,100
5278,100.33,7,100
5406,100.58,7,100
5534,100.45,7,100
5662,99.8,7,100
5788,99.83,7,100
5916,99.36,7,100
6043,99.32,7,100
6171,83.24,7,100
6291,86.05,7,100
6414,84.03,7,100
6535,86.86,7,100
6658,99.12,7,100
6786,93.77,7,100
6909,83.94,7,100
7030,92.23,7,100
7155,99.07,7,100
7282,99.01,7,100
7410,94.06,7,100
7534,85.75,7,100
7657,98.9,7,100
7783,99.45,7,100
7910,91.46,7,100
8034,99.2,7,100
8161,99.25,7,100
8288,99.1,7,100
8416,99.08,7,100
8543,99.09,7,100
8670,93.92,7,100
8795,83.8,7,100
8915,85.17,7,100
9037,84.76,7,100
9159,84.74,7,100
9280,85.09,7,100
9402,84.46,7,100
9524,85.08,7,100
9646,84.99,7,100
9767,85.77,7,100
9889,93.97,7,100
10014,99.29,7,100
10141,99.18,7,100
10269,99.32,7,100
10396,88.97,7,100
10519,83.5,7,100
10640,94.63,7,100
10766,99.28,7,100
10893,99.14,7,100
11021,98.68,7,100
11148,98.74,7,100
11275,98.54,7,100
11403,98.66,7,100
11530,98.49,7,100
11657,98.81,7,100
11784,98.86,7,100
11912,98.93,7,100
12038,83.51,7,100
12158,97.48,7,100
12284,99.2,7,100
12411,99.04,7,100
12539,98.88,7,100
12666,98.93,7,100
12794,99.11,7,100
12921,99.09,7,100
13048,98.82,7,100
13176,98.72,7,100
13303,98.93,7,100
13431,99.1,7,100
13558,98.74,7,100
13685,98.81,7,100
13813,98.75,7,100
13940,98.89,7,100
14067,99.31,7,100
14195,98.93,7,100
14322,98.9,7,100
14450,99.02,7,100
14577,99.18,7,100
14705,98.86,7,100
14832,98.76,7,100
14959,98.93,7,100
15087,98.76,7,100
15214,99.16,7,100
15342,99.09,7,100
15469,99.38,7,100
15597,99.1,7,100
15724,99.08,7,100
15851,99.12,7,100
15979,99.31,7,100
16106,99.45,7,100
16234,99.45,7,100
16362,99.3,7,100
16489,99.36,7,100
16617,99.36,7,100
16744,99.3,7,100
16872,98.83,7,100
16999,98.81,7,100
17127,99.16,7,100
17254,98.99,7,100
17381,99.08,7,100
17509,99.21,7,100
17636,99.28,7,100
17764,98.93,7,100
17891,99.1,7,100
18019,99.28,7,100
18146,99.0,7,100
18274,99.34,7,100
18401,99.09,7,100
18529,99.14,7,100
18656,99.23,7,100
18784,99.16,7,100
18911,99.17,7,100
19039,99.17,7,100
19166,99.08,7,100
19294,99.12,7,100
19421,89.26,7,100
19544,90.07,7,100
19667,89.41,7,100
19790,99.27,7,100
19917,86.39,7,100
20039,94.49,7,100
20164,89.26,7,100
20287,89.89,7,100
20410,97.26,7,100
20536,94.0,7,100
20661,84.65,7,100
20782,86.46,7,100
20903,99.25,7,100
21031,94.29,7,100
21156,93.04,7,100
21281,94.96,7,100
21406,86.67,7,100
21528,97.71,7,100
21654,99.83,7,100
21782,99.65,7,100
21910,99.2,7,100
22037,99.79,7,100
22164,94.86,7,100
22289,94.87,7,100
22413,100.15,7,100
22541,99.81,7,100
22669,100.01,7,100
22796,94.76,7,100
22921,87.92,7,100
23044,94.0,7,100
23169,94.75,7,100
23292,101.08,7,100
23420,101.23,7,100
23548,99.83,7,100
23675,88.16,7,100
23798,100.92,7,100
23926,101.82,7,100
24055,102.15,7,100
24183,101.23,7,100
24312,101.02,7,100
24440,101.26,7,100
24568,101.59,7,100
24697,101.58,7,100
24825,101.59,7,100
24954,101.03,7,100
25082,100.83,7,100
25210,100.9,7,100
25339,100.88,7,100
25467,101.0,7,100
25595,100.94,7,100
25724,101.65,7,100
25852,101.25,7,100
25980,101.85,7,100
26109,101.68,7,100
26238,101.75,7,100
26366,101.07,7,100
26494,99.97,7,100
26621,100.12,7,100
26747,90.27,7,100
26871,89.32,7,100
26994,84.54,7,100
27116,90.28,7,100
27240,99.79,7,100
27367,99.7,7,100
27495,99.73,7,100
27623,100.17,7,100
27749,101.27,7,100
27878,100.88,7,100
28006,100.89,7,100
28134,100.84,7,100
28261,91.72,7,100
28386,82.44,7,100
28506,82.06,7,100
28626,81.62,7,100
28747,81.76,7,100
28867,81.58,7,100
28987,81.76,7,100
29108,81.69,7,100
29228,81.78,7,100
29348,82.15,7,100
29469,82.11,7,100
29589,81.78,7,100
29710,81.96,7,100
29830,81.4,7,100
29949,81.04,7,100
30070,85.61,7,100
30192,100.21,7,100
30319,100.19,7,100
30446,99.93,7,100
30572,99.29,7,100
30700,82.9,7,100
30822,82.6,7,100
30943,104.3,7,100
31071,107.61,7,100
31202,107.18,7,100
31333,107.68,7,100
31464,106.16,7,100
31594,104.37,7,100
31724,103.43,7,100
31853,103.56,7,100
31982,103.57,7,100
32112,103.89,7,100
32241,104.19,7,100
32371,102.95,7,100
32500,102.91,7,100
32628,102.57,7,100
32757,83.69,7,100
32879,82.52,7,100
33000,82.52,7,100
33121,84.02,7,100
33243,83.24,7,100
33363,98.14,7,100
33489,102.07,7,100
33618,102.79,7,100
33747,103.05,7,100
33876,103.13,7,100
34007,103.54,7,100
34136,102.91,7,100
34265,101.61,7,100
34393,101.62,7,100
34522,101.5,7,100
34650,94.09,7,100
34776,82.24,7,100
34895,81.88,7,100
35016,81.41,7,100
35136,81.5,7,100
35257,81.59,7,100
35377,81.79,7,100
35497,81.05,7,100
35617,81.04,7,100
35737,81.11,7,100
35857,81.31,7,100
35978,81.29,7,100
36098,81.67,7,100
36218,81.92,7,100
36338,95.3,7,100
36464,104.29,7,100
36593,104.08,7,100
36723,104.03,7,100
36853,105.17,7,100
36983,103.95,7,100
37112,104.89,7,100
37242,103.85,7,100
37371,104.01,7,100
37501,103.9,7,100
37630,104.0,7,100
37761,102.04,7,100
37890,102.87,7,100
38018,103.57,7,100
38148,103.16,7,100
38277,103.09,7,100
38406,102.91,7,100
38535,102.41,7,100
38664,102.36,7,100
38793,103.48,7,100
38925,105.34,7,100
39057,106.02,7,100
39188,105.99,7,100
39320,103.1,7,100
39450,102.96,7,100
39579,103.26,7,100
39708,103.68,7,100
39837,103.19,7,100
39966,103.67,7,100
40096,104.03,7,100
40225,102.94,7,100
40354,102.07,7,100
40483,102.15,7,100
40612,102.14,7,100
40741,101.91,7,100
40869,100.82,7,100
40997,89.57,7,100
41121,86.52,7,100
41243,90.05,7,100
41367,100.24,7,100
41495,100.89,7,100
41624,101.36,7,100
41752,100.69,7,100
41880,100.92,7,100
42009,101.28,7,100
42137,100.97,7,100
42265,101.24,7,100
42394,101.01,7,100
42522,100.9,7,100
42650,100.86,7,100
42778,100.32,7,100
42906,99.91,7,100
43034,99.43,7,100
43162,98.83,7,100
43289,99.02,7,100
43417,99.78,7,100
43544,100.01,7,100
43672,99.71,7,100
43800,99.96,7,100
43928,100.18,7,100
44056,100.28,7,100
44184,100.28,7,100
44312,101.45,7,100
44440,102.6,7,100
44569,101.87,7,100
44698,102.08,7,100
44826,101.73,7,100
44955,101.89,7,100
45084,101.8,7,100
45212,101.88,7,100
45341,102.06,7,100
45469,102.06,7,100
45598,103.07,7,100
45727,101.34,7,100
45856,101.25,7,100
45984,101.35,7,100
46112,101.14,7,100
46241,103.23,7,100
46370,103.03,7,100
46499,101.77,7,100
46628,100.99,7,100
46756,100.92,7,100
46884,100.53,7,100
47012,100.42,7,100
47140,100.47,7,100
47268,101.34,7,100
47397,101.69,7,100
47525,100.73,7,100
47654,99.77,7,100
47781,99.64,7,100
47909,100.08,7,100
48037,100.04,7,100
48165,99.55,7,100
48293,99.6,7,100
48420,99.75,7,100
48548,99.44,7,100
48676,99.37,7,100
48803,99.43,7,100
48931,99.42,7,100
49058,99.31,7,100
49186,99.36,7,100
49313,99.36,7,100
49441,99.36,7,100
49569,99.32,7,100
49696,99.09,7,100
49824,99.21,7,100
49951,99.34,7,100
50079,99.78,7,100
50206,99.82,7,100
50334,99.58,7,100
50462,99.68,7,100
50589,99.51,7,100
50717,99.53,7,100
50845,99.53,7,100
50972,99.71,7,100
51100,99.81,7,100
51228,99.78,7,100
51356,99.42,7,100
51483,99.5,7,100
51611,99.12,7,100
51738,99.69,7,100
51866,99.36,7,100
51994,99.44,7,100
52121,99.61,7,100
52249,99.54,7,100
52377,99.5,7,100
52504,99.44,7,100
52632,99.11,7,100
52759,99.42,7,100
52887,99.42,7,100
53014,99.38,7,100
53142,99.14,7,100
53269,99.38,7,100
53397,99.4,7,100
53525,99.49,7,100
53652,99.38,7,100
53780,99.38,7,100
53907,99.42,7,100
54035,99.84,7,100
54163,100.04,7,100
54291,99.81,7,100
54418,99.52,7,100
54546,99.31,7,100
54674,99.37,7,100
54801,99.59,7,100
54929,99.64,7,100
55056,99.86,7,100
55184,99.89,7,100
55312,99.61,7,100
55440,99.71,7,100
55567,99.88,7,100
55695,99.92,7,100
55823,99.9,7,100
55951,99.81,7,100
56078,99.81,7,100
56206,99.77,7,100
56334,99.78,7,100
56462,99.66,7,100
56589,99.38,7,100
56717,99.54,7,100
56845,99.64,7,100
56972,99.71,7,100
57100,99.56,7,100
57228,99.42,7,100
57355,99.51,7,100
57483,99.44,7,100
57610,99.3,7,100
57738,98.97,7,100
57865,99.19,7,100
57993,99.26,7,100
58120,99.49,7,100
58248,99.64,7,100
58376,99.62,7,100
58503,99.52,7,100
58631,99.35,7,100
58759,99.36,7,100
58886,99.51,7,100
59014,99.48,7,100
59141,99.36,7,100
59269,99.33,7,100
59397,99.48,7,100
59524,99.59,7,100
59652,99.44,7,100
59779,99.37,7,100
59907,99.43,7,100
60035,99.53,7,100
60162,99.49,7,100
60290,99.19,7,100
60417,99.4,7,100
60545,99.49,7,100
60672,99.14,7,100
60800,99.26,7,100
60928,99.08,7,100
61054,98.94,7,100
61181,98.95,7,100
61309,98.91,7,100
61436,98.84,7,100
61564,98.79,7,100
61691,98.87,7,100
61818,98.89,7,100
61946,98.94,7,100
62073,99.03,7,100
62201,98.82,7,100
62328,99.02,7,100
62455,99.21,7,100
62583,99.25,7,100
62710,99.0,7,100
62838,98.94,7,100
62965,98.77,7,100
63092,98.93,7,100
63220,98.98,7,100
63347,99.0,7,100
63475,98.52,7,100
63602,98.8,7,100
63729,98.88,7,100
63857,99.01,7,100
63984,98.9,7,100
64111,98.91,7,100
64239,98.52,7,100
64366,98.6,7,100
64493,97.87,7,100
64620,97.67,7,100
64747,97.98,7,100
64874,98.15,7,100
65001,98.01,7,100
65128,98.51,7,100
65255,98.59,7,100
65383,98.78,7,100
65510,99.14,7,100
65638,98.91,7,100
65765,98.87,7,100
65892,98.46,7,100
66020,98.4,7,100
66147,98.4,7,100
66274,99.02,7,100
66401,98.91,7,100
66529,99.18,7,100
66656,99.33,7,100
66784,99.32,7,100
66911,99.2,7,100
67039,99.2,7,100
67166,98.75,7,100
67294,98.86,7,100
67421,99.42,7,100
67549,99.22,7,100
67676,99.33,7,100
67804,99.49,7,100
67931,99.35,7,100
68059,99.54,7,100
68187,99.61,7,100
68314,99.61,7,100
68442,99.51,7,100
68570,99.53,7,100
68697,99.34,7,100
68825,99.66,7,100
68952,99.83,7,100
69080,99.67,7,100
69208,99.34,7,100
69336,98.8,7,100
69463,98.77,7,100
69590,98.39,7,100
69716,98.38,7,100
69844,98.56,7,100
69971,98.86,7,100
70098,99.16,7,100
70226,99.13,7,100
70353,99.02,7,100
70481,99.3,7,100
70608,99.07,7,100
70736,99.19,7,100
70863,99.24,7,100
70991,99.08,7,100
71118,98.92,7,100
71245,99.03,7,100
71373,99.04,7,100
71500,98.9,7,100
71628,98.8,7,100
71755,99.33,7,100
71883,99.45,7,100
72010,99.32,7,100
72138,98.93,7,100
72265,99.39,7,100
72393,99.41,7,100
72520,99.14,7,100
72648,99.09,7,100
72775,99.18,7,100
72903,98.97,7,100
73030,98.69,7,100
73158,98.76,7,100
73285,98.9,7,100
73412,98.84,7,100
73540,98.79,7,100
73667,98.54,7,100
73794,98.55,7,100
73921,98.37,7,100
74049,98.67,7,100
74176,98.56,7,100
74303,98.74,7,100
74430,98.96,7,100
74558,98.74,7,100
74685,98.67,7,100
74812,98.69,7,100
74940,98.86,7,100
75067,99.36,7,100
75195,99.91,7,100
75322,100.32,7,100
75450,100.32,7,100
75578,100.53,7,100
75706,100.08,7,100
75834,100.25,7,100
75962,100.62,7,100
76090,100.71,7,100
76219,100.24,7,100
76347,99.86,7,100
76474,100.16,7,100
76602,100.22,7,100
76730,100.6,7,100
76858,100.69,7,100
76987,100.7,7,100
77115,100.72,7,100
77243,100.55,7,100
77371,100.11,7,100
77499,100.11,7,100
77627,100.01,7,100
77755,100.17,7,100
77883,100.25,7,100
78011,100.75,7,100
78139,102.27,7,100
78268,101.87,7,100
78396,101.79,7,100
78525,101.46,7,100
78653,101.82,7,100
78782,102.14,7,100
78910,102.6,7,100
79039,101.53,7,100
79168,102.1,7,100
79297,102.14,7,100
79425,101.5,7,100
79554,100.91,7,100
79682,99.82,7,100
79810,99.62,7,100
79938,99.7,7,100
80065,99.71,7,100
80193,99.71,7,100
80321,100.03,7,100
80448,100.06,7,100
80576,99.9,7,100
80704,99.84,7,100
80832,100.01,7,100
80960,100.69,7,100
81088,100.8,7,100
81216,100.54,7,100
81344,100.04,7,100
81472,100.09,7,100
81600,100.89,7,100
81728,100.71,7,100
81856,99.94,7,100
81984,99.76,7,100
82112,99.91,7,100
82240,100.09,7,100
82368,100.53,7,100
82496,100.32,7,100
82624,100.03,7,100
82752,99.94,7,100
82879,99.43,7,100
83007,99.26,7,100
83135,99.49,7,100
83262,99.12,7,100
83390,98.85,7,100
83517,99.34,7,100
83645,99.06,7,100
83772,99.32,7,100
83900,100.05,7,100
84028,100.16,7,100
84155,100.29,7,100
84283,100.26,7,100
84411,100.3,7,100
84539,100.41,7,100
84667,100.35,7,100
84795,100.29,7,100
84923,100.34,7,100
85051,100.38,7,100
85179,100.44,7,100
85308,100.51,7,100
85436,100.51,7,100
85564,100.41,7,100
85692,100.35,7,100
85820,100.43,7,100
85948,100.35,7,100
86076,100.37,7,100
86204,100.88,7,100
86332,100.42,7,100
86460,99.92,7,100
86588,100.18,7,100
86716,100.46,7,100
86844,100.36,7,100
86972,99.72,7,100
87100,99.77,7,100
87227,99.72,7,100
87355,99.9,7,100
87483,99.89,7,100
87611,100.02,7,100
87739,99.99,7,100
87866,99.96,7,100
87994,99.43,7,100
88122,99.19,7,100
88249,99.27,7,100
88377,99.32,7,100
88504,99.78,7,100
88632,99.24,7,100
88760,99.17,7,100
88887,99.47,7,100
89015,100.18,7,100
89143,100.18,7,100
89271,100.14,7,100
89399,100.18,7,100
89527,100.19,7,100
89655,100.18,7,100
89783,101.52,7,100
89911,100.38,7,100
90039,100.15,7,100
90167,100.63,7,100
90295,101.16,7,100
90424,100.24,7,100
90552,100.76,7,100
90680,100.11,7,100
90808,100.08,7,100
90936,100.31,7,100
91064,101.94,7,100
91192,100.6,7,100
91320,99.98,7,100
91448,100.24,7,100
91576,100.22,7,100
91704,100.72,7,100
91832,100.18,7,100
91960,101.11,7,100
92089,100.17,7,100
92217,100.65,7,100
92345,99.64,7,100
92473,100.42,7,100
92601,101.25,7,100
92729,99.54,7,100
92857,99.13,7,100
92984,99.01,7,100
93112,99.06,7,100
93239,99.14,7,100
93366,98.84,7,100
93494,98.56,7,100
93621,98.89,7,100
93748,99.25,7,100
93876,99.18,7,100
94003,99.19,7,100
94131,99.18,7,100
94258,99.19,7,100
94386,98.9,7,100
94513,98.94,7,100
94641,98.85,7,100
94768,98.94,7,100
94896,98.87,7,100
95023,98.86,7,100
95150,99.09,7,100
95278,99.27,7,100
95405,99.57,7,100
95533,99.11,7,100
95660,99.56,7,100
95788,99.49,7,100
95916,99.23,7,100
96043,99.27,7,100
96171,99.08,7,100
96297,99.06,7,100
96425,99.34,7,100
96552,99.1,7,100
96680,99.32,7,100
96807,99.25,7,100
96935,99.16,7,100
97062,99.56,7,100
97190,99.86,7,100
97318,100.58,7,100
97446,101.37,7,100
97574,101.41,7,100
97703,101.1,7,100
97831,100.37,7,100
97959,100.19,7,100
98087,100.06,7,100
98215,99.99,7,100
98343,99.99,7,100
98471,99.99,7,100
98598,99.99,7,100
98726,100.02,7,100
98854,99.97,7,100
98982,99.97,7,100
99110,99.98,7,100
99237,100.05,7,100
99365,99.98,7,100
99493,100.26,7,100
99621,100.21,7,100
99749,100.17,7,100
99877,100.26,7,100
100005,100.8,7,100
100133,101.37,7,100
100262,101.43,7,100
100390,101.34,7,100
100518,100.89,7,100
100647,100.64,7,100
100775,100.34,7,100
100903,100.26,7,100
101031,100.26,7,100
101159,100.27,7,100
101287,100.27,7,100
101415,100.42,7,100
101543,100.17,7,100
101671,100.15,7,100
101799,100.16,7,100
101927,100.16,7,100
102055,100.16,7,100
102183,100.1,7,100
102311,99.98,7,100
102439,100.07,7,100
102567,99.87,7,100
102695,100.14,7,100
102823,100.15,7,100
102950,100.17,7,100
103078,100.23,7,100
103206,100.2,7,100
103334,100.11,7,100
103462,100.04,7,100
103590,99.98,7,100
103718,99.96,7,100
103846,99.85,7,100
103974,99.97,7,100
104102,99.91,7,100
104230,99.53,7,100
104357,99.83,7,100
104485,100.03,7,100
104613,100.05,7,100
104741,99.98,7,100
104869,100.01,7,100
104997,100.04,7,100
105125,100.29,7,100
105253,101.28,7,100
105381,101.86,7,100
105510,102.44,7,100
105639,102.03,7,100
105767,101.73,7,100
105896,101.93,7,100
106025,101.98,7,100
106153,102.02,7,100
106283,102.15,7,100
106412,102.2,7,100
106541,102.27,7,100
106670,103.13,7,100
106799,104.14,7,100
106928,105.31,7,100
107058,102.44,7,100
107188,102.34,7,100
107316,103.57,7,100
107446,102.92,7,100
107575,101.49,7,100
107704,101.42,7,100
107832,101.35,7,100
107961,102.68,7,100
108090,102.08,7,100
108218,102.48,7,100
108347,103.13,7,100
108476,101.74,7,100
108605,101.37,7,100
108734,101.53,7,100
108862,101.5,7,100
108991,100.95,7,100
109119,100.14,7,100
109247,100.33,7,100
109375,100.02,7,100
109503,100.63,7,100
109631,100.71,7,100
109759,99.9,7,100
109887,100.09,7,100
110015,100.23,7,100
110143,100.27,7,100
110271,100.16,7,100
110399,99.77,7,100
110527,99.92,7,100
110655,99.59,7,100
110782,99.6,7,100
110910,99.8,7,100
111038,99.47,7,100
111166,99.58,7,100
111293,99.55,7,100
111421,99.07,7,100
111548,98.93,7,100
111676,99.14,7,100
111803,99.43,7,100
111931,99.24,7,100
112059,99.47,7,100
112186,99.44,7,100
112314,99.9,7,100
112442,99.51,7,100
112569,99.39,7,100
112697,99.39,7,100
112825,99.36,7,100
112952,99.37,7,100
113080,99.18,7,100
113207,99.04,7,100
113335,99.31,7,100
113463,99.5,7,100
113590,99.47,7,100
113718,98.96,7,100
113845,98.79,7,100
113973,98.75,7,100
114100,98.71,7,100
114228,98.89,7,100
114355,99.02,7,100
114482,98.75,7,100
114610,98.93,7,100
114737,99.3,7,100
114865,98.72,7,100
114992,98.55,7,100
115120,98.55,7,100
115247,98.66,7,100
115374,98.46,7,100
115501,98.4,7,100
115629,98.43,7,100
115756,98.57,7,100
115883,98.79,7,100
116011,98.84,7,100
116137,98.89,7,100
116264,98.81,7,100
116392,98.63,7,100
116519,98.6,7,100
116647,98.74,7,100
116774,98.64,7,100
116901,98.67,7,100
117029,98.51,7,100
117156,98.25,7,100
117283,97.93,7,100
117410,98.05,7,100
117537,98.27,7,100
117664,98.63,7,100
117792,98.69,7,100
117919,98.71,7,100
118047,98.93,7,100
118174,99.34,7,100
118302,99.19,7,100
118429,99.25,7,100
118557,98.97,7,100
118684,98.48,7,100
118811,98.44,7,100
118939,98.5,7,100
119066,98.46,7,100
119193,98.49,7,100
119320,98.58,7,100
119448,98.56,7,100
119575,98.44,7,100
119702,98.35,7,100
119830,98.21,7,100
119957,98.33,7,100
120084,98.51,7,100
120211,98.61,7,100
120339,98.66,7,100
120466,98.85,7,100
120593,99.0,7,100
120721,98.67,7,100
120848,98.92,7,100
120976,98.83,7,100
121103,99.03,7,100
121230,99.04,7,100
121358,98.81,7,100
121485,98.92,7,100
121613,99.05,7,100
121740,99.08,7,100
121868,99.08,7,100
121995,99.07,7,100
122123,99.12,7,100
122250,98.89,7,100
122378,98.82,7,100
122505,98.8,7,100
122632,99.18,7,100
122760,99.07,7,100
122887,99.09,7,100
123015,99.06,7,100
123142,99.11,7,100
123270,99.09,7,100
123397,99.1,7,100
123525,99.02,7,100
123652,99.02,7,100
123780,98.99,7,100
123907,98.91,7,100
124035,98.96,7,100
124162,99.02,7,100
124290,99.03,7,100
124417,99.13,7,100
124545,99.18,7,100
124672,98.99,7,100
124800,99.03,7,100
124926,98.89,7,100
125053,98.87,7,100
125181,98.91,7,100
125308,98.91,7,100
125436,98.97,7,100
125563,99.07,7,100
125691,98.95,7,100
125818,98.92,7,100
125946,98.76,7,100
126073,98.82,7,100
126200,98.97,7,100
126328,99.0,7,100
126455,99.0,7,100
126583,98.92,7,100
126710,98.79,7,100
126838,98.49,7,100
126965,98.51,7,100
127092,98.02,7,100
127219,98.47,7,100
127346,98.51,7,100
127474,98.88,7,100
127601,98.98,7,100
127729,98.65,7,100
127856,98.8,7,100
127983,98.98,7,100
128111,98.99,7,100
128238,98.98,7,100
128366,98.99,7,100
128493,98.83,7,100
128621,98.93,7,100
128748,98.97,7,100
128875,98.66,7,100
129003,98.74,7,100
129130,98.72,7,100
129257,98.74,7,100
129385,99.01,7,100
129512,99.11,7,100
129640,99.27,7,100
129767,99.25,7,100
129895,99.27,7,100
130022,99.26,7,100
130150,98.97,7,100
130277,98.86,7,100
130405,98.63,7,100
130532,99.0,7,100
130660,98.87,7,100
130787,98.95,7,100
130915,98.84,7,100
131042,99.21,7,100
131169,99.35,7,100
131297,99.44,7,100
131425,99.44,7,100
131552,99.44,7,100
131680,99.34,7,100
131808,99.19,7,100
131935,99.17,7,100
132063,99.26,7,100
132190,99.26,7,100
132318,99.27,7,100
132445,99.29,7,100
132573,99.14,7,100
132701,98.66,7,100
132828,98.95,7,100
132955,98.89,7,100
133083,98.97,7,100
133210,98.66,7,100
133338,99.15,7,100
133465,99.26,7,100
133593,99.35,7,100
133720,99.37,7,100
133848,99.31,7,100
133975,99.3,7,100
134103,99.31,7,100
134231,99.59,7,100
134358,99.55,7,100
134486,99.35,7,100
134614,99.35,7,100
134740,99.29,7,100
134868,99.1,7,100
134995,98.88,7,100
135123,98.98,7,100
135250,98.96,7,100
135378,99.17,7,100
135505,99.26,7,100
135633,99.31,7,100
135760,99.38,7,100
135888,99.45,7,100
136016,99.46,7,100
136143,99.44,7,100
136271,99.44,7,100
136399,99.46,7,100
136526,99.41,7,100
136654,99.23,7,100
136781,99.15,7,100
136909,99.09,7,100
137037,99.11,7,100
137164,99.12,7,100
137292,99.23,7,100
137419,99.26,7,100
137547,99.3,7,100
137674,99.34,7,100
137802,99.33,7,100
137930,99.25,7,100
138057,98.95,7,100
138185,99.01,7,100
138312,99.02,7,100
138439,99.03,7,100
138567,99.0,7,100
138694,98.97,7,100
138822,99.08,7,100
138949,99.17,7,100
139077,99.27,7,100
139204,99.37,7,100
139332,99.46,7,100
139460,99.45,7,100
139587,99.47,7,100
139715,99.46,7,100
139843,99.45,7,100
139970,99.45,7,100
140098,99.41,7,100
140226,99.3,7,100
140353,99.26,7,100
140481,99.25,7,100
140608,99.28,7,100
140736,99.25,7,100
140864,99.28,7,100
140991,99.27,7,100
141119,99.19,7,100
141246,99.27,7,100
141374,99.18,7,100
141501,99.09,7,100
141629,98.93,7,100
141756,99.09,7,100
141884,99.13,7,100
142011,99.16,7,100
142139,99.37,7,100
142266,99.45,7,100
142394,99.45,7,100
142522,99.24,7,100
142649,99.41,7,100
142777,99.04,7,100
142904,99.15,7,100
143032,99.15,7,100
143159,99.11,7,100
143287,98.8,7,100
143414,98.97,7,100
143542,99.36,7,100
143669,99.48,7,100
143797,99.51,7,100
143925,99.47,7,100
144052,99.85,7,100
144180,99.9,7,100
144308,100.27,7,100
144436,100.62,7,100
144564,100.54,7,100
144692,100.35,7,100
144820,100.63,7,100
144948,100.81,7,100
145077,100.87,7,100
145205,100.74,7,100
145333,100.72,7,100
145462,100.79,7,100
145590,101.09,7,100
145718,101.21,7,100
145847,101.17,7,100
145975,100.92,7,100
146103,100.69,7,100
146231,100.73,7,100
146360,101.17,7,100
146488,101.15,7,100
146616,101.17,7,100
146745,101.17,7,100
146873,101.15,7,100
147002,100.81,7,100
147130,100.73,7,100
147258,101.0,7,100
147386,101.0,7,100
147515,101.07,7,100
147643,101.14,7,100
147771,100.87,7,100
147900,100.73,7,100
148028,101.15,7,100
148156,101.15,7,100
148285,100.81,7,100
148413,100.7,7,100
148541,100.71,7,100
148669,101.0,7,100
148797,101.35,7,100
148926,101.38,7,100
149054,101.52,7,100
149183,101.32,7,100
149311,101.43,7,100
149440,101.28,7,100
149568,101.36,7,100
149697,101.32,7,100
149825,101.32,7,100
149954,101.61,7,100
150082,101.38,7,100
150211,101.26,7,100
150339,101.2,7,100
150468,100.8,7,100
150596,100.57,7,100
150724,100.95,7,100
150852,101.24,7,100
150981,101.24,7,100
151109,101.59,7,100
151238,101.7,7,100
151366,101.77,7,100
151495,101.81,7,100
151624,102.16,7,100
151752,101.88,7,100
151881,101.99,7,100
152010,101.77,7,100
152138,101.8,7,100
152267,101.78,7,100
152396,101.36,7,100
152524,101.32,7,100
152653,101.25,7,100
152781,101.23,7,100
152909,101.24,7,100
153038,101.31,7,100
153166,101.32,7,100
153295,101.34,7,100
153423,101.52,7,100
153552,101.78,7,100
153680,101.64,7,100
153809,101.79,7,100
153937,101.8,7,100
154066,101.62,7,100
154195,101.77,7,100
154323,101.76,7,100
154452,101.68,7,100
154580,101.79,7,100
154710,101.77,7,100
154839,101.77,7,100
154967,101.7,7,100
155096,101.33,7,100
155224,101.28,7,100
155353,101.24,7,100
155481,101.23,7,100
155610,101.27,7,100
155738,101.47,7,100
155866,101.51,7,100
155995,101.77,7,100
156124,101.77,7,100
156252,101.77,7,100
156381,101.78,7,100
156509,101.69,7,100
156638,101.33,7,100
156767,101.52,7,100
156895,101.69,7,100
157024,101.77,7,100
157152,101.44,7,100
157281,101.33,7,100
157409,101.69,7,100
157538,101.44,7,100
157666,101.35,7,100
157795,101.29,7,100
157923,101.39,7,100
158052,101.53,7,100
158180,101.35,7,100
158309,101.68,7,100
158437,101.8,7,100
158566,101.88,7,100
158695,102.16,7,100
158823,102.32,7,100
158952,102.32,7,100
159081,101.89,7,100
159210,102.1,7,100
159339,101.7,7,100
159467,101.22,7,100
159596,101.23,7,100
159724,101.29,7,100
159852,101.33,7,100
159981,101.32,7,100
160109,101.2,7,100
160238,101.43,7,100
160366,101.51,7,100
160495,101.74,7,100
160623,101.61,7,100
160752,101.53,7,100
160880,101.88,7,100
161009,101.85,7,100
161138,101.86,7,100
161266,101.8,7,100
161395,101.44,7,100
161524,101.64,7,100
161652,101.86,7,100
161781,102.17,7,100
161909,102.32,7,100
162038,101.71,7,100
162167,101.43,7,100
162295,101.43,7,100
162424,101.53,7,100
162552,101.71,7,100
162681,102.02,7,100
162810,102.15,7,100
162939,102.31,7,100
163067,101.96,7,100
163196,101.72,7,100
163325,101.89,7,100
163453,101.73,7,100
163582,101.73,7,100
163712,101.64,7,100
163840,101.73,7,100
163969,101.73,7,100
164097,101.95,7,100
164226,102.31,7,100
164355,102.34,7,100
164484,102.32,7,100
164613,102.17,7,100
164742,101.84,7,100
164870,102.34,7,100
164999,101.61,7,100
165128,101.44,7,100
165256,101.43,7,100
165385,101.44,7,100
165513,101.64,7,100
165642,101.63,7,100
165770,101.51,7,100
165899,101.32,7,100
166027,101.33,7,100
166156,101.34,7,100
166284,101.31,7,100
166413,101.39,7,100
166541,101.61,7,100
166670,101.27,7,100
166798,101.36,7,100
166927,101.35,7,100
167055,100.87,7,100
167183,101.32,7,100
167312,101.0,7,100
167440,101.22,7,100
167568,101.7,7,100
167697,101.57,7,100
167826,101.75,7,100
167954,101.45,7,100
168083,100.96,7,100
168211,100.98,7,100
168339,100.85,7,100
168468,100.78,7,100
168596,100.82,7,100
168724,100.84,7,100
168852,100.84,7,100
168981,101.23,7,100
169109,101.47,7,100
169237,101.85,7,100
169366,101.6,7,100
169495,101.43,7,100
169623,101.85,7,100
169752,101.85,7,100
169880,101.83,7,100
170009,101.58,7,100
170138,100.97,7,100
170266,100.52,7,100
170394,100.49,7,100
170522,100.65,7,100
170650,100.87,7,100
170779,100.96,7,100
170907,101.03,7,100
171035,101.34,7,100
171164,101.32,7,100
171292,101.33,7,100
171421,101.35,7,100
171549,101.63,7,100
171678,101.86,7,100
171806,101.88,7,100
171935,101.87,7,100
172064,101.92,7,100
172192,102.05,7,100
172321,101.95,7,100
172450,101.87,7,100
172579,101.86,7,100
172707,101.85,7,100
172836,101.86,7,100
172964,101.58,7,100
173093,101.7,7,100
173222,101.48,7,100
173350,101.33,7,100
173479,101.34,7,100
173607,101.56,7,100
173736,101.43,7,100
173864,101.41,7,100
173993,101.41,7,100
174121,101.42,7,100
174251,101.43,7,100
174379,101.34,7,100
174507,101.46,7,100
174636,101.77,7,100
174765,101.75,7,100
174893,101.86,7,100
175022,101.86,7,100
175151,102.06,7,100
175279,102.06,7,100
175408,101.87,7,100
175537,102.16,7,100
175666,102.32,7,100
175794,102.08,7,100
175923,102.14,7,100
176052,102.32,7,100
176181,102.62,7,100
176310,102.77,7,100
176439,103.04,7,100
176568,102.78,7,100
176697,102.43,7,100
176826,102.22,7,100
176955,101.99,7,100
177083,102.33,7,100
177212,102.33,7,100
177341,102.54,7,100
177470,102.59,7,100
177599,102.76,7,100
177728,102.71,7,100
177857,102.78,7,100
177986,102.57,7,100
178115,102.4,7,100
178244,102.61,7,100
178373,102.76,7,100
178502,102.88,7,100
178631,102.87,7,100
178760,102.67,7,100
178889,102.73,7,100
179018,103.02,7,100
179147,102.87,7,100
179276,103.04,7,100
179405,103.22,7,100
179534,103.31,7,100
179664,103.32,7,100
179793,103.31,7,100
179922,103.31,7,100
180051,103.3,7,100
180182,103.3,7,100
180311,103.31,7,100
180440,103.31,7,100
180569,103.31,7,100
180698,103.32,7,100
180828,103.3,7,100
180957,103.32,7,100
181086,103.31,7,100
181215,103.31,7,100
181345,103.32,7,100
181474,103.39,7,100
181603,103.25,7,100
181733,103.24,7,100
181862,102.79,7,100
181991,102.98,7,100
182120,102.8,7,100
182249,102.96,7,100
182378,102.99,7,100
182507,102.86,7,100
182636,102.97,7,100
182765,103.23,7,100
182895,102.88,7,100
183024,102.69,7,100
183153,102.34,7,100
183282,101.96,7,100
183410,101.98,7,100
183539,101.96,7,100
183668,101.95,7,100
183796,101.92,7,100
183925,101.7,7,100
184054,101.8,7,100
184182,101.97,7,100
184311,102.23,7,100
184440,102.84,7,100
184569,102.31,7,100
184698,101.91,7,100
184827,101.71,7,100
184955,101.78,7,100
185084,101.81,7,100
185212,101.99,7,100
185341,101.97,7,100
185470,101.96,7,100
185598,101.94,7,100
185728,102.0,7,100
185857,101.88,7,100
185986,101.42,7,100
186114,101.42,7,100
186243,101.44,7,100
186371,101.41,7,100
186499,101.41,7,100
186628,101.22,7,100
186756,101.39,7,100
186885,101.4,7,100
187013,101.41,7,100
187142,101.86,7,100
187270,102.39,7,100
187399,101.99,7,100
187528,101.87,7,100
187657,101.37,7,100
187785,101.04,7,100
187914,100.85,7,100
188042,100.15,7,100
188170,99.99,7,100
188298,99.85,7,100
188426,99.83,7,100
188553,99.92,7,100
188681,100.05,7,100
188809,100.21,7,100
188937,100.65,7,100
189065,100.54,7,100
189193,100.73,7,100
189322,100.74,7,100
189450,100.81,7,100
189578,101.01,7,100
189706,101.18,7,100
189835,101.02,7,100
189963,100.78,7,100
190091,100.34,7,100
190219,100.21,7,100
190348,100.34,7,100
190476,100.66,7,100
190604,100.88,7,100
190732,101.39,7,100
190860,101.6,7,100
190989,101.46,7,100
191118,100.91,7,100
191246,100.86,7,100
191374,100.88,7,100
191503,100.88,7,100
191631,100.87,7,100
191759,100.85,7,100
191887,100.64,7,100
192015,100.66,7,100
192144,100.77,7,100
192272,100.86,7,100
192400,100.87,7,100
192528,100.79,7,100
192657,100.29,7,100
192785,100.35,7,100
192913,100.86,7,100
193041,101.05,7,100
193169,100.8,7,100
193298,101.25,7,100
193426,101.16,7,100
193554,100.56,7,100
193683,100.2,7,100
193811,100.01,7,100
193939,99.95,7,100
194066,99.93,7,100
194194,99.64,7,100
194322,99.73,7,100
194450,99.73,7,100
194578,99.57,7,100
194705,99.54,7,100
194833,99.55,7,100
194961,99.52,7,100
195088,99.5,7,100
195216,99.69,7,100
195344,99.65,7,100
195471,99.63,7,100
195599,99.63,7,100
195727,99.68,7,100
195855,99.63,7,100
195982,99.64,7,100
196110,99.67,7,100
196238,99.72,7,100
196366,99.63,7,100
196493,99.63,7,100
196621,99.63,7,100
196749,99.23,7,100
196876,99.27,7,100
197004,99.25,7,100
197131,99.13,7,100
197259,99.24,7,100
197387,99.34,7,100
197514,99.22,7,100
197642,98.78,7,100
197769,98.38,7,100
197896,98.57,7,100
198024,98.56,7,100
198151,98.11,7,100
198278,98.24,7,100
198405,98.91,7,100
198533,99.12,7,100
198660,99.16,7,100
198788,98.95,7,100
198915,98.21,7,100
199042,98.15,7,100
199169,98.72,7,100
199297,98.97,7,100
199424,98.89,7,100
199552,98.95,7,100
199678,98.87,7,100
199805,98.96,7,100
199933,98.98,7,100
200060,98.92,7,100
200188,98.93,7,100
200315,98.67,7,100
200443,99.3,7,100
200570,99.22,7,100
200698,99.12,7,100
200825,99.17,7,100
200953,99.21,7,100
201080,99.15,7,100
201208,98.96,7,100
201335,98.75,7,100
201463,99.09,7,100
201590,99.08,7,100
201718,99.09,7,100
201845,99.12,7,100
201973,99.45,7,100
202100,99.42,7,100
202228,99.36,7,100
202356,99.39,7,100
202483,99.42,7,100
202611,99.27,7,100
202739,99.27,7,100
202866,99.09,7,100
202994,99.11,7,100
203121,99.05,7,100
203249,99.02,7,100
203376,99.04,7,100
203504,99.36,7,100
203631,99.81,7,100
203759,99.99,7,100
203887,99.85,7,100
204015,99.94,7,100
204143,99.35,7,100
204270,99.22,7,100
204398,99.28,7,100
204525,99.37,7,100
204653,99.58,7,100
204781,99.26,7,100
204908,99.16,7,100
205036,99.08,7,100
205163,99.12,7,100
205291,99.48,7,100
205419,99.7,7,100
205546,99.83,7,100
205674,99.84,7,100
205802,99.67,7,100
205930,99.28,7,100
206057,99.4,7,100
206185,99.61,7,100
206313,99.4,7,100
206440,99.53,7,100
206568,99.39,7,100
206695,98.96,7,100
206823,99.03,7,100
206950,99.03,7,100
207078,99.02,7,100
207205,99.25,7,100
207333,99.53,7,100
207461,99.61,7,100
207588,99.62,7,100
207716,99.61,7,100
207844,99.17,7,100
207971,99.09,7,100
208099,98.98,7,100
208226,99.01,7,100
208354,99.0,7,100
208481,99.08,7,100
208609,99.18,7,100
208736,99.11,7,100
208864,99.3,7,100
208991,99.0,7,100
209119,99.24,7,100
209247,99.15,7,100
209374,98.88,7,100
209501,98.84,7,100
209629,98.84,7,100
209756,98.84,7,100
209884,98.85,7,100
210011,98.8,7,100
210139,98.81,7,100
210266,98.9,7,100
210393,98.99,7,100
210521,98.56,7,100
210648,98.81,7,100
210776,98.73,7,100
210903,98.92,7,100
211030,98.81,7,100
211158,99.09,7,100
211284,99.06,7,100
211412,98.97,7,100
211539,98.9,7,100
211667,98.96,7,100
211794,98.72,7,100
211921,98.37,7,100
212049,98.66,7,100
212176,98.67,7,100
212303,98.76,7,100
212431,98.88,7,100
212558,98.9,7,100
212686,98.93,7,100
212813,98.99,7,100
212940,99.03,7,100
213068,98.93,7,100
213195,98.86,7,100
213323,98.76,7,100
213450,98.63,7,100
213578,98.71,7,100
213705,98.98,7,100
213832,99.18,7,100
213960,99.17,7,100
214087,99.28,7,100
214215,99.21,7,100
214343,99.0,7,100
214470,98.98,7,100
214598,99.02,7,100
214725,99.02,7,100
214852,99.67,7,100
214980,100.03,7,100
215108,100.15,7,100
215236,100.05,7,100
215364,100.02,7,100
215492,100.08,7,100
215620,99.8,7,100
215748,99.64,7,100
215875,99.48,7,100
216003,99.48,7,100
216131,100.03,7,100
216259,100.08,7,100
216387,100.06,7,100
216515,100.08,7,100
216642,99.98,7,100
216770,99.75,7,100
216898,99.58,7,100
217026,99.64,7,100
217154,99.7,7,100
217281,99.92,7,100
217409,100.05,7,100
217537,100.16,7,100
217665,100.61,7,100
217793,100.62,7,100
217921,100.58,7,100
218049,100.05,7,100
218177,99.83,7,100
218305,99.9,7,100
218433,100.12,7,100
218561,100.6,7,100
218689,101.07,7,100
218817,102.14,7,100
218946,102.44,7,100
219075,101.98,7,100
219204,101.96,7,100
219332,101.6,7,100
219461,101.08,7,100
219589,101.08,7,100
219718,101.27,7,100
219846,100.97,7,100
219975,101.05,7,100
220103,101.06,7,100
220231,101.06,7,100
220360,101.1,7,100
220488,100.89,7,100
220616,100.56,7,100
220744,100.29,7,100
220872,100.28,7,100
221000,99.82,7,100
221128,99.81,7,100
221256,99.81,7,100
221384,99.82,7,100
221512,99.66,7,100
221639,99.82,7,100
221767,99.89,7,100
221895,100.18,7,100
222023,99.9,7,100
222151,99.62,7,100
222278,99.38,7,100
222406,99.11,7,100
222534,99.25,7,100
222661,99.01,7,100
222789,99.04,7,100
222916,99.22,7,100
223044,99.16,7,100
223171,99.02,7,100
223299,99.37,7,100
223426,99.46,7,100
223554,99.45,7,100
223682,99.45,7,100
223809,99.47,7,100
223937,99.45,7,100
224065,99.26,7,100
224192,98.98,7,100
224320,99.27,7,100
224447,99.11,7,100
224575,98.91,7,100
224702,98.91,7,100
224830,99.36,7,100
224957,99.43,7,100
225085,99.45,7,100
225213,99.53,7,100
225340,99.52,7,100
225468,99.62,7,100
225596,99.63,7,100
225723,99.63,7,100
225851,99.62,7,100
225979,99.62,7,100
226106,99.69,7,100
226234,99.75,7,100
226362,99.82,7,100
226490,99.9,7,100
226618,99.97,7,100
226745,100.13,7,100
226873,100.19,7,100
227001,100.54,7,100
227130,100.55,7,100
227258,100.91,7,100
227386,101.15,7,100
227514,101.65,7,100
227643,101.68,7,100
227771,101.54,7,100
227900,100.89,7,100
228028,100.64,7,100
228157,100.6,7,100
228285,100.63,7,100
228413,100.59,7,100
228541,100.52,7,100
228669,100.33,7,100
228797,100.42,7,100
228925,100.39,7,100
229053,100.42,7,100
229181,100.08,7,100
229309,100.07,7,100
229437,100.03,7,100
229565,100.0,7,100
229693,99.99,7,100
229821,100.05,7,100
229949,100.09,7,100
230077,100.26,7,100
230205,100.09,7,100
230333,100.03,7,100
230461,99.97,7,100
230589,99.92,7,100
230717,99.97,7,100
230844,100.11,7,100
230972,100.08,7,100
231100,100.06,7,100
231228,100.05,7,100
231356,99.99,7,100
231484,99.99,7,100
231612,100.0,7,100
231740,99.99,7,100
231868,99.98,7,100
231996,99.82,7,100
232123,99.91,7,100
232251,99.99,7,100
232379,100.04,7,100
232507,100.07,7,100
232635,100.04,7,100
232763,99.95,7,100
232891,99.9,7,100
233019,99.94,7,100
233146,99.87,7,100
233274,99.8,7,100
233402,99.56,7,100
233530,99.27,7,100
233657,99.28,7,100
233785,99.25,7,100
233913,99.19,7,100
234040,99.16,7,100
234168,99.26,7,100
234295,99.31,7,100
234423,99.37,7,100
234550,99.3,7,100
234678,99.63,7,100
234806,99.54,7,100
234934,99.53,7,100
235061,99.52,7,100
235189,99.35,7,100
235317,99.5,7,100
235444,99.52,7,100
235572,99.6,7,100
235700,99.4,7,100
235827,99.26,7,100
235955,99.29,7,100
236082,99.31,7,100
236210,99.57,7,100
236338,99.82,7,100
236466,99.82,7,100
236593,99.38,7,100
236721,99.36,7,100
236849,99.73,7,100
236976,99.4,7,100
237104,99.34,7,100
237232,99.58,7,100
237359,99.58,7,100
237487,99.34,7,100
237615,99.07,7,100
237742,98.92,7,100
237870,99.02,7,100
237997,99.36,7,100
238125,99.34,7,100
238252,99.38,7,100
238380,99.44,7,100
238507,99.51,7,100
238635,99.45,7,100
238763,99.52,7,100
238891,99.49,7,100
239017,99.1,7,100
239145,99.03,7,100
239272,99.09,7,100
239400,99.1,7,100
239527,99.1,7,100
239655,99.18,7,100
239782,98.9,7,100
239910,99.17,7,100
240037,99.53,7,100
240165,99.4,7,100
240293,99.43,7,100
240420,99.47,7,100
240548,99.42,7,100
240676,99.44,7,100
240803,99.53,7,100
240931,99.53,7,100
241059,99.51,7,100
241186,99.53,7,100
241314,99.6,7,100
241442,99.63,7,100
241569,99.69,7,100
241697,99.49,7,100
241825,99.29,7,100
241952,99.36,7,100
242080,99.24,7,100
242208,99.2,7,100
242335,99.17,7,100
242463,99.1,7,100
242590,99.08,7,100
242718,99.04,7,100
242845,98.99,7,100
242973,99.0,7,100
243100,98.99,7,100
243228,99.0,7,100
243355,99.0,7,100
243483,99.09,7,100
243610,99.26,7,100
243738,99.45,7,100
243865,99.45,7,100
243993,99.62,7,100
244121,99.69,7,100
244248,99.81,7,100
244376,99.84,7,100
244504,99.9,7,100
244632,99.99,7,100
244760,100.04,7,100
244888,100.08,7,100
245015,100.08,7,100
245143,100.08,7,100
245271,100.09,7,100
245399,100.13,7,100
245527,100.23,7,100
245655,100.58,7,100
245783,100.62,7,100
245912,100.62,7,100
246040,100.8,7,100
246168,101.13,7,100
246296,101.19,7,100
246425,101.24,7,100
246553,101.23,7,100
246682,101.22,7,100
246810,101.47,7,100
246938,101.69,7,100
247067,101.7,7,100
247196,101.71,7,100
247324,101.34,7,100
247453,101.25,7,100
247581,101.25,7,100
247709,101.7,7,100
247838,101.68,7,100
247967,101.7,7,100
248095,101.32,7,100
248224,101.36,7,100
248352,101.33,7,100
248481,101.34,7,100
248609,101.64,7,100
248738,101.46,7,100
248866,101.86,7,100
248995,101.86,7,100
249123,102.26,7,100
249252,102.34,7,100
249381,102.23,7,100
249510,102.25,7,100
249639,102.5,7,100
249768,102.25,7,100
249897,101.8,7,100
250025,101.35,7,100
250155,101.77,7,100
250283,101.81,7,100
250412,101.78,7,100
250541,101.87,7,100
250669,101.79,7,100
250798,101.69,7,100
250927,101.36,7,100
251055,101.32,7,100
251183,101.34,7,100
251312,101.52,7,100
251440,101.8,7,100
251569,102.14,7,100
251698,102.43,7,100
251827,102.26,7,100
251956,102.7,7,100
252085,102.68,7,100
252213,102.67,7,100
252343,102.67,7,100
252471,102.69,7,100
252600,102.67,7,100
252729,102.33,7,100
252858,102.25,7,100
252987,102.33,7,100
253116,102.68,7,100
253245,102.68,7,100
253374,102.68,7,100
253503,102.86,7,100
